Area,Bedrooms,Bathrooms,Floors,YearBuilt,Garage,LocationScore,Price
1660,1,2,2,2010,1,3,369758.175804793
4572,5,3,2,1951,1,7,1011357.77229937
3892,4,1,1,1982,0,4,842272.325222774
1266,1,2,2,2021,0,10,288673.317498499
4244,4,3,2,2011,0,7,852445.37356071
3971,1,2,1,2008,0,9,871019.225041177
3719,5,1,1,1989,1,5,873667.223679064
930,2,1,1,1998,1,1,213690.003509857
2485,3,1,1,1981,1,5,535333.665777031
1569,2,1,2,1987,0,6,353372.486940244
3191,5,1,2,1962,1,2,709512.402906781
3233,1,2,2,2003,0,8,715487.964429074
1984,2,1,2,1962,1,2,444165.986041126
4185,5,1,2,1988,0,9,899184.429240721
4917,4,3,2,1972,1,2,1026439.76373605
3704,3,1,1,1963,1,3,821440.854620492
1274,2,3,2,1966,0,8,328787.781029106
1882,1,3,2,1973,1,6,460913.996952296
3358,4,3,2,2007,1,1,720395.331231973
2847,5,2,1,2012,0,4,687360.922488208
3547,3,2,1,1983,1,5,735807.637323569
1775,1,3,2,2000,1,3,421740.025535037
2606,5,2,1,1959,1,1,551460.430820077
989,5,1,1,2021,1,3,257041.715457538
3534,2,2,2,1970,0,9,802825.573261199
3805,2,1,2,1986,0,2,812784.1063619
2699,1,1,2,1956,1,1,559144.48961282
2067,5,2,1,1962,0,7,481429.073929458
2328,2,2,1,1979,1,7,534115.552770886
4002,3,3,2,1980,0,5,873253.524769018
4356,3,2,1,1954,1,2,963489.484567068
4690,5,2,1,1981,1,1,1004594.14988479
1446,2,2,1,1965,0,5,293905.37341282
3688,1,1,2,2022,1,10,801524.215676219
3235,1,1,2,1971,1,4,677564.22906229
1400,1,1,2,2013,1,9,304484.157381289
3163,3,3,2,1993,1,5,715041.72288282
2861,2,3,2,1989,0,10,631872.15614768
1041,2,3,1,1986,0,2,256862.805161745
2841,3,1,1,1965,0,4,592838.894995321
3624,1,2,1,1992,0,9,783967.763258138
3412,1,3,1,2012,1,8,713472.545081126
2163,5,3,1,1964,1,3,500906.715257585
2278,4,1,1,1993,1,8,533527.144222818
3356,2,3,2,1958,1,2,770745.460373993
1575,2,2,2,2014,0,3,373620.634213712
4814,2,1,1,1993,0,5,1029729.8126067
834,4,1,2,1969,0,10,277226.925833579
3952,5,2,1,2019,1,10,985470.803395272
2755,4,2,1,2023,1,8,641039.726688961
2385,1,2,2,1982,1,1,550510.023078246
4743,1,3,2,1955,1,4,1025915.88136005
3873,2,2,1,1980,0,1,832500.812582688
1821,3,1,2,2015,0,1,446555.990451005
4261,2,2,1,1967,0,5,886717.174225388
3413,3,1,1,1977,1,6,738132.874401591
4643,4,1,1,2017,0,1,984594.137837047
2300,1,3,1,2014,1,6,513432.505701953
961,3,2,1,1994,0,5,255162.521324954
2781,4,3,2,2007,0,4,662268.719626325
1795,1,2,1,1996,1,10,412046.331932343
4142,3,2,2,2015,1,5,890783.025935157
4598,2,2,1,2001,1,8,992957.775088164
2075,2,2,2,1985,0,9,466292.039349371
1816,2,2,1,1950,0,2,351349.854299663
1137,4,1,2,1988,0,6,275896.808932527
1678,2,1,1,1950,0,3,386784.331055938
1876,5,2,1,2023,1,2,492138.668773316
4793,1,1,2,1963,0,1,947734.535811557
1179,4,3,2,2020,1,4,288817.940019229
1292,2,3,2,1972,0,8,318155.845067933
2862,1,3,2,1992,1,3,569510.123378054
4684,3,2,2,1971,1,5,995675.744925322
864,2,2,2,2009,0,10,189398.948511215
3368,1,1,1,1976,0,5,737826.532496062
2827,5,1,1,2005,1,5,631166.72114124
3495,3,1,1,1951,0,9,802320.854658476
2295,5,3,2,1988,1,8,590838.033836459
1191,1,3,2,2000,0,8,271042.067557565
4361,5,3,2,1968,0,1,913401.009078848
3078,1,3,1,2011,0,1,638761.35627081
3899,1,1,2,2020,0,2,798183.834393545
1000,5,2,1,2016,0,8,292653.67359881
3904,1,2,2,2012,1,10,826386.417761746
3254,2,3,2,1954,0,1,707459.871838055
4445,1,2,2,2021,1,4,942633.201374998
1604,4,2,1,2010,1,9,404290.121082103
3531,1,2,2,2020,1,2,729398.983614549
3573,4,3,1,1956,0,3,773977.875422533
2370,1,1,2,1999,1,6,501577.468704311
3490,1,1,2,1995,1,10,759460.96737209
4640,5,2,2,2021,1,3,1014135.9671305
1828,2,1,2,2023,1,4,424142.682086909
1302,2,1,1,1963,1,9,371556.060241796
1670,3,3,2,2022,1,9,417688.882007511
1006,5,3,1,2018,0,10,321314.946678112
2284,5,2,2,2014,1,5,552539.684924393
1663,2,2,2,2014,1,7,392643.892452539
3590,5,2,2,2006,0,9,802021.018251219
1363,2,3,1,2011,1,8,345129.339770799
4991,5,1,2,1969,0,7,1081194.19269321
2557,1,3,1,1975,0,8,536416.980869526
2478,2,3,1,1993,1,5,523966.490413876
4042,2,1,2,2016,1,5,879757.434836857
1859,4,1,1,2019,0,5,454253.095814532
2522,5,2,2,2011,0,1,586040.89582007
4114,5,1,1,1994,0,6,899674.300463912
3957,2,1,1,1960,0,5,850580.615686332
3425,1,1,1,2021,1,8,756835.725650429
3529,1,1,1,2023,0,8,764490.733973874
2397,1,2,2,1983,0,2,483911.479466447
3860,5,2,1,1995,0,6,822576.205071134
3493,4,1,2,1981,1,10,778885.768831193
4427,2,1,1,1954,0,10,939965.397261434
2163,3,2,2,2012,0,6,484551.971821693
2781,4,2,2,1978,1,3,583282.741716553
2463,3,1,1,1997,1,1,588642.315303379
2329,4,3,1,1965,0,7,534948.850277857
2838,1,2,2,1974,0,10,621917.610414424
4102,5,2,1,2021,0,5,926513.724769076
3037,3,2,1,1978,1,10,633775.69326197
2106,4,1,1,2001,1,5,483407.653202207
4829,5,1,1,1995,0,8,1035122.06816051
3475,3,2,1,1974,0,5,741592.248863734
2082,2,1,1,1972,0,5,452062.835232151
1509,4,1,1,1983,1,1,400978.369961121
4548,2,2,1,2016,0,2,962436.471893181
1463,1,1,1,1983,0,5,346550.881715721
2798,2,3,2,1981,1,7,631778.006795273
4245,2,1,1,1978,0,3,848015.673846363
4543,4,1,1,1958,1,1,919607.57412135
2295,1,2,1,2015,1,2,461764.806919209
4104,2,2,1,2006,0,3,868794.142604151
4563,5,3,1,1988,1,9,1020394.24281744
2653,3,1,2,1956,1,8,599345.9088111
2091,2,3,2,2018,0,4,455985.577331497
4381,1,3,1,1957,1,8,990493.039386069
4257,2,2,2,1967,1,9,902827.410225588
2436,3,1,1,1998,0,3,554395.486402902
4496,1,2,1,1965,0,6,937247.823400525
3799,4,3,2,1970,0,8,837276.51220535
3952,1,3,2,1959,0,10,874815.938715419
1498,4,2,2,1953,0,7,407163.259567286
2960,1,2,2,1993,1,9,648011.263577879
4897,3,2,2,1957,1,7,1075380.06798105
1654,3,2,1,2004,1,1,397897.284053751
4274,1,2,1,1968,1,9,916985.928470248
2507,2,3,1,2013,1,5,571506.373566426
3577,3,2,2,1989,0,6,756199.779628879
2533,4,1,1,2000,0,2,549947.515166723
4310,4,3,2,1958,0,2,908484.118006182
1002,5,3,1,1979,0,4,299934.417910723
4055,4,1,2,2005,1,4,880619.972111473
1566,5,1,2,1993,0,5,350757.149384624
3127,1,3,1,2008,0,7,653314.069420923
3731,1,2,1,1964,1,1,704218.383869696
997,1,3,1,2017,1,10,257037.684952946
2730,2,3,1,2019,0,4,593941.126627429
4382,2,1,2,2010,1,9,939996.603778326
1408,5,3,1,1972,1,8,435103.858788285
4072,4,2,2,1996,0,3,887772.651022876
1947,4,1,1,1966,1,6,480661.296327229
4197,1,3,1,2006,0,9,850318.274135743
3311,3,3,1,2003,1,8,737083.948647072
2594,2,2,1,2001,1,7,572633.429816908
1459,2,3,1,1971,1,7,343147.9700298
3611,1,3,2,1988,1,1,745202.983362166
2169,2,3,1,1962,0,5,438596.926151459
2786,1,3,2,2015,1,7,586303.669882967
946,5,2,1,2001,0,2,277052.335069124
4019,4,3,2,1963,0,6,873227.13270017
3711,3,3,1,2022,1,2,795539.939543142
2534,4,3,1,2023,1,3,585664.716633682
2643,4,1,1,2012,0,1,605784.766967529
1288,5,2,2,2020,1,3,341705.263021895
3776,2,1,2,1977,1,7,829709.353273276
2759,3,1,1,1995,0,5,580634.878940294
3185,2,2,1,1977,1,4,678534.251231332
3719,4,1,1,1951,0,8,821649.422126592
2602,1,1,2,1966,1,8,621716.342708428
4861,4,1,1,2008,1,1,1070944.37148787
4169,2,2,2,2001,1,9,920370.701736404
1062,4,3,1,1953,1,9,313185.844004018
1423,1,2,2,1952,1,2,360626.733890679
1816,5,2,2,1986,1,2,464066.958076128
4443,2,2,2,1973,0,8,885258.449440734
2849,4,1,1,2021,0,6,606451.728803619
4523,2,3,2,1984,1,3,972053.508133948
3908,5,2,1,1951,1,2,817925.810861226
4890,4,2,2,1982,0,5,1020560.27488108
2856,4,3,1,1959,0,8,632704.626408551
3970,2,3,2,2011,0,6,840595.852343854
2482,2,3,2,1992,1,3,548214.244794345
3055,1,1,1,2018,1,9,660771.989320829
1954,5,3,1,2008,1,8,515432.687931008
3991,1,1,2,1958,0,10,836569.403363737
2496,4,2,2,2009,0,6,557584.246698219
4791,2,1,1,2012,1,1,967470.697396412
2448,4,3,2,2001,0,2,576208.655049646
2245,4,1,2,1972,1,4,504212.562151313
4999,3,3,1,1979,1,2,1038624.24179997
4723,3,1,1,1992,0,3,993927.264371724
1053,4,2,1,2017,1,8,280426.468440423
3983,2,1,2,1970,0,9,835451.181505143
3357,4,2,2,1992,0,6,745861.504357977
898,3,3,2,2022,1,4,243437.934405511
3000,2,2,1,1956,1,2,708790.234382516
3761,4,3,2,1965,0,7,826329.28641702
4577,5,3,1,1972,1,10,1040845.95547198
3669,5,2,1,2007,0,7,766257.648812676
4034,4,2,2,1980,1,10,880283.771702132
4591,2,1,1,2018,0,9,943027.157627082
1756,4,1,2,1955,0,5,387340.506917434
4867,4,2,1,2014,1,10,1078788.44984593
960,3,2,1,2008,1,4,284889.126694435
2100,5,2,1,1977,0,10,518615.762615863
4787,3,2,2,1967,0,6,1009733.88441084
2327,3,3,1,1959,0,2,500628.62403219
2018,4,2,2,1956,0,2,487439.993779663
3904,3,2,1,1986,1,9,914581.386353872
3535,5,2,1,1994,1,7,806376.392619592
1754,3,2,1,1965,1,7,450284.076601789
4246,5,3,2,1963,0,5,937784.258744887
1845,3,1,2,1960,1,7,458887.62266164
2493,5,1,2,1983,0,9,551486.330547247
4236,3,1,2,2009,0,10,899996.592996447
1362,3,1,2,1962,1,5,347286.73600114
3285,2,1,1,1988,1,9,754312.273602049
4154,5,3,1,1993,0,1,878346.644459058
1025,5,1,2,1977,0,3,218167.522223997
1759,5,3,2,1989,1,7,440343.389338969
3867,1,3,2,1965,0,4,835653.267858706
1615,3,1,2,1999,1,2,339402.610222804
3920,5,1,1,1977,1,3,833577.00269671
816,1,1,2,2017,0,7,203097.964651278
2043,2,2,2,2009,0,8,459700.718680963
3005,5,3,2,1961,0,9,707861.662038831
3324,5,1,2,1965,0,6,707081.830988861
1869,1,2,1,2002,0,10,415675.535145783
4244,3,3,1,2003,1,9,965679.635060077
3365,2,2,2,1998,1,4,700177.59515908
1860,5,2,1,1985,1,5,498922.807407757
3127,3,1,1,2011,1,1,651714.575352783
4220,2,3,2,1975,0,9,927234.53943444
1101,4,2,2,2005,1,9,302876.037244672
1406,4,3,1,1971,0,9,334577.293559026
3970,2,1,1,2022,0,3,815577.523821185
1499,1,3,1,2018,0,10,368423.229704475
1939,2,2,1,1998,0,10,447628.650127463
990,2,2,1,1951,0,10,285961.735286084
3100,1,3,2,2002,1,8,719893.501523372
1780,1,2,1,1956,0,3,355424.233367054
3775,3,2,1,1969,0,6,781593.271377241
1984,3,2,1,1979,1,5,434180.155659479
4127,1,1,1,2016,1,8,856920.0975988
4194,4,1,1,2008,1,3,935405.363020494
927,4,2,1,2015,0,1,252409.048766668
2865,2,3,1,1952,0,9,621374.310676939
2616,5,1,1,2005,0,10,607922.435234429
1369,2,3,2,1966,0,9,370907.637629148
2695,2,2,2,2001,1,3,640700.271274478
3533,5,2,1,1956,1,2,794084.60833607
4663,1,3,2,1954,1,4,918117.970398815
4814,4,1,2,2003,1,8,1054232.177369
3701,2,3,2,2010,1,6,831568.703238534
2486,5,3,2,1965,1,10,612815.807896402
3809,3,2,2,2016,0,1,822962.87296837
954,2,1,2,2008,0,8,248726.63436151
3337,4,3,1,1996,1,5,721533.864562953
2209,1,1,1,1997,1,6,467644.039165913
4857,2,2,2,2013,1,5,1023371.19532175
1584,2,1,1,1999,1,10,413435.369455959
3975,5,2,2,1990,0,5,850852.898291985
3606,3,1,1,2021,0,3,776597.565829191
1337,3,3,1,1971,0,4,331992.31484803
2641,1,2,1,2003,1,5,617854.931626978
3255,4,3,2,1954,1,2,725958.005546765
1324,1,2,1,1966,1,6,273931.039543094
3750,2,1,1,1990,0,2,797171.76162242
4931,2,1,2,1984,0,4,1076651.38029085
4915,3,2,2,1989,0,1,1043809.58362166
3168,4,2,1,1971,1,4,690908.46020474
4647,5,2,2,1997,0,7,983351.353020526
3501,4,1,1,2002,0,8,745375.779162315
1771,2,2,1,1959,1,2,455282.797009551
1966,5,2,2,1967,0,3,454016.813986964
3574,4,3,2,1998,1,1,771233.915154299
2782,4,2,1,2020,1,7,638439.083896819
1653,5,3,2,1979,1,4,414677.323784858
4946,2,3,1,1968,0,10,1093391.25899469
4536,4,3,2,2004,0,8,960838.062724592
4569,5,1,2,2009,1,5,1028316.08079151
1374,2,3,2,2021,0,9,339852.302411277
4061,5,2,2,1970,1,6,935375.662835692
1948,5,1,2,1975,0,10,514165.476093351
2515,4,1,1,1977,1,2,571119.940847827
4654,2,1,1,1988,1,1,965923.409760021
3291,4,1,1,1982,0,1,707854.470796628
3460,1,1,2,1989,1,9,746630.733199872
3924,1,1,1,1978,1,1,776375.838606532
3851,2,1,1,1969,1,3,858012.009344627
804,5,3,2,1969,1,2,252944.62543453
1676,4,2,2,2023,1,4,383122.520373724
1791,4,2,2,1961,0,1,359511.91699504
4942,2,3,1,1974,0,1,968210.019176741
1435,2,3,1,1974,1,4,368262.010917188
2493,1,1,2,1953,0,4,510125.560789823
2482,3,1,1,1953,1,7,556027.483297372
919,2,3,1,1958,1,8,270003.856613471
1630,3,1,2,1964,1,8,387098.796097456
4475,2,2,1,1975,1,8,977663.110401338
2169,5,2,2,2020,1,9,538181.601609418
1540,5,1,1,1981,0,1,363896.760421269
916,1,1,2,2001,0,9,185881.239857713
3638,1,1,1,1981,0,10,752106.716089029
1950,3,2,1,1958,0,8,469063.384139672
2731,2,1,2,1962,0,1,557149.454628399
1812,4,3,2,2005,0,7,468534.238894612
2464,1,1,2,1993,1,9,608460.033099835
1881,4,3,2,1979,0,4,459609.632521033
1312,4,1,1,1965,1,9,386720.797284129
3649,2,1,2,1961,1,1,790818.180957402
1359,3,2,2,2023,0,9,325443.449433195
4472,2,3,2,2015,0,6,952403.791620186
4143,1,3,2,1967,1,4,930933.023652436
4870,4,3,2,1962,1,5,1045911.15643431
2270,2,2,1,1973,1,7,494016.817528048
1380,2,3,2,1961,1,10,327645.139422118
3094,2,2,2,2009,1,4,670361.765404161
3947,1,1,2,2009,0,8,803313.197783924
2479,3,1,1,1950,0,3,581650.485685931
4306,2,3,1,1992,1,2,922608.913364782
3544,1,1,1,2004,1,1,766093.157744013
4156,4,1,2,1989,1,6,901733.365235508
4845,5,3,2,2013,1,2,1026495.0700561
2043,1,1,1,1983,1,8,429865.151364168
3918,5,3,1,1983,1,10,870900.206445547
2941,2,3,2,1997,1,4,658888.137350668
3859,2,1,2,1982,1,9,851797.073294199
3759,1,1,2,2017,0,4,793879.901826467
3065,5,1,1,1979,1,4,657783.182905454
3279,2,1,2,2020,1,8,719789.770352543
2435,4,1,2,2020,0,8,530348.45422769
2557,3,2,1,1978,1,5,591436.649189613
2870,3,1,1,1972,1,3,644976.926387436
3649,2,2,1,1983,1,2,751495.673824339
4051,5,3,2,1964,1,9,941400.740179909
4530,2,1,1,2002,0,9,1016470.57353821
3289,5,1,1,1966,1,5,763670.893439617
2431,4,1,2,2013,1,8,566129.149011222
3616,5,3,2,2010,1,7,816286.357419757
1815,2,2,1,2006,0,3,396773.400458187
2148,4,2,2,1986,1,5,490581.653830575
3887,1,1,1,1956,1,9,840709.955166301
3639,3,1,2,1957,0,4,746338.435221142
1135,2,1,2,2017,0,3,213757.555335053
1695,2,1,1,1970,0,7,390490.042045339
4346,2,3,1,2010,0,8,928730.826644396
1651,4,1,1,2023,1,5,390920.74958907
2487,1,3,2,1978,0,8,514332.584434741
2731,5,1,1,1974,0,5,623443.600672851
4546,1,2,2,2007,0,9,931445.624035739
3227,4,2,2,1963,1,7,727926.391228367
2368,2,1,1,2015,0,5,557724.296353161
4800,3,1,2,2003,1,9,1053279.74423939
3538,2,3,2,2016,1,5,738371.683440458
4298,5,1,1,1979,0,8,906728.710724692
4713,3,1,2,1967,1,4,1008395.47731859
1866,2,1,2,2003,0,9,390816.982948525
3244,3,2,1,1970,0,6,656756.862969143
4907,1,3,1,2002,1,6,1052709.30028242
4173,4,2,2,1965,1,3,916623.393858022
4769,2,3,2,1977,1,3,1024064.95828198
3346,5,2,2,1953,1,4,762775.879545448
1553,1,1,2,2004,0,1,326967.23220819
2882,2,2,1,1964,1,6,622845.286308084
3574,1,2,2,2013,1,1,765703.374152199
3696,5,3,2,2014,1,4,869447.087210129
4985,2,3,2,1965,1,7,1055469.27481391
1575,5,2,2,1969,0,6,367481.494744793
2425,3,3,1,2013,0,8,525622.014514719
3869,5,3,2,1982,1,4,844131.744166657
1217,3,3,1,2018,1,9,335464.963111902
914,2,3,1,2018,0,10,194309.310911161
1416,3,3,1,2007,0,8,363179.260610808
4774,2,2,1,1988,0,5,1015897.8252574
4067,2,3,1,1985,0,6,821448.041001428
1625,4,1,2,2017,1,5,375520.48909306
2316,2,2,1,1970,1,6,528192.024496135
3946,3,2,1,2012,0,1,828613.25674239
1212,4,2,1,1955,0,4,317390.936706715
1528,4,3,2,1973,1,9,399071.579462091
4148,2,1,1,2002,1,4,913219.238169374
3608,5,3,2,1999,0,2,784570.765023908
1475,5,2,1,1961,1,6,363424.175332006
4265,4,2,1,2005,0,2,882413.953343456
3304,2,2,2,1964,1,3,733186.712732042
3767,5,2,2,1989,1,7,850140.528548923
3586,2,3,2,1990,0,4,780042.89751813
1922,2,1,1,2018,1,1,442728.06248073
4879,4,1,2,2018,0,9,997303.753680904
2371,4,2,2,1955,1,6,528697.934974414
2943,1,1,2,2016,0,9,605084.373987405
2487,5,2,2,1982,0,3,545998.395287706
4932,5,2,2,1992,0,5,1050891.11683559
4651,5,1,1,1970,1,9,1052178.73986543
4240,3,2,2,2014,0,6,935962.058809598
4566,2,1,1,1966,0,2,936877.729244925
3126,4,2,2,1957,1,1,686917.978466881
3714,5,1,2,2013,1,9,822164.156898568
4752,1,2,1,1977,0,1,975629.692430964
1395,5,1,1,1962,0,5,354063.022068348
1528,2,2,1,1962,1,1,373761.888875057
2165,2,2,1,1987,1,5,512960.968149564
1498,4,2,2,1974,1,5,322047.048723274
1195,3,1,1,2011,0,7,291186.376309072
4971,4,3,2,1972,1,7,1119802.50077225
3302,5,2,2,1970,0,10,739447.126817377
2619,1,2,2,2003,0,1,575281.045459082
1517,4,1,1,2012,0,9,367738.70499972
3582,3,2,1,1979,1,1,778773.086686049
4377,4,2,1,2017,1,5,926977.732690021
943,2,2,2,2022,1,7,227118.786060837
3940,5,2,1,1981,0,8,890137.289306575
3738,5,3,1,1973,0,2,840645.457005017
4436,5,3,2,1956,1,1,970860.722655012
4022,5,2,1,2021,1,4,860711.89393404
1967,5,2,2,1950,0,4,466495.11391518
3416,5,2,1,1952,0,10,804630.874016857
1862,1,3,1,1977,0,6,458971.661751294
2956,3,3,1,1992,0,1,631282.301691852
3782,5,1,1,1995,1,1,787903.303743555
4094,3,1,1,1950,0,3,883809.08998887
1956,5,2,2,1987,0,5,459300.922588625
1532,4,2,1,1984,1,6,412976.016039026
1753,5,3,1,2023,1,5,452626.805625441
3339,2,2,1,2023,1,5,705713.897355954
4124,1,2,1,2003,1,9,888256.109016485
4101,4,3,1,1973,0,2,913908.459176358
2342,4,3,1,1977,0,1,522671.150275819
1991,2,3,1,1971,0,6,425329.870913866
3793,5,3,2,1965,0,9,810883.895785084
3481,1,1,2,1962,0,7,712895.882828384
2017,4,3,1,2011,1,8,487146.593455726
2340,1,3,2,1992,1,5,543499.978397931
4036,4,2,1,1981,0,10,859178.76830471
3186,5,2,2,2016,1,4,763043.797143241
4519,4,2,1,2006,0,6,938371.19472897
2188,4,1,1,2014,0,3,549887.152313921
2656,3,3,2,2018,0,1,622337.963918862
2165,5,3,1,1998,0,4,513529.1562347
1299,2,1,2,1982,0,9,270607.66163076
2480,2,3,1,1968,1,4,556614.398450439
1310,5,2,1,1985,1,1,330328.976050337
2124,2,1,1,2019,0,4,429942.819423727
1955,5,3,1,1964,0,7,484275.240681186
2627,2,1,2,1973,1,3,553808.921753609
3941,3,1,1,1976,0,10,835327.353823761
4286,2,3,2,1998,0,6,905108.034135691
2610,4,2,2,1972,0,1,560627.279282357
3723,5,3,1,1982,1,4,888553.915427751
3014,1,3,1,1990,0,3,623407.134175011
4986,1,2,2,2005,0,1,1031222.02528486
1513,5,3,2,1978,1,3,395238.062305259
4402,3,3,1,1980,0,4,946218.755631472
4934,2,3,2,2014,0,5,1047527.21009027
4322,3,1,2,1967,1,6,954434.037165153
2043,1,1,2,1955,1,2,451261.151890466
4509,5,1,1,2001,0,2,968422.394872158
1881,5,3,2,1989,1,6,475661.926711704
1255,3,2,2,2014,0,5,302539.553691501
1694,3,1,2,1991,0,1,354005.052958483
2184,2,2,2,2017,1,3,489278.290564495
2758,4,3,1,1981,0,5,627631.684381638
3872,4,1,1,1959,1,2,850454.11391432
2796,2,3,2,2018,1,1,616707.119324756
1304,4,2,2,1958,1,9,346976.124663787
2014,1,1,2,2018,0,5,431373.002420103
2331,4,1,1,2010,1,2,518358.83788623
4240,2,1,1,1960,0,10,910830.599775164
1623,4,1,2,2017,1,4,391071.794302147
1728,5,2,2,2023,1,3,434114.023454937
933,3,1,1,1957,0,7,267620.076084564
2905,1,3,2,1998,0,1,591266.02725894
4427,5,1,2,1973,1,10,1000317.38452276
2652,5,2,1,1982,0,4,603230.254497134
4975,2,1,1,1968,0,7,1091529.83998952
3733,3,2,1,1951,1,10,826192.491788412
4084,3,2,1,2004,1,5,904179.114578777
3611,1,3,1,1960,0,4,759583.8362939
2050,2,1,2,1966,1,4,427292.387292163
4312,1,1,1,1991,1,2,885382.772612021
2056,4,1,1,2010,1,8,517211.77763571
4176,5,3,1,1952,0,4,901382.638484793
4286,1,3,1,1984,0,2,832693.59212901
4384,5,2,1,2015,0,9,963014.924576887
2196,2,2,1,1950,1,10,486891.592551225
4437,4,2,2,1956,0,7,961695.443314918
4130,2,3,1,1969,1,3,923778.677034951
3503,4,3,2,1992,1,7,810836.432770073
1270,4,3,2,1955,1,1,365416.395718499
2153,5,2,1,2004,1,1,494562.199463888
3583,2,3,1,1970,0,4,760020.841659112
3631,2,2,2,2000,1,4,757089.095079806
1157,1,2,2,1995,1,4,261298.913873998
3819,2,1,2,1984,0,9,792627.879192846
1467,1,1,1,1957,1,6,308731.925769701
1945,3,1,2,2017,0,3,467146.415633284
4985,3,2,1,1965,0,6,1002700.99262434
4519,3,1,1,2016,0,2,979053.472620114
3545,2,1,2,2020,1,2,786151.473123006
1339,2,1,1,2013,0,7,326294.816886975
3579,1,3,1,1951,1,3,736937.318297648
4936,4,2,2,1950,0,7,1018645.62221392
4575,1,1,2,2007,0,3,925289.907968411
3308,3,3,1,1950,0,2,728228.011408498
3579,1,3,2,1956,0,4,752876.590936017
1724,4,3,1,2018,1,4,400712.512622631
3756,2,1,2,1967,1,3,828905.119616412
2381,1,3,2,1981,0,9,570309.583204538
4124,3,2,2,1994,0,6,877135.020899635
1055,3,3,2,1982,0,5,273733.422589934
2638,2,3,1,2023,1,6,557878.782909263
2744,1,3,2,2022,0,8,587440.332097274
809,4,3,1,1998,0,5,244560.999450025
3671,2,2,1,1982,1,4,800071.413506444
1597,1,1,2,2020,0,7,342708.303769757
1815,5,2,2,2017,0,5,431143.912288089
2624,3,2,2,1977,0,4,565619.731586386
3936,4,1,2,2002,0,5,840238.38215704
2993,4,3,2,1993,1,4,691180.870062953
1023,4,1,1,2004,1,8,239411.572865772
4958,3,1,2,1959,1,8,1063741.2621298
4725,1,2,1,1963,0,1,976749.388390642
4800,2,1,1,1985,0,3,979737.882858973
2433,1,3,1,1983,1,4,526616.673900878
2952,2,2,1,1967,0,2,615140.138979614
1310,4,3,2,1965,0,5,320023.750661571
1184,1,2,2,1986,1,8,295947.094446259
1204,4,3,1,1990,1,2,320025.068950345
2800,5,1,1,1974,0,9,589487.142094155
3556,4,1,2,1957,1,7,808522.009286807
2468,4,1,1,1967,0,6,549350.027891326
2260,2,3,2,2017,1,8,574324.079386713
4436,5,2,1,1997,1,2,938408.786527532
3524,4,2,2,2019,0,5,748117.137281142
4978,4,2,1,2016,0,4,1052527.27553542
2848,5,1,1,1967,1,8,673930.636242151
4946,5,3,1,1967,0,1,1008430.81681571
1516,1,2,2,2005,0,3,311472.498697097
2623,2,3,2,1972,0,10,604383.004014346
2881,5,2,2,1984,1,8,651496.901339187
4219,5,1,1,1955,0,5,948050.659409406
2374,3,3,1,1975,0,4,520452.910028773
1049,5,2,1,2010,1,6,280315.669966453
1473,2,2,1,1964,1,5,369856.106444738
2965,4,2,1,1981,1,3,707190.434670611
1570,4,2,1,1961,1,5,404409.906468597
4762,4,1,2,1954,0,4,1040910.73498058
2784,4,2,2,2013,0,1,651715.883515924
1877,3,2,2,2020,1,1,410353.533001811
1035,5,1,1,1976,1,7,321459.78335149
1188,4,2,2,1994,0,4,261513.237267411
3837,1,3,1,1984,0,1,806022.56329466
2648,4,3,1,1975,1,6,615817.05273713
3614,5,2,2,1972,0,1,816873.755076052
4174,4,1,1,1962,0,8,933106.287824621
4078,3,1,1,1952,1,9,906844.58376336
2052,2,1,1,1978,1,3,466860.697487071
4781,2,2,1,2015,1,7,1034909.21691805
2922,5,2,1,2013,1,5,675944.271784414
2950,2,3,2,1977,0,3,632470.106472303
2129,2,1,2,1985,1,5,516864.454306311
2158,1,2,1,1955,0,10,520672.245491954
3282,5,2,1,1960,0,7,733858.520057445
2817,5,2,2,1987,0,7,650340.910075269
2131,2,1,2,1983,1,9,495241.380619319
2158,2,1,2,2016,0,8,440307.53895157
3977,2,3,1,1995,1,4,848989.1105597
2928,3,1,2,1978,1,5,690592.605026203
2980,4,2,2,2009,1,5,657255.603124205
937,3,3,1,2003,0,10,315263.586557533
4272,5,1,1,2018,1,2,959703.157739735
3632,1,1,2,2023,1,7,787437.453763655
4379,4,1,1,2023,0,7,955821.082149411
3831,1,1,2,1958,1,9,800269.832591624
4964,5,2,2,1959,0,9,1073169.28119438
3393,5,1,1,2017,0,4,781634.977758044
4618,1,2,1,2007,1,5,958236.766520662
4938,1,2,2,2001,1,7,1070128.29392372
4623,1,2,1,1983,1,10,955173.995264074
4842,5,3,1,1984,1,7,1039446.03968813
2706,2,2,1,1982,0,10,648734.616639658
1560,1,1,1,2021,1,8,365704.071343992
4245,4,3,1,1981,1,8,929537.502825141
1699,5,1,1,2004,0,2,434868.520674974
3747,3,2,1,1957,1,9,862545.538874088
2519,3,1,2,1995,1,4,588818.864131431
1080,4,3,1,1963,1,1,274752.552014697
4066,2,3,2,1957,1,1,859027.060601558
2687,1,1,1,2020,1,5,590190.720593118
4066,5,1,2,2003,0,7,906559.983553681
1466,1,1,1,1970,1,5,325487.910649537
4988,5,3,2,1963,0,3,1075868.42776552
1471,3,2,1,1951,0,7,361884.782519935
2769,1,1,2,2010,0,1,603969.243909381
4956,4,2,1,1966,0,1,1063061.64572338
3922,2,3,1,1997,1,2,802729.958879118
4700,4,1,2,1957,1,1,997659.242287865
1323,2,1,2,2005,0,9,293380.415750415
3193,1,3,1,1966,1,4,704802.185515292
3917,1,1,2,2018,1,7,857478.833762626
3393,2,2,2,1961,0,5,726138.899640256
2768,3,3,1,1987,1,7,627896.824234304
2553,5,3,2,1967,0,7,598329.2448259
3096,4,1,1,1975,0,1,672422.981836944
3061,4,3,2,1986,1,1,669197.508707077
3086,4,1,1,2019,1,3,655732.222480766
3678,1,1,2,1990,1,10,744346.523936116
4943,4,3,1,1991,0,2,1081279.55329347
4444,5,1,1,1990,0,7,977209.156090874
2855,5,2,2,1996,1,3,664062.775283604
2076,2,2,2,1963,0,7,497829.972198824
3566,1,1,1,1950,1,9,738813.29975769
1102,5,2,1,1966,1,1,255009.228103625
1438,3,1,2,2004,1,3,356205.797912977
855,1,2,2,2002,1,6,231331.784386086
1325,1,3,2,1980,0,9,273717.329758181
4923,5,1,2,2011,1,5,1078588.02655351
2925,3,1,2,1957,0,3,618994.426190011
4087,2,1,2,1979,0,8,846222.798506561
1164,5,1,1,2015,0,5,294464.40729294
2446,3,1,2,1994,0,6,481161.785727038
1718,1,1,2,1967,0,2,349815.644415202
3597,3,3,2,1994,0,4,758792.635762895
2331,1,3,2,1968,1,1,523127.561173404
4145,5,2,1,2017,0,4,897044.246587228
2706,5,1,1,1999,1,1,630171.721841972
3886,4,2,1,1974,0,4,775461.516381583
2875,4,2,1,1987,1,2,625022.544435724
1513,4,3,2,1985,1,6,404499.926289286
1862,5,2,1,2017,0,6,442678.384235671
2776,2,3,2,2005,1,8,650336.513324359
2096,5,2,2,1988,1,9,476084.927265269
925,3,1,1,2012,0,8,262277.770992237
4396,5,2,1,1956,0,1,926221.519555374
4083,5,3,2,2007,0,3,872195.072890433
2403,1,3,1,2008,0,6,548376.176173186
866,1,3,1,1997,0,1,230247.528248913
1032,1,2,2,1954,0,8,276267.492402182
2956,5,2,2,1985,0,6,720166.048126207
1969,2,3,2,1974,0,1,463470.090211083
2958,3,1,2,1994,1,10,651714.085406693
2293,3,1,2,1968,0,2,503140.953203391
4807,2,2,1,1956,1,6,1015395.05228788
3272,2,2,2,2007,0,10,765127.246498727
3460,3,3,2,2015,0,8,788621.748867468
3539,4,2,2,1988,0,5,768077.996582164
2561,1,2,1,1967,0,1,557147.744943825
4314,1,3,2,1950,1,10,901995.038342172
2775,3,3,2,2012,1,2,627256.543441137
3162,2,2,1,1952,0,4,650951.937684923
1676,4,1,2,1970,1,4,364985.194984315
4612,3,2,2,1979,0,7,1003013.40593825
4248,1,1,2,1960,1,2,908314.777379689
2112,5,1,1,1971,0,7,509830.3159053
2260,2,1,1,2006,1,7,508425.823985838
3509,5,3,2,1952,1,7,771141.03362884
3124,3,3,2,1979,1,3,664766.328232069
2533,1,3,2,1994,0,6,525368.00050653
2405,4,2,1,1985,1,6,558158.167706877
3363,5,3,1,2021,0,4,776504.468340123
4221,4,3,1,2013,1,1,943710.105276966
4317,1,2,1,2003,0,9,869185.810009678
3197,5,2,1,2017,0,2,688069.166582076
4535,4,1,1,1999,0,9,960995.974510704
3670,4,2,2,1980,1,8,759710.421787469
1960,5,2,1,1978,1,1,484153.023673748
1042,1,3,2,2008,0,7,248246.004392037
3390,4,1,1,1985,0,10,750171.436584226
1863,3,1,2,2022,0,3,450246.776459391
3395,5,2,1,2016,1,10,786207.725332109
1719,2,3,2,1960,1,10,413031.73837585
805,2,3,2,1960,1,9,252301.940525124
1267,1,3,2,1975,1,5,334871.796164389
4970,3,3,1,2002,1,3,1070411.68915123
803,4,2,1,1963,0,8,251829.739967454
1445,2,3,1,2013,0,3,329360.808756428
917,1,1,2,1959,0,7,217353.556341008
3728,3,1,2,1980,0,7,804425.517757471
3351,3,2,2,1985,1,7,727371.976239184
1646,1,3,1,1959,1,1,357998.45964076
3562,1,3,1,1975,0,5,786846.991045462
1941,4,3,2,1969,1,1,511398.902396558
2610,1,3,1,1993,0,7,607804.947850955
1523,4,2,1,2011,1,8,360518.566080786
1024,4,3,1,2022,1,7,260303.561635376
2848,5,2,1,1958,0,1,602832.264201371
2373,3,3,2,2020,0,3,531959.686046987
2628,3,3,1,1973,0,10,530381.885191058
2717,3,1,1,1961,1,3,587679.960834513
2826,5,2,2,2009,1,7,696377.482229028
4544,4,1,2,1965,1,4,1005360.97076822
1701,4,2,1,1978,0,3,386472.633735662
2839,1,3,1,1981,0,6,599966.113970734
809,5,3,1,1984,0,10,270981.042670173
1060,1,2,1,1992,1,6,288381.718881105
2473,5,1,2,2002,1,10,581271.568306506
3019,1,2,2,1969,0,5,632940.849457014
2860,2,2,2,1957,0,6,605849.756786999
4513,3,3,1,1991,0,3,923316.26396562
2419,3,1,1,2019,1,10,558306.406299455
1120,4,2,2,1965,1,5,296601.811494781
2142,2,1,1,2018,0,9,448883.897100284
3176,3,1,2,2002,0,4,698352.023440943
3632,4,2,2,1994,0,2,794483.016965647
3624,2,1,2,2000,1,5,797192.992521127
2794,3,3,2,1955,1,3,608598.241113391
3758,1,3,2,1982,1,3,751010.608047134
2838,5,3,2,1964,0,4,656283.278241141
4290,2,3,2,1963,0,4,888397.182134257
4477,4,1,1,1988,0,5,933133.296668858
1918,2,3,2,2012,0,7,408173.673133914
2404,4,2,2,1954,0,4,535916.936797821
4827,2,3,1,2001,0,7,1060833.18242626
1035,4,2,2,1965,0,9,271363.761966112
2769,3,2,1,1987,0,3,575554.923895827
2708,1,3,2,2002,0,5,597898.335025751
1175,3,3,1,2002,0,4,296320.306994282
4330,1,1,1,1995,0,9,855017.465807795
3435,3,2,1,1964,1,5,773558.657993832
2370,3,3,2,2008,0,10,602211.69421254
3360,2,1,1,1999,0,2,637986.601814274
4191,5,3,2,1958,1,10,917307.349399447
3765,4,3,2,1975,0,1,739786.82278371
4443,4,3,2,1952,1,7,977717.389481479
4650,4,2,2,1996,1,1,1022759.65591528
1672,1,3,2,1954,0,8,386037.518744907
2052,4,1,2,2011,0,9,517199.892452817
2114,4,3,2,1954,1,7,534563.757258253
3698,2,3,1,1959,0,9,844153.683087554
877,3,1,2,2012,0,10,269405.269202677
3421,4,1,2,1974,0,6,737126.423284762
1400,5,2,1,1993,1,7,377668.161405871
1865,4,2,2,1974,1,3,425283.077112976
2936,1,2,1,1979,0,9,628433.595778299
3249,1,2,1,1963,0,3,680345.791800453
3143,1,1,2,1992,1,6,674477.316911616
2663,4,3,2,1977,1,4,648156.33815759
2118,2,3,1,1968,0,9,477345.798437329
4397,5,3,2,1991,0,1,924097.839661066
4562,4,2,1,1969,0,9,967659.72412742
2990,2,1,1,1960,1,4,666377.506790563
1792,2,1,2,2003,1,10,393321.539797775
3512,4,1,1,1973,0,5,757370.345746227
2992,4,3,2,2019,1,1,704587.506136386
2048,2,2,2,1966,0,1,449914.961143521
3854,2,1,1,1977,0,6,811934.865272031
4833,2,2,1,1999,0,10,1025702.23990904
2797,4,1,2,2004,0,1,581660.885194321
4487,2,2,2,2022,0,2,911971.632239137
2951,1,1,2,1959,1,3,624320.458177136
4818,4,2,1,1970,1,7,1056381.82575273
3910,1,1,2,2007,0,2,826703.750295053
2770,3,1,1,1983,1,5,621314.015429286
997,4,2,1,1992,0,9,310219.354393856
3426,3,2,1,1960,1,10,810329.950380238
2002,2,3,2,1982,1,8,494281.680312055
2835,2,2,1,2007,1,8,666624.535201397
1277,5,1,2,1995,1,2,306632.161965298
2054,2,1,1,2010,0,1,410070.026632798
1722,3,2,2,2011,1,9,439349.334407254
1219,2,3,2,1950,1,10,290269.754703324
3004,4,2,1,1970,1,4,670540.703899602
3397,2,1,2,2011,1,9,765679.797633244
1920,5,1,1,2013,1,7,510334.32311713
3868,2,3,1,2022,1,6,835244.608742798
1750,3,2,1,2005,1,10,418751.392617308
3136,3,1,1,1950,1,9,712211.54053779
3043,2,1,1,1970,0,10,636761.413911903
3445,3,1,1,1971,0,4,731668.033792664
2657,3,2,1,2003,0,1,574199.998793093
2665,5,2,2,1953,1,5,622300.40018323
3712,4,3,1,2014,0,6,817612.586845447
3653,5,1,1,2000,0,6,782737.128610696
4028,1,1,2,2023,0,1,805425.17518454
4519,5,3,2,2012,1,7,986122.093474185
4028,2,1,1,1964,0,8,814097.641520124
3171,4,3,1,1985,0,5,712745.758046153
3691,2,3,1,1978,0,2,801566.4362923
4556,1,1,2,2001,0,2,952107.752071338
894,4,2,1,1995,0,5,237237.578488481
3474,3,2,2,2018,0,7,735524.869013403
2755,5,2,1,1978,0,7,650607.866059067
1593,2,2,1,1996,1,4,391573.075559364
2634,1,1,2,1974,0,3,556235.516060907
2916,3,3,1,1965,0,9,698807.781310582
4906,5,3,1,1990,1,7,1081539.36196582
4125,3,1,1,2014,1,2,874577.750401878
3719,5,2,2,2018,1,1,811804.566723135
3397,4,3,1,1969,1,2,716378.05733798
4005,3,1,1,2018,1,3,876533.499103557
1614,3,1,2,1985,0,5,370162.865821056
1145,3,2,2,2007,0,3,290748.28103392
3149,4,1,1,1997,0,10,750846.950052281
1162,1,3,1,1951,1,9,289631.205752385
3243,5,3,2,1978,0,10,685149.782080211
3065,3,1,1,1965,0,4,672026.759237769
2988,4,3,1,1984,1,7,692771.484747317
3805,1,1,2,2011,1,4,784688.653100717
4081,5,3,1,1953,0,3,900131.658390538
1784,4,2,1,2017,1,10,471452.408002609
2439,5,3,2,2000,0,1,532134.752244711
1627,3,2,1,1982,1,9,399866.703464916
3530,1,2,1,1973,0,1,765918.843246223
4331,4,1,1,1974,0,1,896159.445219266
3735,1,2,2,1977,0,1,771666.743885345
4676,3,3,1,1956,1,5,944589.720848903
926,1,3,2,1985,1,7,209153.862472968
3977,1,2,2,1959,1,7,855337.93743332
3856,2,1,1,1985,1,10,871899.69523964
1403,1,2,2,1967,0,1,269549.257949975
4249,5,3,1,1955,0,6,934664.101551512
4946,4,3,1,1956,0,9,1061807.05227366
4333,2,2,1,1961,0,6,938427.201374812
4167,4,2,2,1990,1,4,879954.917366935
4168,4,2,1,2012,1,10,939351.941209187
4597,3,3,1,1974,1,9,990057.732825094
2592,3,3,1,2002,1,3,592975.950620662
3661,2,3,2,1982,0,10,798923.276307712
4276,3,1,2,2022,1,4,910905.523146435
4217,3,3,1,1955,1,4,927345.296156735
2445,3,3,1,2011,1,4,562091.318357574
2005,4,1,1,2015,0,6,460679.842448083
3830,2,1,1,1958,0,7,803089.586649431
3672,4,1,2,2016,0,9,808339.959743633
3872,5,1,2,1965,1,3,858951.088703652
2654,4,1,2,2004,0,8,575071.447997985
4821,5,1,2,1989,0,8,1034463.21905207
3508,1,2,2,1975,0,1,698220.351384221
4302,1,2,2,1987,0,5,894403.86443048
2132,5,2,2,1984,0,10,501591.694878649
1001,5,2,1,2017,0,5,294469.578699531
4307,4,3,1,2008,1,8,972218.174443917
1374,5,1,1,1963,1,8,345731.285910891
1336,2,3,1,1996,0,2,308142.316365038
2425,1,1,1,2020,1,3,539962.914481209
2922,1,1,1,2021,0,2,601017.291995899
1185,5,3,2,1991,1,1,301794.561879861
4081,3,2,1,2000,0,2,834889.91179888
1274,3,3,2,1968,1,10,366156.689039459
1217,5,3,1,2015,0,6,348967.828707124
4400,2,1,2,1996,0,1,902801.310028149
1754,3,1,2,2014,1,6,437953.439613167
2005,5,1,1,1991,0,1,384869.736752867
4920,2,2,1,1987,1,2,1068188.86626773
2790,2,3,1,1962,0,8,613076.379868071
4372,4,3,1,1993,0,6,950944.414019987
4958,2,2,1,1973,0,9,1040587.05690835
3513,3,3,2,1979,0,1,785492.687046688
3003,3,3,1,2019,1,5,649081.709401112
3920,5,1,2,1987,1,7,911861.508165171
1766,5,2,2,1972,1,9,465106.773023628
4232,2,1,2,2023,1,9,928966.605397954
1488,1,2,1,2006,1,4,336369.885916777
4501,4,1,1,1972,0,4,924494.520052591
1141,1,3,1,1985,0,4,288462.769138403
2524,2,2,1,2006,1,3,566585.208779733
2592,2,2,1,1950,0,8,606440.586457721
2559,1,1,1,2021,1,5,551955.591994608
4012,4,2,2,1952,0,7,862919.215527527
1789,1,3,1,1963,1,10,462502.205916008
3062,5,3,2,1983,0,6,743197.354112436
3282,3,3,2,2019,0,9,728633.679409143
1751,5,1,1,2018,1,3,410381.062578572
1522,3,2,1,2000,0,6,382663.269069739
4189,2,1,1,1978,1,3,880449.485845733
2879,4,3,1,1997,0,2,651781.57063502
3517,1,2,1,1965,1,3,740918.100640531
3132,4,3,1,2006,0,2,726500.350455295
4176,1,2,2,1959,1,2,858712.762373733
2300,5,2,2,1968,0,10,562013.241563049
1085,5,1,2,2016,0,7,280782.450744197
4295,1,2,2,1985,1,10,916962.335964481
2865,4,3,2,1953,1,3,641698.608630986
1568,1,2,2,1982,1,8,391065.201652335
3857,2,3,1,1977,1,2,850359.077873347
2961,5,1,1,1958,0,7,682143.470723309
4093,2,3,1,1955,0,3,859900.413331368
1746,5,2,2,1998,0,9,439704.50077504
4135,5,3,2,1971,0,7,935443.039211486
4950,3,3,2,1997,0,9,1085232.78968019
2281,2,2,1,1970,1,2,439943.109216162
2701,2,3,1,1982,1,6,601394.445705683
4251,3,2,1,2005,1,5,914593.530214013
4864,4,1,2,1978,1,2,1055531.31410315
854,2,3,2,2002,1,4,231130.729557231
2623,1,1,2,1989,0,4,569579.584523732
4262,3,3,1,2023,0,8,894433.480724236
3879,2,3,2,1967,1,7,853301.36288652
1632,4,1,1,1996,1,5,423905.141336262
3606,2,3,1,1962,1,9,761340.428267046
3290,5,3,1,1976,0,1,788841.086705223
1127,1,1,1,2011,1,4,297172.148321663
4110,3,3,1,2023,1,5,897033.832561641
4100,5,2,1,1994,1,8,898289.797319031
4475,4,3,1,1952,0,3,954622.871243157
3854,5,3,2,1971,1,5,867895.058990284
2943,5,3,1,1976,0,3,673616.563920301
2111,4,1,2,2004,1,7,540716.521236501
3991,5,2,1,2016,1,10,891297.538263929
3338,3,2,1,1982,0,3,730667.745939314
4783,2,3,1,1951,0,7,980289.270934997
964,5,1,2,1995,1,2,258459.982141868
1622,3,1,1,2023,1,7,404817.921196734
1743,2,2,1,1982,0,9,422881.56227522
1574,2,1,2,2007,0,5,335969.188083385
2998,5,3,2,1956,1,6,686580.207599702
3956,3,3,2,1964,0,10,902713.915889589
4495,5,1,2,1975,0,3,992047.715490701
4252,4,3,1,1960,1,10,955611.430426309
1714,2,2,1,1987,1,5,346883.871169482
2108,5,3,2,1976,1,5,579378.31369225
4977,2,1,1,1956,0,3,1028901.71095857
1313,3,2,2,1950,1,8,333785.823549467
2720,1,3,2,2023,1,6,588941.001853647
4394,5,2,2,1970,0,3,957209.175929978
2209,5,1,1,1979,1,1,524464.564729273
3990,2,3,2,1957,0,10,886765.696828163
2355,3,3,1,1952,0,1,495848.445891275
1604,4,2,1,2004,1,10,407987.628046469
2079,3,3,1,1964,1,2,532563.643080605
4377,5,3,2,1985,0,10,976014.76583125
3701,4,3,1,1955,1,5,820886.890666831
2187,3,3,2,1991,0,7,479859.555860408
3561,1,1,1,1999,0,1,742848.357645519
3479,2,3,1,1967,1,1,774575.455426061
2906,3,2,1,1999,1,4,670064.691145245
3568,3,1,2,1979,0,10,772129.978409777
4753,1,2,2,1988,0,6,997631.307084088
3986,5,2,2,1961,1,9,940991.485916215
4080,2,2,2,2008,0,1,875772.057304287
3373,3,1,1,1993,0,10,719995.931445167
3399,4,1,1,1953,0,5,676149.873384463
4833,3,1,2,1985,1,9,1051019.31267711
1036,2,3,2,1997,0,8,286164.203168711
2104,3,2,2,1963,0,7,454569.387703168
4230,1,1,2,1998,1,10,905780.261946931
2101,3,2,1,2016,0,2,459607.523353173
3341,3,1,2,1958,0,9,732807.158055805
2851,4,1,2,1970,1,8,640582.592822007
1241,1,1,1,2021,1,10,340462.7749407
2876,1,2,2,1965,1,10,643899.222015819
3980,3,3,1,1965,1,9,861024.577845881
3457,4,1,2,1977,1,9,801336.553839843
4598,3,1,1,2000,0,9,949995.310100207
1604,3,1,2,2005,0,3,396912.359438378
874,2,3,2,2006,1,7,270576.485605564
2975,2,2,2,2001,0,1,662744.38238302
4724,4,2,2,1995,1,9,1032843.84068896
2889,5,2,2,1987,0,9,652397.150505416
840,2,2,1,1997,0,3,209100.544023327
2881,5,1,2,1990,0,5,644089.080341112
2422,1,3,1,2008,1,8,532081.592860912
1141,2,1,1,2016,1,6,272359.417146859
4852,2,3,1,2023,1,10,1041240.67881834
2874,4,2,1,2015,0,10,625549.907839004
1445,5,3,2,1976,1,9,412949.082239983
1409,2,1,2,1981,0,3,314492.571560725
1254,2,1,2,2005,0,7,289090.538269159
3753,4,2,2,1959,1,6,805841.145976458
2508,4,1,1,1989,0,5,532590.675558313
4272,5,1,1,1966,0,4,969797.85126806
3769,1,3,1,2007,0,5,778118.563428461
3828,1,1,2,1955,1,4,822863.209855233
3481,3,2,2,1988,1,3,764265.861747504
4429,2,2,2,1967,1,7,882420.288472298
3867,5,1,2,2022,0,6,891211.270578465
2186,2,2,1,2021,0,4,496302.099469403
4576,5,3,2,1991,1,9,1003008.24614238
3666,5,3,2,1953,0,1,800490.83738926
4163,5,1,1,1969,1,1,876870.415814908
4924,2,1,1,1977,1,9,1097455.51196153
948,4,3,2,1989,1,7,257908.557293963
4650,2,2,2,2014,1,2,967922.900082634
2858,5,1,1,1993,0,10,638360.97304631
1936,3,1,2,1972,0,5,439209.485005229
986,1,2,1,2006,0,4,263457.912503483
3654,5,1,1,1996,1,1,848534.361227379
2050,3,2,2,1962,0,9,467025.096394443
2133,4,2,1,1965,1,6,519056.474557948
4993,5,2,2,2004,1,6,1093647.6353151
4950,3,2,2,2014,1,4,1032459.7683889
3511,5,2,2,1965,0,2,828763.889364899
2585,2,3,2,1986,1,8,625068.989057406
1550,3,2,1,2001,0,8,378727.896242776
2562,2,3,2,1959,0,3,595946.902337475
4720,2,2,2,1987,0,7,1025302.66781795
1281,3,1,1,1993,0,7,314246.533527044
953,1,3,2,2023,0,5,238749.0901332
2324,3,1,2,2003,0,5,552603.153559416
2920,1,2,2,2000,0,8,604346.160471758
3143,5,2,2,2001,0,4,742442.267433033
2040,5,1,1,2019,1,1,475372.185982872
860,3,2,1,2008,1,1,268116.918571189
1738,5,1,2,1962,0,9,429469.33506343
2439,4,2,1,1990,0,4,558240.155561824
4920,2,2,1,1961,0,1,1016142.29108569
4369,2,3,1,1999,0,2,901503.909429719
2052,1,1,1,2006,0,10,448648.627546392
971,5,2,2,1999,1,7,324677.785079214
2258,1,1,1,2006,0,2,414745.900433188
4349,2,3,2,2003,0,1,876825.851379879
4997,2,1,2,2015,0,10,1036263.20726605
3122,5,3,1,1957,1,9,704441.3801891
2436,4,1,2,2012,1,5,599949.490260387
3915,4,1,1,1958,0,4,871441.92444633
4890,5,3,2,2009,1,4,1084800.79523487
3804,5,2,2,2012,1,1,822854.898313062
1129,1,2,1,2021,1,3,303176.296669853
4440,5,2,2,1952,1,1,926296.751850111
4694,4,1,1,2022,1,5,1067349.5660037
4907,5,1,2,1962,1,5,1049284.25507056
2141,1,2,2,1958,1,9,483649.119453964
4463,1,1,1,2001,1,8,935866.403737632
1015,1,1,1,2011,0,5,206172.314647533
1138,1,2,1,1957,0,5,310727.828098423
4862,3,3,2,1994,1,7,1073122.36576961
3508,5,1,1,2002,1,2,807986.763551995
3952,2,1,1,2012,0,7,805808.268198481
2550,5,1,1,2006,0,1,572523.4456751
3221,3,1,1,2003,1,5,722225.717233285
1509,1,3,2,1968,0,6,351568.913088746
4526,3,2,2,2016,1,10,961190.6637233
4442,4,1,2,1995,0,1,963287.500528266
4793,4,2,2,1959,1,9,1053638.75206963
1288,5,1,2,1967,0,9,315725.899108925
846,5,3,2,1961,1,1,205818.736511183
4159,2,2,1,1998,0,4,888966.662837247
1200,2,3,2,1972,0,8,360261.393353288
4790,4,1,1,2011,1,2,998618.643166343
3957,1,3,1,1960,1,8,859661.176260324
1190,3,3,1,2022,0,10,340762.431977289
4653,2,1,1,2005,0,9,950858.693347468
1428,2,1,2,2004,1,9,340601.080772874
3730,1,2,2,1974,0,1,747496.030518465
2321,1,1,2,1958,0,9,530816.917370614
1626,5,2,1,1961,0,4,430338.064233852
2300,3,3,2,1960,0,8,532975.906618293
4094,1,3,2,1987,0,9,849756.648275147
3219,2,2,2,1977,1,3,686730.226551804
1734,2,1,2,1957,0,6,374037.537143831
3842,4,1,2,2023,0,3,797968.278459425
2266,1,3,2,1996,1,1,493649.044979538
4361,5,2,1,1985,1,10,991570.662111547
1414,3,3,1,1999,1,6,373056.436110713
1982,5,3,2,1958,1,5,491194.190885762
4023,2,1,1,2009,1,3,855026.345920634
3467,5,2,1,2021,0,4,763361.230122756
930,2,3,2,2016,0,2,194569.711520843
3783,2,1,1,2002,0,10,815603.372424572
838,2,3,2,1966,1,10,233009.360363634
4759,2,3,1,2002,1,4,980116.419521014
4387,2,1,2,1977,1,4,938667.63917789
1720,4,1,1,2012,0,3,382706.749089536
3569,5,2,1,1964,0,6,797493.848031471
4911,4,3,1,1968,0,1,1061390.94537674
1292,4,2,1,2019,0,9,311644.031971369
1931,1,1,2,1996,0,10,433503.032051824
4321,1,1,1,2020,0,3,842939.427956741
1110,1,3,2,1997,1,3,309313.327265232
1538,3,2,2,2022,0,3,322623.337577781
4041,1,2,1,1969,0,7,836329.508440066
1345,5,3,1,1986,0,8,391459.497594099
3261,4,3,2,1951,0,2,707336.926847975
2604,5,2,1,2013,0,1,553865.057842493
4012,1,1,2,1985,1,5,865226.830807163
4610,3,1,1,1954,0,8,998263.31155378
1613,3,3,2,2013,0,3,360770.341515869
4924,4,2,1,1956,1,6,1054676.83698049
2832,5,2,1,2019,1,3,639514.775734548
1044,2,2,2,1971,0,6,251624.400982849
1071,5,1,2,2023,0,4,233875.723076955
4311,1,1,2,1995,0,7,893664.403472048
2571,2,2,1,1989,0,10,618797.854954579
2062,3,2,1,2010,0,1,433000.750819082
3224,4,3,1,1995,1,1,703212.660163256
1720,4,3,1,1977,1,5,399409.55842009
4230,3,2,2,1984,0,9,928304.048159884
3424,1,2,2,1950,0,5,749879.933953559
4560,3,1,1,1978,1,4,1003507.94597944
2850,1,2,1,1958,1,8,597799.735277658
4300,2,3,1,1958,0,5,922494.793262424
1965,3,1,2,1971,0,1,466843.750855356
1175,1,3,2,2012,0,7,293741.577692753
2833,2,3,1,2015,0,4,625560.242083594
945,3,1,2,2007,0,10,242208.935534121
1231,4,3,1,2019,0,5,321702.745594842
1504,3,2,1,2004,1,6,404707.95449266
3432,5,3,2,1962,1,7,795605.224210719
1763,3,1,2,1968,1,2,377393.131099257
3034,5,1,2,1982,1,1,668398.958142851
2841,2,1,2,2023,0,3,632431.988472225
2628,3,3,1,2014,1,10,623718.583008777
2908,2,2,2,2009,1,1,632576.551956077
4868,2,1,2,1961,0,4,996749.611668833
1738,1,2,2,1992,1,6,430314.979513361
1606,2,1,2,1966,0,5,402760.314945557
2263,2,2,1,2017,0,4,526179.728075451
4215,3,2,1,1978,1,7,955064.790536134
810,3,2,2,2004,1,6,226032.343980846
2668,4,1,2,1956,1,3,590095.772565652
1684,1,3,1,1993,0,9,384891.37066252
4364,2,3,1,1954,1,5,938764.331049406
2189,1,3,2,2009,0,10,528575.494503131
4201,5,2,1,1955,1,1,947347.16848671
1624,2,1,1,1956,0,6,381261.734681362
3065,1,2,1,1995,1,5,627220.330853828
1736,4,1,1,2006,1,10,394999.453885078
3600,4,2,2,2003,0,8,800011.568620043
3353,2,1,1,1995,1,4,744606.580140018
4645,5,1,1,1959,1,1,1000010.82377535
2596,4,1,2,1953,0,2,618072.61262446
853,4,2,2,2016,1,8,232538.973905489
1526,5,3,2,1974,1,10,384991.20126261
3536,1,2,1,2010,0,8,734592.975638142
3970,4,2,2,1987,1,5,856442.569670219
2713,3,1,1,1981,0,6,608757.14671705
2396,4,1,2,1972,1,2,534657.203703912
2714,1,3,1,1986,1,9,571103.988468034
3266,1,3,2,1952,0,6,718489.461417378
3537,2,1,2,1962,1,9,730401.201848197
1649,3,3,1,1983,0,10,378019.544424732
2909,1,3,2,2014,0,3,575232.335731403
802,5,1,2,1957,1,6,253578.031926772
4869,3,2,2,1958,0,10,1048451.19280378
1692,3,3,2,1977,1,5,461311.358025409
2830,5,1,2,1967,0,9,670845.666403639
3960,4,3,1,1991,1,10,928041.154583555
3176,5,3,1,1990,1,1,725415.241282462
2733,5,1,2,2019,0,9,604176.704472736
2180,4,3,2,1982,1,5,524202.690049837
4481,4,3,1,2003,1,1,984010.525184683
2090,4,3,1,1985,1,10,535595.184556289
2440,4,2,2,2005,0,8,550189.696397292
3482,4,2,1,1966,1,7,794619.66184456
1787,5,3,2,1959,1,6,432074.300728968
2018,2,1,2,1993,0,2,408518.060147232
2155,2,3,2,1951,1,5,468105.382215363
4935,1,3,2,1963,0,3,1021615.64971392
2360,2,2,1,1990,0,2,478554.091123092
2218,2,2,1,1951,1,10,507981.390253225
1754,5,2,1,1968,0,1,436372.913785349
1783,4,3,2,1950,1,9,427871.758048042
1774,4,3,1,1951,1,2,418192.199162392
4933,5,1,2,1976,1,1,1061390.7819194
4772,2,3,2,1951,0,7,1016572.17253831
1713,5,3,1,2000,0,9,422117.735229861
836,1,2,2,1959,1,6,239871.501718379
4187,4,2,2,1968,1,8,941161.307519618
2511,3,2,2,1962,0,7,591696.415109043
3820,1,2,1,1997,1,9,823959.951891324
1595,1,2,2,2005,0,7,347179.529763591
4836,5,1,1,2021,0,6,1023134.1994497
3911,2,1,2,2005,1,1,832875.687948234
2124,4,1,1,1999,1,9,502371.105429718
1117,3,2,2,1994,1,10,294170.75555798
3196,1,2,1,2008,0,5,662992.818393867
2962,3,2,1,1988,0,2,621307.737871894
3545,2,1,2,1970,0,8,762975.527819068
2391,2,2,2,2004,0,4,484885.420436399
3911,3,1,2,2006,1,3,848775.407311874
4730,4,2,2,1990,0,1,1015913.71901007
2796,2,3,1,2019,1,5,609678.021545568
2112,3,1,2,1998,0,3,514450.923490164
2085,1,3,1,1993,0,4,454440.532774421
3183,3,1,2,1984,1,9,674566.425422503
4039,3,2,1,1954,0,7,861768.927341583
2939,5,2,1,2020,1,5,679366.403623395
2504,2,3,1,2023,0,8,571024.188889255
1162,4,2,2,2023,1,6,308964.236897229
3404,4,1,2,2000,0,10,730510.74310739
2516,5,2,1,2006,0,2,541825.484547193
4538,4,2,1,2007,1,7,977260.017870458
3269,3,1,1,1985,1,1,692855.615937031
1356,5,3,1,1959,1,3,331825.645877519
1625,1,3,1,1999,0,1,334679.670972408
3608,2,2,2,1986,0,1,771086.463110984
3519,2,1,1,1969,0,5,785010.315192362
4308,2,3,2,1962,0,6,933486.542846774
4541,3,3,2,1968,0,3,994846.52715467
2374,1,2,2,2005,0,3,528152.961705842
4798,5,1,1,1994,1,3,1059428.25820996
2929,5,3,1,2009,0,1,645355.093423567
3203,2,2,1,2017,0,5,689122.771959674
4129,1,2,1,2006,1,1,853284.516438599
1388,1,2,2,2003,1,10,337122.320941659
2812,1,2,2,1986,1,10,629104.177509665
2347,4,3,2,1986,1,3,566239.153789476
1094,4,1,1,1963,1,6,307383.084537878
2785,2,2,1,1993,0,6,600954.268424641
3917,1,2,1,1991,0,3,813788.468522292
2490,1,3,1,1950,1,9,575836.591854838
1936,5,2,1,1972,1,8,502884.860951446
2864,5,2,1,2013,0,3,603825.12091857
1807,2,1,2,1977,1,5,389465.275902527
3314,1,2,2,1953,0,5,725482.763348484
4326,2,3,1,1990,0,5,913678.260751724
2047,5,1,2,2009,1,3,477798.085165826
4702,5,3,2,1967,0,5,1013812.51317685
2235,4,1,2,2012,0,5,500407.367360586
1371,2,1,2,2010,0,4,325148.444538109
3182,2,2,1,1998,0,4,650699.590150481
2045,1,2,2,1996,1,2,450619.443662419
2884,1,2,1,1988,1,9,644952.94323626
1077,4,3,1,1955,1,7,316306.697914138
2687,3,2,2,2002,1,1,600971.599905257
2065,3,2,1,1974,1,5,495897.655757851
1840,3,1,2,2014,0,2,394682.596223542
1717,2,2,1,1954,0,10,379854.931691876
1685,2,2,1,2014,0,6,446425.111081263
3552,5,2,2,1957,0,7,783868.382885644
821,2,2,2,1988,1,2,210588.638233636
3991,2,1,1,1992,1,6,873146.002442947
3153,2,2,2,2022,0,3,709502.232304856
1486,4,1,1,1954,1,9,370586.797076633
1084,2,3,2,1953,0,4,238829.618295262
4547,1,2,1,1950,0,3,907346.16623021
1562,1,2,1,2005,1,3,396227.655537573
3228,5,2,1,1994,1,2,700647.325338474
3307,4,1,1,2014,1,9,747711.101587111
828,1,2,1,1952,0,8,185167.879198926
1706,4,2,2,1971,1,5,384991.102051042
3904,4,3,1,2021,0,9,855490.616172658
4799,5,1,2,2005,1,2,1012355.33334147
3794,4,1,2,1967,0,6,804509.289364417
3306,2,3,1,1974,1,7,782352.627435435
4409,4,1,1,1997,0,6,955422.40260431
4353,5,2,2,1980,0,3,962886.73798885
2253,5,2,1,1979,1,10,576216.489071231
4156,5,3,1,2015,0,10,923678.476923024
1315,1,1,2,1959,1,10,312007.041015559
838,2,1,2,2020,1,9,240823.365296528
4142,1,1,2,2008,1,8,886611.269248312
1686,3,3,2,2000,0,8,391979.864570867
3644,2,2,2,1958,1,8,801046.195761672
3004,4,3,2,2003,0,9,665141.757332593
1898,5,2,1,2011,1,1,453313.551733979
2623,3,3,2,1958,1,8,600217.913137067
4001,2,2,2,1958,0,2,804478.185184856
3955,1,1,1,1973,0,4,759221.044672196
3893,5,1,1,1988,1,1,828123.418751508
4330,1,1,1,1957,0,6,944102.616614658
4578,2,3,1,1974,1,10,987857.955449082
3696,2,3,1,2015,0,1,796599.20402241
4253,3,3,1,1959,0,5,857488.871422666
4311,4,1,2,1973,1,9,923992.848300892
1788,1,2,1,2008,0,1,346737.759565941
4916,3,1,1,1980,1,9,1055142.49974782
4826,5,1,1,1960,1,4,1107748.88701338
4979,4,2,1,1955,0,3,1066305.9735807
2482,3,2,2,2019,1,8,617790.313331952
4763,1,2,1,1981,0,6,984239.081807858
1733,2,2,1,1988,0,7,431721.734346377
4398,5,1,2,1997,1,9,1028431.41766707
4033,1,3,2,1962,0,5,843865.773339739
2780,4,1,2,2008,1,2,608518.382219316
2655,4,2,1,2016,1,3,572054.726575246
3856,2,3,2,2005,0,3,807473.493535576
1592,2,3,2,1990,0,4,367447.41688002
1591,5,1,2,2005,1,10,468973.840433729
2609,5,1,1,1984,1,7,580425.650647598
3055,2,1,1,1987,1,10,682491.547342424
4410,2,3,2,2016,0,6,889642.29696526
2407,4,3,1,1983,0,3,534730.929279036
1784,2,3,1,2019,1,7,435584.883935301
4476,3,2,1,1960,0,4,960014.578817214
4180,1,2,1,1976,1,10,915725.576991048
1319,2,1,1,1997,0,8,322735.100822171
1390,5,3,2,1973,1,7,393510.548502406
1850,3,1,2,1967,1,7,442143.478225067
4433,5,3,2,1976,1,9,967403.342350276
1759,3,1,2,2003,1,8,379508.575907999
1492,2,2,1,2004,1,1,332732.80445657
4699,1,3,2,1970,1,7,997434.614173419
3746,5,2,2,2008,0,3,849548.294929387
1326,3,3,1,1983,1,4,334684.958121095
4024,4,1,1,2007,1,6,877885.774144583
3053,2,3,1,1997,1,5,685238.178171044
4144,1,2,1,2003,1,8,881049.70031372
4765,2,3,2,1967,1,2,1029263.54997367
2675,4,1,1,1952,0,5,644483.340459597
2563,1,3,1,1973,1,5,622369.637855268
1320,4,2,1,1950,1,3,340426.015681112
1816,2,1,1,1955,1,10,441622.309117386
916,3,2,1,1968,1,5,292671.403009337
3233,2,3,1,1992,0,4,689850.949427593
1383,2,2,2,1957,0,5,338579.803548105
1194,2,3,2,2018,1,10,290420.996757854
4588,5,1,2,2001,1,9,1006829.02129313
3568,4,2,1,2022,0,7,813502.865416133
4967,4,2,1,1996,1,1,1043445.10915531
4660,4,3,2,1977,0,3,992798.720531758
1073,5,2,2,1995,1,9,277244.758859947
2813,3,2,2,1953,0,4,664744.207362741
2189,2,1,2,1957,0,4,506375.701745423
4366,3,3,1,2010,1,10,967902.489153819
965,5,3,2,1966,1,6,303687.821802058
2367,4,1,1,1983,1,3,552297.452673584
1528,2,1,1,1969,1,3,389207.79382577
2843,1,3,1,2023,0,9,607629.998940716
4997,1,1,2,1983,0,5,1047706.69049821
4296,3,1,2,1992,1,7,957135.412471304
1578,4,1,2,1959,0,5,405983.149261911
1013,1,3,1,1979,1,6,204115.727904208
4562,3,1,1,1974,1,8,971418.138043371
2376,5,2,2,2006,1,8,548720.734467452
3248,3,2,1,2012,0,2,699339.707139267
3736,3,3,2,2020,1,9,783799.244512143
3917,3,1,1,1996,0,10,797259.42772636
1391,2,2,1,1952,1,6,395452.374796907
3520,3,3,1,1995,0,7,785442.234706584
1513,3,2,1,1985,0,3,354625.23107997
1735,2,1,1,1975,0,4,393091.816195975
801,2,3,1,1959,0,6,216858.52309373
3648,5,2,1,1983,1,7,850533.766413788
4844,4,3,2,1957,0,6,1025988.8951984
2749,1,2,1,2004,0,5,589465.370651839
1717,1,2,1,1959,1,2,390085.531698443
3974,3,1,2,2006,0,7,824628.551038542
3041,5,1,2,1994,1,5,725124.576476576
889,3,2,2,1999,0,9,233658.081502465
2509,1,3,2,2013,1,4,579235.541745223
2969,2,3,1,1951,0,10,661672.818159287
3841,4,1,1,1994,0,2,860039.620810226
905,5,2,2,2011,0,7,235965.522786962
1686,2,1,1,1963,0,7,356081.029962239
1227,4,2,2,2023,1,1,290757.610224892
2695,5,2,1,1964,0,5,617332.388762859
1116,5,1,1,1963,1,3,340736.709894455
1434,1,3,1,1980,1,9,393627.340454131
2725,2,1,1,1978,1,9,554250.784989039
2856,5,2,1,1976,1,7,673442.679030563
3944,5,1,2,1958,0,9,790476.159737125
3070,4,3,1,1969,0,2,694875.794844626
2239,1,3,1,2007,0,10,530754.23537238
1352,3,2,1,1998,0,8,333393.893132695
1515,1,1,1,2006,0,10,350099.539437369
4711,3,3,1,1965,0,10,1019040.97232351
2513,2,1,2,1957,1,10,552988.952031469
4189,2,3,1,2016,1,1,901592.644633037
1907,5,2,2,1968,0,3,444614.799958669
1050,2,2,1,2016,0,8,287257.292732241
3230,5,1,1,1985,0,8,722159.326637019
2854,1,2,2,2009,1,10,614274.422337794
1258,2,3,1,1985,0,8,272203.383228362
1007,1,2,1,1960,0,7,195798.379373607
1699,1,3,2,2000,0,2,403612.733598861
4261,2,3,1,2004,1,3,899755.266178525
4185,1,2,2,2003,1,9,907464.354752041
821,2,3,2,1966,0,2,249780.747293613
1209,2,3,2,2011,1,7,298729.891717553
1694,2,1,1,1991,1,1,366113.062890471
1314,3,1,1,1973,1,3,318495.956191117
4909,1,1,2,1966,0,1,1000535.8175105
2934,4,2,1,1997,0,6,701988.783756396
4395,2,1,2,2019,1,4,970145.514852353
3756,1,3,1,1956,1,1,809721.885397669
2360,5,2,2,1963,1,5,598235.344224922
2066,2,2,1,1960,0,4,450744.524685804
2969,2,2,2,1961,1,10,676279.114179712
4438,4,2,1,1954,1,10,975062.158886533
1549,3,3,2,1954,0,2,328540.790435509
4227,3,3,1,1969,1,7,956496.86854484
2727,2,1,2,2003,1,8,622692.468349747
4604,1,2,1,2004,0,4,953251.836835592
4502,5,1,1,2007,1,9,997338.303767196
3156,5,3,2,1979,1,3,682544.628227337
3135,1,2,1,1973,1,6,655563.116671182
1106,2,3,1,2022,1,7,300603.829252851
4465,5,1,1,1952,0,7,955772.183318137
2789,3,3,1,1997,0,6,615357.173969563
1461,1,2,2,2020,0,9,336583.598380523
1111,4,2,1,1971,1,1,273138.280774572
3720,2,1,1,1963,0,9,771802.041999399
1882,1,2,2,1997,0,9,383091.059226866
3771,5,3,1,1978,1,4,842537.043024712
1554,2,3,2,1999,0,5,376265.213690257
4930,3,3,1,1959,1,3,1013909.1464445
1152,2,3,2,2020,1,7,300798.804372504
1702,2,1,1,1976,1,2,393428.581317289
4688,3,3,2,1977,0,8,981860.489906771
958,3,1,2,1958,0,9,289153.545288702
2777,2,3,2,2020,1,6,613757.11577404
1756,3,1,1,1975,0,9,410668.507788587
2871,1,3,2,1957,1,6,628168.262485051
1203,3,3,1,1951,0,3,250330.639435224
3579,3,1,2,2006,0,10,806018.801792101
2187,2,2,2,2001,0,3,452512.030789519
4253,1,2,2,2007,0,2,870686.987114857
1755,4,2,1,1952,0,5,430941.52503195
2512,4,1,1,1957,1,4,610922.585653613
2073,5,2,2,2008,0,6,465601.692952579
4611,3,2,2,1951,0,5,966037.910360139
3425,3,1,2,2011,0,6,772560.465750179
3182,1,2,2,1998,0,4,679992.846981886
2241,4,2,2,1969,0,3,523979.28397629
3779,5,2,2,1978,1,1,807521.706605596
2597,1,1,2,1966,1,5,554919.761751836
4809,3,1,2,2023,1,6,1025604.11419049
2194,4,2,1,1971,0,5,482352.631066426
2069,5,2,2,1955,0,5,446935.759358152
4514,2,1,1,2011,1,6,948037.53603091
1329,4,2,2,1980,1,4,376657.204989611
4423,5,1,1,2011,1,4,968079.336639012
3758,1,2,1,1961,1,8,844957.272839334
3714,2,1,2,1961,0,8,796275.522855738
4391,5,3,1,2012,1,3,948082.306760301
2947,5,3,1,1965,0,7,707340.475330793
4169,3,1,2,1974,1,5,904108.153516698
1739,4,3,2,1971,0,5,441845.970810685
1325,3,2,2,1967,0,3,287291.795721986
801,2,1,1,1994,0,2,217168.907240363
1174,5,1,2,2017,1,3,340522.231888605
3140,3,2,1,1961,0,7,696244.178608913
4805,4,2,2,1998,0,3,999826.947854755
3852,2,1,2,1982,1,2,815249.779282185
3165,1,2,1,2012,1,4,695282.278680956
2325,3,1,1,1967,1,5,535864.250498413
2446,2,2,1,2003,1,7,570227.068452694
813,1,1,2,1976,1,1,220906.147691323
3078,3,2,2,1974,1,8,678388.833665702
3955,2,2,2,1983,0,10,822123.109475997
929,2,3,1,2009,0,3,228861.529965694
4614,3,3,1,2003,1,6,992556.421028253
4016,2,3,1,1954,1,4,884846.160328904
3738,5,2,1,1985,0,5,795737.54025853
4728,3,1,2,2003,0,10,1036109.54685444
2840,2,2,1,1985,0,6,649840.302738669
827,1,3,1,2018,1,2,211407.624106557
2913,1,2,2,1988,0,3,613118.403139533
2052,5,3,2,2019,0,8,480211.337469246
2846,3,3,1,1953,1,8,639633.477525648
4823,2,1,1,2023,1,1,997391.582983858
4174,2,1,1,2014,1,10,940873.501695948
4266,1,3,1,1989,0,8,900403.230354731
3881,5,3,1,1986,1,2,829145.676084
4578,1,2,1,2016,0,10,971983.8585528
1429,1,3,2,1980,0,10,361457.253115557
1069,5,2,2,1996,1,8,312164.71576696
3439,3,3,2,1976,0,10,799530.335993175
2793,2,1,2,2000,1,5,633037.716681648
3691,3,1,1,1969,1,1,764971.781752804
4232,4,3,1,1962,1,8,926614.17969009
2080,4,2,1,2012,1,5,501655.657035615
3160,4,2,1,1993,0,1,643345.269049335
1375,5,2,2,1973,1,4,370408.918436765
2107,1,3,1,1952,0,1,405360.439318634
3992,3,3,1,1959,0,9,895985.836389113
3978,2,1,1,2014,1,10,888281.842119793
3534,4,1,1,1998,0,2,770419.534022877
3012,3,3,2,2007,1,8,669503.040891192
3152,4,1,1,1951,1,4,706655.070615339
4368,4,2,2,2015,1,9,952765.562812134
2455,2,2,1,1980,0,2,501229.618063748
2379,5,3,1,2017,1,3,556331.424705715
3003,1,2,1,1986,1,2,659056.638412302
2190,5,3,2,2022,0,10,534095.354820794
2542,3,2,1,1973,1,5,614667.748103361
2725,5,3,1,1993,1,1,647144.513487007
1419,3,2,1,1990,1,3,364267.27034764
2074,3,2,2,2023,1,1,432576.83626386
1756,1,1,2,2000,1,10,404071.036746118
2739,2,1,1,1991,1,8,585190.689739145
4753,1,1,2,1989,0,4,973024.928009402
3181,5,1,1,1997,1,3,697868.096901921
1768,3,1,1,1953,1,8,418159.876173552
2116,4,1,2,2009,1,9,536729.068309346
1843,4,3,1,1988,1,8,474481.248225146
1081,3,3,1,1954,0,6,304377.860724541
3644,1,1,2,1955,1,3,727782.9222746
1858,2,3,2,1963,0,8,432049.367415392
3332,1,1,2,2019,1,5,735567.624534915
4628,3,3,2,1961,1,5,1038257.39787218
1808,3,2,1,2011,0,9,389897.790257688
2029,2,3,1,1976,0,1,435012.909095971
1835,5,3,1,2003,1,7,493855.666850119
1075,5,3,1,1961,1,8,314193.042179714
3540,2,2,1,1957,1,10,760239.558145757
3089,5,1,1,2023,1,3,658050.0205376
2039,4,3,1,1965,1,8,478082.461633421
925,5,3,1,2001,1,1,225777.458285907
4865,5,2,2,1975,0,8,1058461.51142085
4668,5,1,1,1957,1,7,1047007.75464447
2008,4,3,1,1994,1,4,452075.631027285
4049,5,2,1,1968,1,7,912243.243530276
1718,4,1,1,1966,0,10,439731.775736147
4723,2,1,1,2014,0,7,990532.291828791
2769,1,3,2,1978,0,10,568532.642627069
3593,2,3,2,1963,1,1,781255.288866563
1691,1,3,2,1966,0,3,370833.826380888
2833,2,3,1,1962,1,7,633687.383784979
2164,1,2,1,2012,1,5,469129.068855988
928,1,2,1,1982,1,9,249769.685656851
1814,3,3,1,1978,1,7,456545.447711174
2599,1,1,2,1986,1,3,618566.203358396
2318,1,3,2,1995,1,1,509408.30170968
4981,3,1,1,1973,1,5,1098978.52900032
1998,5,1,1,1963,0,10,493543.877085672
4673,5,1,2,1954,0,5,1002111.79180881
3274,3,2,2,2002,0,7,719513.688192782
4285,4,1,2,1979,1,1,889456.590757687
4849,1,1,2,2009,0,10,1022446.5067688
4519,1,2,2,2022,1,2,894998.373379466
1102,3,1,2,1977,0,6,251833.341052787
4752,3,1,2,1975,0,8,1012146.07732835
1786,4,3,1,1967,1,4,469049.556829471
2663,5,1,1,1985,0,3,632365.60992496
3872,2,1,2,1957,1,3,817486.335508977
3924,5,1,1,1967,0,3,852692.932988261
2127,1,1,2,2007,0,2,471009.061739551
3208,3,1,1,1981,0,1,646362.660695177
4473,4,2,2,1998,1,5,984718.687632888
4091,5,1,1,1997,1,10,897502.678315855
4833,4,1,2,2020,0,5,1022304.37388308
1503,5,2,1,2014,0,5,364124.418737642
1374,1,2,1,1982,1,4,332683.953176204
4032,2,1,2,1999,0,3,854157.591850227
3432,4,1,2,1953,0,3,762676.966934935
4628,4,1,2,1985,1,2,1000304.97071161
4030,2,3,1,1977,0,5,860291.344249222
1288,4,3,1,1952,0,4,370950.595010965
2147,4,1,1,1955,1,6,469291.023245071
4481,5,2,1,1994,1,2,1019590.24650323
3973,5,1,2,1972,1,2,863354.45227829
2467,2,2,2,1956,1,8,576672.289659208
2437,1,2,1,2010,0,6,517258.50798516
4914,4,2,2,2014,1,3,1039236.45926121
4353,1,1,2,1955,1,5,927714.429819856
1800,2,1,2,1973,0,3,420053.207715361
1650,2,2,2,1986,1,2,392825.198874185
2188,5,3,1,1994,1,3,513047.105332928
4512,4,3,2,2000,0,1,1050683.75157039
2167,3,3,2,1994,1,7,544364.341771656
1621,2,2,2,2012,1,6,410533.557605181
1254,4,1,1,1978,0,5,301975.894231445
2424,1,2,2,1974,1,6,522170.855292774
3572,5,3,1,1959,1,8,811404.023103927
4526,1,1,1,1984,0,3,956235.163609812
3947,2,2,2,2004,0,3,803634.891573104
4889,2,2,2,1974,1,5,1011094.90421364
2990,1,3,1,1994,1,5,666488.688334025
1716,2,2,1,1961,1,1,399179.911116053
4786,4,1,1,1953,0,4,994942.161552728
3675,2,3,1,2016,1,9,784719.910539619
2240,5,3,2,1966,1,8,587947.424834211
1535,4,1,1,2022,0,3,369925.110632489
4368,3,3,2,2014,1,5,914511.603406799
4138,2,2,2,2002,1,5,855259.361597943
3815,2,2,1,2006,1,7,819962.200688738
3689,5,3,2,1977,0,8,845121.045174941
1761,5,1,1,1965,0,9,449075.220052707
3789,1,2,1,1970,1,7,842091.963425031
4648,1,1,1,1991,1,2,928341.25481348
1826,1,2,2,2003,0,8,414796.167244491
4665,5,2,2,1981,1,8,1067647.75830803
3663,1,3,1,1987,0,2,796920.043261903
3301,1,3,2,2019,0,6,712172.749535317
2747,3,1,2,1987,0,10,673100.462716347
1977,1,3,2,2003,0,1,438632.127910397
811,2,2,2,2009,0,7,239268.665821034
4164,5,2,2,1996,1,10,938911.197969388
3822,4,1,1,1961,0,2,795875.617678893
4171,3,1,2,2002,1,5,877319.769980531
3630,5,2,2,1982,1,7,826540.38036986
842,5,3,1,1977,1,10,273112.449828745
1743,2,3,2,1952,0,9,366385.358252163
3190,1,1,2,1975,1,1,645355.160376857
3345,2,1,2,2003,1,9,728039.910648648
3211,1,2,1,1989,1,5,710381.984398429
1804,1,2,2,2015,0,6,398398.152845948
820,5,1,2,2017,1,8,256198.394737487
1206,1,2,1,1996,0,2,242527.184324917
1814,3,1,1,1951,0,7,419379.152001553
2638,3,1,2,1991,1,4,622577.52568615
3988,3,3,1,1983,1,9,888489.377818964
1514,5,1,1,1970,0,6,338117.160462953
4946,2,2,1,1993,0,7,1008911.93014239
4654,4,3,2,1951,1,6,1033519.72193058
940,1,3,2,2008,1,8,246392.113119435
1763,4,2,1,1965,1,6,433735.494247412
1172,2,2,1,1969,1,7,285081.645624631
4435,2,2,1,1975,1,8,968585.305304998
3341,5,1,1,1965,0,1,718677.057168866
4410,3,3,2,2019,0,10,952334.669456785
2492,3,1,1,1972,0,4,524119.415208422
905,2,1,2,1991,0,6,247042.282453569
2481,5,1,1,1986,0,1,548671.680209589
4897,5,1,2,2021,1,4,1076597.00832799
4816,1,3,2,1955,0,6,976360.21089915
3436,3,3,1,1986,1,7,811547.078459465
2937,2,1,2,1971,0,6,662334.350962831
4216,4,2,2,1955,0,4,857455.058258527
4330,3,3,2,1981,1,7,926951.563123407
2086,1,1,1,1966,0,10,474140.859775247
3979,5,2,2,1987,0,2,828806.783596275
4454,2,2,2,1966,0,6,935510.147945917
3159,3,1,1,1986,0,5,692465.79464942
1244,4,3,1,1972,1,2,320181.852200513
835,1,2,2,1998,0,9,227470.967588427
2275,1,3,2,2010,0,7,483666.752384953
4757,3,3,1,1998,0,3,949295.461445797
2598,4,2,1,2010,0,7,615152.882804127
2645,1,1,2,1981,0,6,586395.366340063
2208,2,2,2,2012,0,7,555190.916057208
2508,1,2,1,1956,0,4,478420.337051642
3738,4,3,1,1971,0,10,851370.80273367
2100,5,1,2,1955,1,8,464782.946547915
2043,5,3,2,2010,1,8,556512.332041883
4776,3,2,1,1963,1,7,1043396.6708424
3897,4,1,2,1965,0,7,821601.778808094
809,1,1,2,1952,0,10,226305.561865036
3225,1,1,2,1958,1,8,685173.874807077
2460,5,1,2,1996,1,1,572510.402488782
3431,5,1,1,1991,1,6,779349.017905227
1872,2,2,1,1991,1,2,469004.203403682
4025,5,2,2,1972,0,1,913373.147752163
2116,2,2,2,1952,1,10,483268.365668162
4945,1,3,2,1950,0,7,1061452.6404499
4483,2,1,2,2016,1,6,963471.003889257
4073,2,1,1,2020,0,5,819282.948324827
945,3,2,2,1952,0,5,226594.290490696
3840,5,1,2,1998,0,9,908403.652489991
2262,2,3,1,2016,0,9,523346.360027616
2384,1,1,1,2004,1,6,549794.489487938
1282,4,1,2,1953,0,3,305098.892190825
3979,2,3,1,1980,0,7,838301.452132016
2049,5,2,1,2015,1,4,497481.612690862
1430,3,2,2,2013,1,5,349347.398618845
1461,1,1,2,1980,1,7,305868.67672421
4303,3,3,1,2012,1,7,916516.863563649
3652,4,2,2,2015,0,10,828097.112860306
3266,2,2,1,1980,1,8,712682.73277244
1787,2,2,1,1996,0,1,391042.622050698
2346,5,1,1,1971,1,5,560073.07626243
1449,2,3,2,2023,0,9,359626.251220468
1768,1,1,2,1995,1,7,433264.476532884
3437,4,2,1,2007,1,2,730932.604623287
1900,3,3,1,2010,1,1,457256.318088591
1240,4,1,2,1995,1,8,350875.694837991
1569,2,2,1,1950,0,9,395446.294475038
2143,3,2,1,1974,1,10,478277.060014628
4529,5,1,2,2010,0,5,982170.480458675
4706,4,2,2,1963,0,6,1052101.89865996
2377,3,2,2,1994,1,2,533921.987021084
4808,3,3,2,1988,1,5,1048687.36754911
4151,3,2,1,2015,0,4,901709.88986463
3149,1,1,2,1981,0,8,643163.253890044
4402,4,3,2,2007,0,8,1005245.618225
2041,3,1,1,2005,0,5,470687.519924223
1925,4,2,1,1955,0,8,471987.570354836
3401,3,3,1,2016,1,6,716649.315549737
1990,5,3,2,1999,1,10,527863.619955333
4931,5,3,1,1987,0,6,1081860.25853448
872,5,3,2,1952,1,4,307004.783193052
2714,2,1,1,1954,0,10,590018.369642391
3272,3,2,2,1973,1,3,693708.541760039
3846,2,2,1,2003,0,9,809144.025130642
1507,4,3,2,1983,1,5,373775.544124818
2604,2,2,2,1988,1,10,567828.837046716
4513,4,1,1,1997,0,10,1009854.00059415
3364,4,2,1,1998,1,4,782992.446573292
3275,4,1,2,1983,0,6,713105.207471499
4410,2,1,1,1956,0,4,909181.001947895
3623,3,2,2,1967,1,6,752212.952167017
2535,2,1,2,2019,0,10,579399.03138259
2385,3,1,2,1983,1,8,592336.002720646
866,3,1,1,2000,1,8,231270.132068511
3861,4,1,2,2017,0,6,832280.38685559
3228,2,3,2,1963,1,1,709457.286532893
4953,3,2,2,2018,0,1,1076710.45901525
1141,5,3,2,1957,0,3,307194.405545877
3574,3,1,1,1964,1,2,775685.747900663
3617,5,2,1,2008,0,1,790882.962528995
3461,2,1,2,1960,1,1,699574.187327408
2032,2,2,1,1969,1,6,433230.233654253
4674,2,3,1,2004,0,7,970600.120772128
3201,3,2,2,1985,1,8,744522.264350934
2294,1,1,1,1963,0,3,474416.07323635
1461,3,2,1,2007,0,1,321959.898779943
4683,3,2,1,1987,0,5,977920.634896406
4419,4,3,1,1950,0,8,959358.578038183
2668,4,1,1,2014,1,4,648152.698352541
3134,3,2,1,1950,0,2,669020.065357572
4174,5,3,2,2009,0,9,907142.564865629
1816,4,2,1,1974,0,9,440831.140727041
1007,3,1,2,1959,1,3,304277.090144038
3465,1,2,2,1999,1,7,736429.38202661
3293,5,2,2,1961,0,1,692074.874789226
1432,2,2,1,1981,1,8,342875.21825674
2902,3,2,1,1982,1,8,662619.093408711
3759,3,1,2,2021,0,3,813006.023770634
3883,5,3,2,1975,0,5,881772.089467056
2731,4,3,2,1991,1,4,602057.068150942
4519,4,2,1,1999,1,7,966028.866638523
3362,4,1,1,2010,1,7,745318.443515313
2479,2,1,1,1990,0,8,561912.325617422
1036,5,1,2,2006,1,5,260699.802558694
2340,5,1,1,1951,1,5,537816.827239558
4743,4,1,1,2019,1,8,1017781.4067647
1163,4,1,2,1980,1,5,331143.721384109
3168,1,2,1,1972,0,1,669806.519016611
1085,1,3,2,2003,0,3,273592.959026248
948,3,3,1,1977,0,2,274066.949355826
4837,3,2,2,1968,1,10,1044758.74762277
2566,5,3,1,1997,0,5,563514.846128658
1812,5,1,2,1951,1,8,426875.909553825
3631,2,1,1,1960,1,9,747247.310873529
3307,2,3,2,1993,0,9,711930.829258345
2323,1,1,2,2008,1,1,487994.434629207
3585,3,1,1,2008,1,1,789688.835170126
3356,1,3,1,1987,1,1,714622.855429415
4525,1,2,2,1974,0,1,915741.788891435
2401,3,3,1,1970,0,9,549300.031845985
3208,2,3,2,1991,0,1,653625.662907131
1140,3,3,2,1985,0,7,319635.164268782
3617,4,3,1,1958,0,6,776752.110929762
3296,4,2,1,1961,0,9,707701.718201603
2525,4,2,1,1959,0,9,602447.049167687
2489,5,1,2,2008,0,4,579154.105209096
4067,2,1,2,1954,0,9,822307.865536025
1061,2,3,1,1982,0,6,286575.040867756
2242,5,1,2,2018,1,5,514860.184022649
1205,1,2,2,2012,0,9,278647.386810902
2990,4,1,1,1978,1,7,683675.502692348
1043,4,1,2,1967,1,9,310265.622065421
4907,1,1,2,1955,0,5,1022536.97936719
1360,3,3,2,2002,0,4,327754.54172735
4937,3,1,1,1981,1,10,1056783.9167771
3525,2,2,1,1991,0,3,754305.517339136
1393,5,2,2,1996,0,5,350640.304066394
2626,2,2,1,1980,1,9,642333.861478148
4029,3,2,2,2011,0,3,869460.225249248
4087,1,1,1,2005,0,1,812314.609375241
4873,2,3,2,1960,1,2,1018660.00121566
933,4,2,2,1975,1,10,282804.804431496
3938,4,2,2,1976,1,5,900085.780376761
4719,1,3,2,2006,0,3,1013077.6252278
872,3,3,1,1976,1,6,242496.631990861
3778,4,2,2,2008,0,8,806259.144585264
2785,4,2,2,2011,0,6,598462.558969845
1592,5,3,1,1969,0,10,419710.718930395
894,2,2,1,1952,1,9,308394.607730437
1933,3,2,2,1965,0,6,458077.352606378
1037,2,1,2,1993,0,5,207552.1868329
3746,3,3,1,1979,1,4,803049.89741885
3330,4,1,2,1989,1,2,716402.144953877
2760,5,1,2,2014,0,6,604449.936997127
1848,2,3,2,1978,1,2,415902.654376645
3329,4,1,2,1979,0,5,735034.871525499
3764,3,2,2,1981,0,1,812849.529233066
1763,2,1,2,1959,0,3,413894.087272916
1336,2,3,2,2000,1,10,360305.064326179
4479,4,2,2,1957,1,5,926946.243991779
4987,2,2,2,2000,0,7,1021967.38531172
4524,5,2,1,1985,0,8,984847.64907852
1342,5,2,1,2004,0,7,353081.996394187
1645,4,1,1,1984,0,7,416535.458996906
4403,3,1,2,1985,1,2,937679.604405419
3836,4,2,2,2005,1,6,851467.681346592
3294,5,3,2,1985,1,5,759744.934078477
3519,1,2,1,2010,1,9,759424.45653047
2684,1,1,1,2011,1,10,598972.128496945
4938,2,2,2,1974,0,4,1057745.80447529
4001,2,1,1,2013,1,7,859102.2275304
3510,1,2,1,2009,0,8,745244.681830393
2753,5,3,2,2006,0,6,632760.36488082
4650,2,2,2,2019,1,3,1016444.34534478
1489,4,3,1,2001,1,5,355098.666829264
2750,4,3,2,2005,0,1,652396.17236978
1256,5,2,1,2012,0,8,305790.453637112
2930,2,3,1,2017,0,2,610644.493466806
4776,4,3,1,1969,1,10,1073818.45674288
1979,2,1,2,2003,1,7,482557.917386842
4365,2,1,1,1950,1,9,904912.524575038
1682,4,3,1,1959,1,1,382082.453418823
1199,1,2,2,1972,0,4,278746.070236796
1408,4,3,2,2000,1,7,431210.484694095
2438,5,2,1,1973,0,9,605756.569524967
2948,3,1,2,1962,1,2,639397.573759205
2182,4,2,2,1978,1,2,446921.771548106
2203,2,3,1,2007,1,6,510641.068360529
1619,2,3,2,1992,0,3,376857.420091164
4092,4,3,1,1959,0,4,875832.62147293
1619,3,3,2,1980,1,3,371531.900236335
1219,4,3,2,2023,0,1,305779.131508035
4102,3,2,1,1963,0,6,854843.470152651
2308,3,3,1,1983,1,2,574411.216520218
1567,5,1,2,1966,1,2,427318.619938346
2844,2,3,2,1970,0,7,641247.815789819
2939,2,2,2,2016,1,5,650042.764227983
3829,3,3,1,2007,0,8,818295.897834661
2349,2,3,2,1957,0,2,510280.320402728
2564,1,2,1,1987,1,10,618782.428380182
3445,3,3,2,1975,0,8,779716.351460916
4516,2,2,2,2013,1,7,974292.306961912
3093,1,3,2,1979,0,10,696699.35835419
3508,5,1,2,1958,0,8,794240.266584521
1700,2,3,2,1981,0,3,393906.938497172
3884,1,2,1,1960,0,8,845314.081474788
2809,4,1,1,1983,0,6,637725.691120619
1041,4,2,1,1967,0,2,285663.786752584
3185,1,3,2,1968,1,6,699034.676240863
1471,3,1,1,2003,0,5,337846.854420247
963,3,2,1,1986,0,3,227895.928026496
1264,2,1,2,1961,0,1,264117.259863226
3842,4,1,2,1953,1,7,809270.738938962
3242,3,2,1,1992,0,2,671601.501329708
3155,3,1,1,1976,0,1,645478.661760446
3357,4,2,1,2000,0,1,711716.370100399
1345,5,1,1,1954,1,7,399056.105265957
4635,3,1,1,1955,1,1,976060.951111156
1393,1,1,1,2005,1,9,341644.172247108
4604,2,3,1,2017,0,6,980632.991112798
2259,3,3,2,1993,0,4,548489.522821059
4293,3,2,1,1964,0,4,896210.363653868
3401,5,1,2,1991,1,5,759636.947993549
3244,1,2,2,1960,0,2,672145.015705645
3472,2,3,2,2022,1,5,787813.371394369
816,3,3,1,1960,1,2,262802.642343861
3991,2,3,1,2015,0,4,857064.595492349
1192,4,3,2,1976,0,10,354222.734351547
1224,3,2,1,2007,1,5,319241.524911725
1371,3,1,1,2021,0,6,322884.91880958
4431,4,2,2,1970,1,6,998668.102164641
1920,5,1,1,1970,1,9,493190.441880845
1041,3,3,2,2021,0,4,246811.733352311
4697,2,1,2,1950,0,5,1004335.52345311
4895,1,3,2,2007,0,6,1016787.68422449
3079,2,2,2,1962,0,4,649529.411931895
1588,5,1,1,2022,0,6,412925.109204993
1514,1,2,2,1955,0,2,326579.196478877
3649,2,3,1,2007,0,7,795523.963401007
1575,2,2,1,1966,1,3,385548.48960177
4826,4,3,1,2022,0,10,1030626.42301819
3047,5,3,1,1961,0,4,696021.264117055
878,4,3,2,2001,0,9,291336.827631541
4726,1,2,2,2019,0,5,956288.32140651
1655,4,2,2,2022,1,9,434247.722220781
2948,5,1,2,2001,0,10,653863.306635493
1831,3,1,2,1986,1,10,471734.94209601
4071,3,2,1,1952,1,10,924497.639593744
4376,1,2,2,1957,1,10,931341.941493773
4982,3,2,1,1959,1,6,1124640.71630477
4256,4,2,1,1996,1,8,967865.632728432
4306,1,3,2,1990,0,5,918873.224628404
1207,5,3,1,2013,1,5,352665.272402653
3511,1,3,1,1991,1,3,775798.172730156
3888,1,2,2,1992,0,7,793708.939818896
2468,2,3,2,1958,1,2,554465.189961526
947,2,3,2,1963,0,3,242979.759634433
4697,1,1,1,1953,0,2,950396.598417436
2750,3,1,2,1951,0,8,620619.881736099
1165,2,3,2,1950,0,4,310792.35751085
2474,5,3,1,2014,1,10,594255.772805852
3346,4,3,2,1995,1,8,761839.392490717
1362,2,2,1,2008,1,8,320885.367603651
4362,1,1,1,1956,0,8,866725.27475473
3289,3,1,2,2015,0,8,736273.304513013
1572,4,1,1,1964,0,8,382756.655129019
2837,2,3,1,2021,1,9,645589.48542882
4223,3,2,2,1996,0,2,865930.659545662
3367,3,1,2,1989,1,9,745762.411774095
2373,3,1,2,1991,1,8,576014.844729553
4494,1,2,1,2000,0,10,948820.533419487
4091,5,3,1,1984,0,1,886929.593951385
2046,3,3,2,1990,0,5,474388.206946586
4519,4,1,2,2006,0,2,923890.446789839
4639,2,1,2,1987,0,10,998423.011602559
1159,4,2,1,2021,1,5,280420.047127104
3176,1,1,2,1957,1,8,665709.610468024
3809,1,2,1,2023,0,9,782569.630774821
3793,4,1,2,2012,0,9,826219.375834236
1762,5,1,1,1953,0,1,401588.682411554
4432,1,1,1,1997,1,7,937369.374042294
2627,1,3,2,2001,1,8,566768.596005589
2413,4,2,1,1987,1,10,602737.38300766
2440,1,2,1,1954,1,3,552850.689218158
3016,5,3,2,2019,0,6,681854.662177707
1177,5,3,2,1973,1,3,312440.832085302
1169,5,3,1,1966,1,9,326316.06266637
2996,2,2,1,1975,0,3,630446.375124733
4547,5,1,1,1952,0,2,935393.869281221
1451,5,3,2,1951,1,9,373209.817194704
1569,2,3,1,1951,0,8,394303.009799624
3221,3,3,1,1971,0,8,720745.312151897
1580,1,1,2,2020,0,2,377856.862149413
2516,5,1,2,1953,1,6,583720.121245767
4783,1,3,2,1987,1,5,1002562.16932233
2111,4,1,2,2019,0,2,463002.526886409
4159,1,3,2,2022,0,5,863820.887919546
1322,2,1,1,2001,1,4,299901.149671335
1321,1,2,1,1980,1,9,332974.70536718
3120,1,2,1,1975,0,1,647727.60167871
1735,1,1,2,1985,0,6,367252.137454043
3030,3,2,2,1975,1,7,713278.722825473
4840,3,2,2,1977,0,6,1073414.57306216
4497,4,2,1,1954,1,5,1008564.43013934
3637,2,3,2,2023,0,4,788353.100327085
4883,1,1,2,1967,1,5,1040644.24315659
3261,1,1,2,1964,0,9,740610.387945658
4043,1,1,1,2006,1,5,872607.982893986
4159,1,2,2,1954,0,10,867170.353685018
1485,3,3,2,1986,0,8,375806.813166264
2960,4,1,1,1971,0,7,673656.106651583
4788,5,2,2,2001,0,4,1004732.0681491
4866,2,3,2,1964,1,10,1046076.72953392
2367,1,3,2,1966,0,5,540909.795601387
838,4,1,1,2000,1,7,203012.68162376
3344,5,1,2,1994,1,6,725539.286373985
2056,4,2,2,2012,0,3,465789.823659292
3790,3,1,1,1977,1,10,846841.989887643
2996,5,2,1,2008,0,3,634259.188876277
4268,4,3,2,1970,1,2,926430.268708351
3508,3,3,1,1991,0,3,784444.213477214
1101,4,3,2,2018,0,10,306916.286426857
1446,4,3,1,1966,1,1,385677.223590778
2559,5,1,2,2017,1,9,593997.146966625
1397,3,1,2,1956,0,2,300152.078580271
1461,1,2,2,1989,1,3,357421.845757126
2168,2,2,1,1989,0,5,487831.638366405
3381,5,2,1,1992,0,10,736560.099805639
4668,3,2,2,2022,1,4,980578.97709593
4337,4,2,2,2000,0,5,971514.531026435
1082,3,3,2,2022,1,6,271286.119513267
4478,2,3,2,1972,0,5,968958.21866815
2286,2,3,1,1981,0,10,510245.332569158
4882,1,2,1,1980,0,1,999320.603580822
4983,1,3,2,1966,1,6,1061964.81552358
1260,2,3,1,2007,0,9,261475.46973751
3125,5,3,1,1984,0,3,662432.066614318
4554,5,3,1,1979,1,2,998958.325469679
3268,4,1,2,2013,0,6,698492.310905403
2524,1,2,2,2002,1,3,573714.532381866
2176,4,2,1,2000,1,4,472046.977978297
3543,1,1,1,1986,1,6,770731.37640645
1314,2,3,2,1955,0,6,281394.469489892
1502,5,3,2,1983,1,2,377597.375146389
2453,5,3,2,2005,0,3,537990.555894051
2866,2,2,1,1974,1,9,692760.74701178
822,4,2,1,1962,0,2,186912.695925749
3260,4,2,1,2012,1,3,722948.507615774
2104,3,2,2,2015,1,9,459629.096299496
4100,1,2,2,1954,1,4,906989.253051765
1161,4,1,2,1960,0,1,290232.06040443
4527,2,2,2,1993,1,2,959824.327239967
2084,4,3,2,2018,0,3,517657.823482293
1314,5,2,1,1951,0,9,353485.561035565
1248,1,1,1,1989,0,9,297089.283903527
2655,3,3,1,1986,0,6,597293.132201629
4362,1,1,2,1998,0,6,919490.858136078
3320,5,3,1,1985,0,3,725688.965401969
3881,5,2,2,2022,1,5,860842.817315917
2228,5,1,1,2019,1,4,547858.365711436
4767,5,3,1,1983,0,10,1055334.32378895
1722,2,2,2,2007,0,10,401543.902147447
3937,3,3,1,1986,1,9,839386.940224232
2959,5,1,1,2009,1,9,726251.257113415
3347,5,1,1,1961,0,1,710863.647251231
3779,4,1,1,1981,1,8,864480.930960481
3081,3,1,1,1953,0,9,682593.841292202
3449,1,2,1,1982,1,5,707463.736931753
1113,3,3,1,1992,1,4,325906.886938265
3413,3,2,2,1958,1,10,773963.516159989
3883,3,1,1,2000,1,4,871983.633918426
3056,5,3,2,1969,1,2,692639.782481602
1837,5,1,1,1988,0,9,467001.280749176
4289,2,2,2,1972,0,5,858736.822216375
3434,1,2,2,1990,1,3,718294.603410156
4783,4,2,1,1993,0,6,992775.166694218
2578,3,3,2,1984,0,9,578230.40374904
4695,1,3,2,1972,1,9,1017795.29348765
1924,1,1,1,2007,0,5,399685.497808646
1497,2,3,2,1997,0,8,379996.05234097
2979,4,3,1,2007,1,4,656384.68391125
2204,3,2,2,2006,0,5,517930.915341249
1843,4,1,2,1988,1,7,482343.929146851
2729,2,2,2,1977,1,7,637138.153377275
1813,5,1,2,2013,0,7,429995.273704256
1026,1,1,1,2011,1,8,206063.660051396
2628,3,3,1,2011,0,5,600154.174918434
2823,5,2,1,1975,0,1,624469.132132117
3252,2,3,1,2000,1,9,702940.176496816
2885,4,3,1,1999,0,9,645093.02337824
1880,1,3,2,1985,0,7,457860.63291112
3120,3,1,1,1975,0,6,648566.494984746
3990,5,2,2,1982,0,5,884707.72939053
3430,5,2,1,2017,0,5,766448.954390935
3363,1,3,1,2022,0,3,697665.308383419
4092,4,1,1,1957,0,10,909513.317182826
4386,2,2,1,2015,1,1,966006.131472472
3747,4,2,2,1972,0,6,810000.712402845
4759,4,3,1,2019,1,8,1039720.47629807
3613,4,1,2,2004,1,2,804151.622624755
3383,1,3,2,1992,0,8,748556.070535875
961,1,2,1,1970,1,8,248007.319821284
1393,2,1,2,1971,1,10,340965.656597659
4059,4,3,2,1958,1,8,850358.836982006
4955,1,2,1,1983,0,10,1021549.77719084
3762,2,3,2,2008,1,3,782917.208198311
4688,2,3,1,1975,1,10,1034715.6249078
4190,4,3,1,1950,1,8,925902.426284979
1463,3,1,2,1954,1,4,347524.459861527
1932,4,2,2,1990,1,3,460173.593409426
1341,3,2,2,2012,1,9,328445.588246865
3774,2,2,2,1971,0,8,847631.179667219
1667,1,2,2,2017,1,10,430854.847792415
2866,5,1,2,1997,1,2,689652.669576192
1231,2,3,2,2015,0,8,322285.430780972
2006,1,2,1,1965,0,3,429463.047124452
3328,2,1,1,2002,1,10,775968.232575172
1969,4,3,1,2014,1,6,464775.829102176
1630,3,1,2,2013,0,5,354219.775524175
2451,2,1,2,2017,1,8,539162.212130754
1936,1,2,2,2012,1,9,462271.781672858
3610,4,2,1,2011,0,7,773947.370165308
1275,5,3,1,2020,1,6,349115.67529455
3610,4,3,1,1994,0,6,754953.617652881
2126,3,2,2,2001,1,1,495227.441635706
1819,4,1,1,2023,1,5,400872.415820422
2636,5,2,1,2014,0,8,587895.973628366
3248,1,3,2,1951,0,6,723029.178372416
2083,2,1,1,1998,1,1,489107.957924653
1459,3,1,1,1971,1,5,366157.827238663
2810,5,1,1,1978,1,5,653891.589543381
1198,3,2,2,1984,0,3,275326.008821144
2533,4,2,1,1973,0,8,561277.408406445
2925,3,3,2,1979,0,9,647943.957556066
2971,5,1,2,1991,0,6,629358.645638442
874,2,1,1,2020,0,6,224111.213873842
4271,2,2,1,1999,0,2,891420.77812021
1636,3,3,2,2020,1,10,393864.468332243
1299,1,3,2,2009,0,2,330017.047971034
937,3,1,2,1979,0,6,255572.842757176
2897,4,2,2,1961,0,8,670696.045100221
4496,2,1,2,1998,0,2,918016.501849021
2685,2,2,1,1995,1,9,608966.748049342
3557,2,3,2,1992,0,9,789084.316754686
4720,1,1,1,1951,1,4,989819.559177506
2700,1,1,2,2003,0,4,607047.519619247
3410,5,1,1,1984,1,4,758905.310764581
4786,3,3,2,2001,0,5,1004585.9866941
2249,3,1,1,1982,0,8,524656.321911786
1346,4,3,1,2021,0,2,298583.818192837
2803,2,2,2,2000,0,5,628707.423307703
2896,1,3,2,1975,1,2,592682.2049852
1503,4,2,1,2011,1,8,405564.616651464
3203,4,3,1,2010,0,1,682393.161145683
2425,1,3,1,1975,0,7,542914.603674585
4131,3,1,2,1986,1,3,907883.573651525
3778,2,3,2,1979,1,4,821435.529887598
3639,3,1,2,1960,1,8,771809.476208983
4184,4,2,2,2002,0,3,873380.618887321
3459,2,2,1,1990,1,7,739583.521474156
2661,5,1,2,1954,0,1,542824.827660056
3656,4,2,2,2015,0,9,836386.946468298
1485,3,3,2,1962,1,6,377752.689643908
2419,3,1,2,2012,0,3,499412.048870275
2231,3,1,2,1974,0,7,538591.871436459
1675,1,1,1,1993,1,5,362466.797496546
3261,4,2,2,1963,0,8,732464.312226872
2165,2,2,1,2018,1,8,481368.236370095
2043,3,3,2,2008,1,9,445143.496166774
962,3,3,2,2005,1,6,236288.986028719
2774,1,1,2,2001,0,4,570587.739228339
4091,2,3,2,2015,1,2,896657.421780151
1069,4,2,1,2017,1,3,296463.328670481
1431,5,3,1,1961,0,5,369705.128154281
1705,1,2,2,2017,0,8,334749.309431378
4271,4,3,1,1992,1,10,985952.153692002
4053,5,2,1,2022,0,2,882191.992412389
2814,3,2,2,2023,0,5,614814.558252696
2441,3,3,1,1955,0,9,588510.577749722
1004,2,3,1,1964,0,2,272987.418089207
1381,5,2,2,1991,0,8,389064.75619023
1640,3,1,2,1980,1,3,380822.837582418
2519,3,3,1,2002,1,8,562713.085980395
3443,2,2,2,1955,1,4,770323.072928552
3097,4,3,2,1982,0,4,652273.63892324
1674,3,3,2,1978,0,7,449481.418466607
1489,1,3,1,1970,1,5,353499.988629864
4800,1,3,2,2003,1,4,985477.89360751
3941,4,3,2,2005,1,7,848403.286146085
2222,5,1,1,1970,0,3,476459.879398599
1471,2,1,1,2004,1,9,364709.072668021
1971,1,1,1,2007,0,5,424040.191998505
4526,1,2,1,2013,1,3,918301.94566227
1743,4,1,1,1995,1,2,405688.605336102
2249,5,1,2,1971,0,7,491601.615347716
4537,5,2,1,2009,0,7,1003132.5451486
3339,4,1,2,1960,1,5,741435.168347182
4759,1,3,1,1996,1,4,994339.937352064
3161,2,1,2,1980,1,2,645997.231748312
4452,1,1,2,1967,0,2,903896.109994431
4470,5,1,1,1971,0,7,959631.802966342
2553,1,3,1,2005,1,10,588543.16753024
3152,2,3,1,1966,1,7,705575.449452924
2738,3,3,1,1987,1,4,639401.502551984
1170,1,3,1,1974,0,4,258885.586412373
2731,4,2,1,1981,1,4,576689.712445088
1224,3,3,2,1964,1,2,335577.321914951
1694,4,3,2,1962,0,9,397399.187173796
1397,4,3,2,2007,1,1,324727.073674619
3862,4,3,2,1999,1,8,865322.086372156
3136,1,2,2,1960,0,6,672756.762823863
2487,5,1,1,1962,0,10,569129.089857133
1372,3,1,1,1999,1,7,331932.682963297
2890,2,3,2,1987,0,5,618224.342055861
4469,5,3,2,1950,0,6,1012213.50877483
2433,1,3,1,1988,0,6,529533.047811047
2317,4,1,1,1976,0,9,511200.929013455
3457,2,1,1,1985,0,10,722455.416077426
4448,3,3,1,1981,0,4,940327.895510441
4388,5,1,2,1990,0,5,953546.4483507
2337,5,2,2,1964,1,4,566499.504049155
3937,2,3,1,1980,0,1,828503.96509618
897,1,3,1,1955,0,10,213353.166227073
4015,3,2,2,2001,0,6,850401.46751098
4550,2,2,2,1971,0,5,973347.697046616
3957,4,1,2,1980,1,4,834747.700988673
1143,3,2,1,2022,1,6,289956.165173064
1410,5,3,2,1995,0,5,376936.571447034
2527,2,1,1,2016,1,3,576282.035665879
3090,5,2,1,1992,1,2,694177.115722715
2654,5,1,1,1950,1,6,608519.82973573
3408,5,1,2,1993,1,4,730547.051463907
2879,1,1,2,2006,1,10,648940.998068177
3124,5,1,1,1958,0,3,721769.49212867
1977,4,2,2,1954,0,8,533528.851464992
1891,4,3,1,1958,0,9,469861.154587951
3591,3,3,2,1994,1,7,797928.0087089
2549,5,2,1,1973,0,2,552804.734671227
3475,5,3,1,2023,1,8,752028.577156421
1581,2,1,2,1991,0,5,360623.981243496
3848,1,1,2,1971,0,10,873358.478003858
2905,3,1,1,2009,0,7,668770.305741423
4667,5,2,2,1986,0,5,1036314.10672785
2913,2,1,1,1988,1,2,634740.070426448
4770,1,1,1,2023,0,4,989988.079007008
2791,3,2,1,2023,0,5,552606.317043051
1867,3,1,1,2002,1,6,460462.7645191
2377,5,1,1,1977,1,5,545916.485760605
1811,3,3,1,1964,0,10,419656.816335103
3074,2,2,1,2009,0,1,639718.576173785
2614,3,1,1,2009,1,1,566874.887763725
3226,4,1,2,1955,1,3,696259.110200709
3351,2,1,2,2001,0,9,722546.801804399
4457,1,1,1,1961,1,2,913443.060094799
807,1,3,1,1968,1,10,233908.073893904
3355,5,3,1,1951,0,5,713820.554636249
1275,5,3,2,2004,0,9,341648.5557342
3011,4,3,1,1964,0,7,650792.610257844
1284,1,2,1,2013,1,8,299763.767037553
3085,1,1,1,2018,0,2,641584.971075838
4325,1,3,2,1964,0,5,864900.059631126
4139,1,1,2,1992,0,9,849239.815568197
3622,3,2,2,2023,1,1,796624.109620908
3724,2,1,1,1966,0,1,737470.553953355
1058,2,1,1,1973,0,10,311046.67850697
1082,4,3,2,2023,1,8,340510.198903266
2698,3,3,1,1979,1,2,593236.822888693
4935,1,2,2,2016,0,9,1014319.75780537
3776,1,1,2,2000,0,10,805248.497583387
3067,5,3,1,2009,0,9,669213.443574321
4000,5,3,1,1952,1,4,841946.431879189
1412,4,3,1,1954,0,2,331916.621898686
1487,1,2,1,1977,0,3,323048.780837445
4490,4,1,2,1960,1,10,990360.680608838
1412,3,3,2,2021,1,1,330031.484597053
3107,2,1,2,2021,0,3,687248.668236874
3813,1,2,2,1964,1,5,775221.508537903
2581,3,1,2,1997,0,3,531743.446626048
3391,1,3,2,1995,0,3,724365.89890362
3496,5,1,1,1977,1,10,770158.815359072
4758,4,1,2,1956,1,6,999591.988695067
1374,5,2,1,2020,1,3,361883.869805179
2710,2,2,1,1955,1,3,569661.934492099
4404,5,1,2,2007,0,9,959472.889301983
1469,1,1,2,2017,1,2,312303.586008556
2083,5,1,1,2004,1,1,468058.407415682
1723,1,2,1,2016,0,10,342042.365216377
1925,2,2,2,1998,0,8,442489.078820533
2329,5,1,2,2000,0,3,498620.250197177
2394,4,2,1,2008,1,7,560593.944911737
1046,4,3,2,1955,0,2,257397.377541286
4511,4,2,2,2000,1,8,986037.298532503
2360,5,2,2,1987,1,9,570258.115649669
3200,5,2,2,1960,1,8,743840.706272957
3043,5,3,2,2001,1,8,694406.017462714
4664,1,3,1,1969,0,8,1012867.41198183
2739,2,3,2,1959,0,7,557614.998478611
3869,4,1,2,1975,0,2,819135.222036819
1026,1,1,1,1997,0,8,265105.774410272
4347,4,3,1,1963,0,5,951319.313825065
1064,1,1,2,2008,1,6,236429.110586785
2195,5,1,2,1961,1,4,500793.862675299
4357,4,1,1,1972,1,1,909230.186016835
1445,5,3,2,2021,1,5,398980.69076661
3790,4,2,2,1988,0,3,798501.906787112
2699,3,3,2,1958,1,9,633178.077203086
3304,1,3,1,1974,1,4,719407.535351899
3572,3,1,2,1966,1,10,853609.836705884
1954,1,1,2,1991,1,2,434631.281495043
1387,2,2,1,1978,1,4,314121.399631238
2621,4,2,2,2009,1,3,561696.24344834
1785,2,2,2,2016,0,3,389103.682134056
4879,2,2,2,2006,0,5,1017822.85393932
4148,1,3,2,2021,1,1,817332.511815236
4631,3,2,1,1963,1,5,978353.645992675
2041,5,3,1,1988,1,8,519633.813570689
989,1,1,2,1965,1,10,244491.108243346
1780,5,2,2,1967,1,9,482215.594642646
2498,2,1,2,1969,0,1,488641.088881987
2515,5,1,2,1995,0,2,580922.07050383
3393,3,3,1,1994,1,2,767447.243538149
4936,1,2,1,1953,0,6,1049112.41189604
1898,3,3,1,1969,1,1,403453.590383641
3126,3,1,2,1960,1,1,686063.819896435
4047,1,2,2,2014,0,2,818681.147036962
1695,3,1,2,1967,0,4,350846.438950428
2474,4,1,1,1988,0,2,535453.306875657
3709,4,2,1,1993,0,4,781175.55020248
1730,4,2,1,1967,1,3,443018.761704097
1523,5,2,1,1996,0,3,386426.583575339
3740,3,3,1,1980,0,9,791188.888297278
1889,1,3,2,1988,0,8,408694.467154227
1735,1,1,2,1987,1,10,397482.564359584
3095,5,2,2,1996,1,9,719189.871317053
955,1,1,1,2019,1,1,249159.456870095
1870,4,1,2,1957,0,5,451269.558162016
2758,3,1,2,2014,0,4,599884.799224371
3301,1,1,1,1962,0,9,695683.778752627
4630,1,1,1,2004,1,3,920666.149134813
1654,2,2,1,1992,0,5,408099.940653151
1439,2,3,2,1953,0,8,335622.585053359
3038,2,2,1,2020,1,10,721471.006010657
2402,3,2,2,2009,0,5,540302.732303296
1241,4,2,2,1961,0,9,375832.105215536
2136,4,3,1,2008,0,2,503358.038334158
4500,4,3,2,2003,0,6,937199.509219478
1748,3,3,1,1993,1,5,409239.61299347
4173,3,2,1,1965,1,9,912371.625983201
1259,2,3,2,1955,1,7,300955.427822292
1192,1,1,2,1963,0,8,267973.479570449
4738,5,3,2,2007,0,7,999426.521035447
2587,5,2,1,1980,1,10,622543.032027478
3057,1,2,2,1990,0,10,667335.298725274
1938,2,1,1,1984,1,5,417497.264819847
4608,1,3,1,1959,1,5,1025106.35733705
3254,1,3,2,1979,0,4,689387.831532012
2266,5,1,2,1993,1,2,508781.478346927
4474,2,2,2,2004,1,9,926061.51750087
2177,3,2,2,2020,1,10,521898.572234929
3397,5,3,1,1967,1,10,782887.786679666
941,3,3,2,1988,1,10,297776.022682161
3459,2,3,1,1991,1,10,768215.743375701
1639,1,3,2,2003,0,3,331957.030443282
4418,4,3,2,1979,1,3,1004367.95740444
4717,4,2,2,1969,1,3,1028290.62198768
1395,2,2,1,1991,0,8,326647.282210041
2704,4,2,2,1954,0,6,612915.963286244
1080,3,2,1,1999,1,1,285851.048914041
1223,4,1,2,1990,0,3,262878.584652664
2550,2,2,2,1988,0,4,555942.35549907
2767,2,1,1,2006,1,2,588146.913167653
4888,3,2,1,2006,0,6,1048282.49964074
4978,4,3,2,1986,1,10,1077095.45188484
3746,4,3,2,1956,1,1,807082.453622573
2249,1,3,1,1954,1,1,534371.777464101
3131,5,1,2,2000,1,8,750972.802272053
3020,2,2,1,1957,0,4,563610.970500817
4589,1,2,2,2005,1,1,984719.049561608
3610,2,1,1,2022,0,7,766158.699343556
2331,1,1,1,1960,0,9,490495.448427525
3790,5,1,1,1971,1,10,832820.631607309
1943,1,1,1,1960,1,7,415872.059293
1733,2,1,1,2009,0,1,357601.60138104
2260,4,3,2,1964,1,1,496821.685407954
3523,2,2,2,1987,1,1,718735.008473184
3312,3,1,2,1950,1,8,710390.496228902
1085,3,3,2,1995,0,7,291084.846376642
1064,3,1,2,1992,0,3,258052.25371427
3167,3,3,2,1971,0,3,701296.411288797
4247,5,1,2,1952,0,3,911740.754019749
2562,4,2,2,1963,1,2,550733.01673388
3848,4,1,2,1951,1,4,853961.02308734
3181,2,1,1,2010,0,7,657082.768028127
3069,1,2,1,1981,0,9,676965.357549723
840,2,2,2,1987,0,3,177851.999926076
867,2,1,1,1995,0,10,211213.084339912
1787,2,2,2,1991,0,7,399365.208985802
4808,2,2,1,1955,1,4,1035460.12002642
3998,4,3,1,1990,0,1,861999.931303185
3324,1,2,1,1974,0,5,700300.033053773
1885,2,2,2,1960,1,8,493141.719626383
3279,4,1,2,1990,1,3,678875.420969371
2493,2,1,2,2020,1,10,542640.558932486
3115,3,3,2,2006,0,4,652970.288049025
1578,2,1,1,1995,1,3,320333.692251943
2385,2,2,2,1997,0,10,519012.012177849
2292,5,2,1,2012,0,8,559594.229094918
1460,3,2,2,1988,1,10,362208.815037106
2148,1,1,1,1959,0,8,460274.925700342
2099,2,2,1,2019,0,4,418736.129302993
4740,1,2,1,2014,1,2,969086.860620991
2786,3,3,1,2008,1,3,614657.53211031
2844,2,3,2,1985,1,3,643860.010563678
4316,5,3,2,1976,1,4,913327.090052045
1858,4,1,1,2022,1,2,426224.781356972
1776,5,2,2,2004,1,2,463370.450751722
1527,5,2,2,2019,1,3,378272.917859418
3327,4,2,1,2002,1,1,680510.964647033
3936,4,3,2,2009,1,8,913179.394433705
1142,4,2,2,2010,1,6,329772.423563458
2247,2,2,2,1985,0,3,510134.92937697
3179,1,2,1,1976,0,1,615205.408831365
4459,1,2,2,1990,0,3,958611.39314618
1326,4,2,1,1977,1,1,313868.09787222
2696,5,1,1,1965,0,3,590464.026394494
2873,3,2,1,1984,0,4,609030.5708502
1205,4,1,2,1985,0,6,327673.42954888
2373,5,2,2,2005,0,7,551105.041187368
4540,5,1,2,1968,0,7,996043.525814691
2646,2,2,1,2006,1,9,603097.525572109
2278,2,2,2,1982,1,8,522223.949907677
3195,1,2,1,1972,1,4,662330.398406345
1571,1,2,2,2012,0,6,397503.514682694
1378,3,3,1,2019,0,1,287015.159287369
3701,3,2,2,1971,1,8,829506.349350867
993,3,1,2,2016,1,6,276016.414802682
2807,3,3,2,2008,1,2,656258.907153811
1985,5,3,1,1974,0,8,520702.250809482
3194,5,2,1,1966,1,4,722365.285014581
3798,1,1,2,1988,1,9,829859.857648119
2592,2,1,1,2023,1,4,614521.842761313
1910,2,3,1,1988,1,1,433370.580826944
4805,4,1,1,1973,1,7,1015339.16312337
3061,5,2,2,1987,0,10,692588.297182514
4536,3,2,2,2006,0,5,929583.850034638
4593,3,2,2,1993,1,10,1012895.42027487
2736,4,2,1,1985,0,5,638811.405203516
1529,2,2,2,2019,1,4,359773.962698312
4251,3,3,1,1994,1,6,887675.998763659
2940,2,2,1,1975,0,1,646541.270876442
2444,4,2,2,1960,0,3,503392.525960856
3600,2,3,2,2001,0,7,737351.130551924
941,2,3,2,1974,0,8,242741.540312632
2255,2,3,1,1980,1,9,534294.631141888
2896,3,1,1,1994,0,1,627756.187468959
2125,1,1,2,2016,1,4,465346.511198838
2013,5,2,1,1989,1,2,527601.094128371
1959,2,2,2,1995,1,2,444429.20852708
1140,2,2,2,2003,1,1,301866.702543823
4628,2,1,2,1990,1,5,1000273.86410237
2768,1,2,2,1987,0,2,547278.156694887
1503,4,2,2,1985,1,4,373356.737817862
3229,3,1,2,1993,0,9,760883.012832026
2600,1,3,1,2006,1,3,556391.228651494
1655,2,1,1,2015,0,8,363134.486891083
2612,1,2,2,1979,0,10,576664.389536926
3666,1,1,2,1959,1,6,769487.001768499
4442,1,3,1,2010,1,10,938557.385512444
982,4,3,1,2012,0,5,254317.91514256
3912,5,3,2,1985,1,2,904200.241784216
2317,3,3,2,2003,1,3,528984.532713061
2156,4,3,1,2014,0,8,476998.124181132
2974,4,3,2,1953,0,9,639006.336547796
4429,5,2,1,2004,1,7,1036970.12330136
4428,4,2,2,2003,1,1,948016.640764147
4896,1,1,1,2013,1,6,1038064.46252414
4039,1,2,2,1971,1,7,844515.56934151
4491,2,3,2,1974,0,6,959224.649231785
818,4,2,2,2008,0,10,280083.241290038
4203,2,1,1,2006,1,2,870293.420406406
3804,3,3,2,2003,0,9,844264.669498715
1932,1,2,1,1993,0,3,380256.34310274
4139,3,2,1,2001,0,6,936371.65295917
4111,5,1,1,1965,0,6,901913.398256114
4172,1,3,1,1965,0,8,873080.153891193
1787,3,1,2,2004,0,4,396953.146917846
4121,5,3,2,2010,0,6,894449.045637142
973,3,3,2,1989,1,1,246127.370896913
4541,5,2,1,1970,1,9,949012.621441259
3852,5,1,2,2015,0,9,849950.856697581
1526,1,1,1,1957,0,7,337703.032984857
4560,2,1,1,2020,0,1,952216.538431512
2675,5,3,1,1959,0,3,595921.406338962
4833,5,1,2,2006,0,5,1017324.09214647
1789,1,3,1,1953,1,4,409605.626388676
4544,2,1,2,1992,0,5,908490.797047738
3486,4,1,2,2012,1,7,781785.579688365
1219,4,2,2,1992,1,9,289254.518511957
1393,2,1,1,2016,0,1,334620.46622077
2574,3,2,2,2000,0,5,586906.748891519
3259,1,2,1,2005,0,3,657645.3530894
1735,2,3,1,1992,1,3,422528.450333451
4608,4,1,1,1973,1,2,990387.855606347
1131,5,1,1,1983,1,6,288974.744222879
4249,4,1,2,2008,0,6,862228.096069273
3502,5,2,2,1951,0,3,777310.892085661
4806,1,1,2,1951,0,1,959342.953821624
4668,5,3,2,1959,0,7,1046974.2392424
1001,2,3,1,1972,0,2,241550.843347046
3297,5,1,1,1964,0,8,720910.432587567
2642,3,2,1,1966,1,3,637345.968327262
2666,2,3,1,1963,1,1,600611.162315075
2796,1,3,2,1965,0,10,522822.837122397
1709,2,2,2,1981,0,9,386640.205780228
3989,3,3,1,1972,1,5,838197.775199689
1570,1,2,1,1983,1,1,332005.051556992
3955,4,3,1,1965,1,10,887381.690027037
3301,3,2,1,1983,0,6,727051.212714689
3514,1,3,2,2020,1,10,779334.143552839
4385,5,1,1,1982,1,3,982946.82691412
2428,2,3,2,2017,1,4,563514.959437717
1186,1,3,2,1992,1,8,315568.673228138
4221,2,1,1,2013,1,5,904237.308078332
4808,5,1,1,2020,0,6,1066769.97131815
4893,1,1,2,1967,0,10,1015693.08642023
3266,4,1,2,2017,1,4,717942.41828162
3082,3,2,1,2010,0,6,626760.666175687
2656,1,2,2,1969,0,3,586604.101095251
2798,5,3,1,1960,1,10,667676.856105521
2036,1,3,1,1995,0,1,508540.142654282
4944,2,3,2,2013,0,6,1031661.68270594
1950,1,2,2,1977,1,1,430214.453235418
2231,4,3,1,1997,1,10,559862.62384021
2619,1,3,1,1984,0,3,530252.500675282
3124,3,2,2,1957,0,8,697763.692846981
1930,1,3,2,1971,0,7,432866.53580143
3458,2,2,2,1973,1,8,753007.795258079
4300,1,2,2,2015,0,10,939315.098968575
1174,4,1,1,2013,0,10,287206.282052234
2920,5,1,1,2014,1,2,666872.552827056
4820,1,2,1,1963,0,10,1050366.60728463
2821,1,2,2,1974,1,7,602534.456101093
4505,3,1,2,1952,0,4,940577.850432693
4059,4,3,1,1954,1,1,943432.614086796
4235,5,3,2,2014,0,3,932859.776628902
2689,2,3,2,2003,0,5,575145.063083935
2623,1,2,2,1968,1,10,609665.619001962
2274,5,1,2,2003,1,8,534597.661210224
3042,2,3,2,1959,1,2,625277.101895998
4043,4,1,2,1965,1,2,908909.098631629
3934,4,1,1,1995,1,8,843223.518396725
2870,5,2,1,1978,1,9,737292.815624932
1159,2,3,1,1964,1,10,299566.690613445
2841,4,1,1,1997,0,1,669531.617039046
1941,5,2,2,1960,0,2,419983.223286999
2435,4,2,1,1983,0,4,574637.339656656
4800,4,2,1,1985,0,3,1031493.15682462
2743,4,3,1,1979,0,1,627543.655638879
4161,3,3,1,2022,0,4,913400.567666907
3780,2,2,2,1968,0,2,779556.371442971
806,5,3,2,2017,1,10,238478.903949925
4067,5,3,1,2019,0,5,892127.05674152
2391,2,1,1,1982,1,1,526775.756439628
4064,2,2,2,1971,0,8,855003.884471112
3406,2,2,2,1985,1,10,763138.849253997
4019,2,3,1,1972,0,2,853040.638279369
4073,1,2,2,2012,0,3,820849.338836403
1713,5,2,2,1975,0,3,421474.282042262
2811,1,2,1,2009,0,4,587519.699407634
2242,4,3,2,1954,1,7,521900.477494916
3854,4,3,1,2003,0,9,872484.3784556
4346,5,3,1,1987,1,3,938775.219707661
3728,4,1,2,2011,0,1,782183.310252382
2629,2,2,2,1974,0,10,587601.271254666
1375,1,1,2,1961,0,1,327357.790516356
1729,2,3,2,1971,0,6,403619.601943107
4559,4,1,2,1958,1,5,1000007.20831187
4499,1,2,2,1978,1,10,957358.936600088
2263,2,2,1,1993,1,7,516637.759390592
4075,5,3,2,1976,0,7,899778.06916201
1854,2,3,1,2004,0,3,422132.655900426
2700,4,1,2,1954,0,7,598600.810673794
2257,1,3,2,2001,0,9,536899.997136905
2199,5,1,2,1962,1,8,524470.844037446
4215,1,2,2,1991,1,3,844318.971619866
1242,5,2,2,1964,1,10,421969.915109251
4450,1,2,1,1967,0,5,916815.782726406
1978,4,2,1,1999,1,8,517429.244677284
2057,5,2,1,1951,0,2,512519.771048994
4434,3,1,2,1962,1,7,981430.35780626
2641,1,2,2,2017,1,10,588249.319510065
3109,1,1,2,1996,1,10,688967.120496859
1710,2,2,1,1999,1,7,376137.244767377
4809,5,1,1,1961,0,8,1090553.69434546
2969,3,1,2,1962,0,1,610504.850045433
2972,4,1,1,1958,1,8,672052.475931478
923,2,3,2,2008,1,1,240074.662176006
3958,3,1,2,1994,0,3,832914.006129076
1585,5,1,1,2019,1,9,397578.167942665
3216,3,2,1,1992,1,4,745058.476301367
1596,1,1,1,2023,1,10,402956.982087207
4972,1,1,1,1972,0,9,1044451.18010814
4954,2,3,2,1994,0,1,1018811.17360008
2736,5,2,2,1972,1,8,672806.896796112
2956,5,3,1,1983,1,3,668588.284180561
4607,3,3,1,1965,0,7,1026659.79600845
2101,2,3,1,2012,0,2,463980.522887086
4963,5,1,1,2000,0,7,1099344.53817432
3940,1,3,2,1981,0,7,831154.49184541
4036,3,3,2,1987,0,9,880988.329551024
3152,4,2,2,2005,0,2,717035.526536467
2732,1,2,2,2018,0,8,645248.128795111
3521,2,2,2,1966,0,5,788209.170437622
1164,5,2,2,1988,1,10,359728.365484446
3190,1,3,2,1990,1,9,719732.08582394
1746,4,2,1,1997,0,8,410526.282743509
2177,4,1,2,1977,1,3,511780.743527636
2239,2,3,1,1999,0,3,468973.770400082
3980,1,2,1,1950,1,10,870394.553342119
1140,3,3,1,1999,0,8,308001.266517339
3789,1,2,2,1968,0,9,755778.871463295
1182,4,3,2,2008,1,2,313368.465229793
2356,2,2,2,2017,1,3,535571.872477228
1099,2,1,2,2016,1,8,281707.253571525
938,3,2,1,1990,1,2,257551.220971414
1158,2,3,2,1959,1,8,272056.943916092
2322,2,3,1,1977,0,5,495003.392360994
4256,2,1,2,1983,0,6,920073.454079098
2427,2,3,2,1988,0,10,550414.291641144
2103,2,1,1,2005,1,4,481096.974532873
1934,4,3,1,2001,0,3,437136.970982286
2986,1,3,1,1952,0,8,646687.350581921
3970,5,1,2,1972,1,9,833449.69549662
4635,2,3,2,1966,0,8,1007150.29846052
2951,5,3,1,2020,1,9,742398.320973812
2037,5,1,2,1975,1,1,453774.561269634
4535,4,2,1,1967,0,5,948491.695312261
3634,2,1,2,1995,0,7,783821.997455937
1798,5,3,1,2019,1,8,500446.982262669
3367,2,2,1,1980,1,2,724347.567065426
2107,3,2,2,1958,0,4,442667.049479687
1456,3,2,1,1984,0,7,346984.569084053
3460,3,1,2,2009,0,5,716251.697992205
3011,5,2,2,2012,0,1,648478.842678281
2709,3,2,1,2001,0,2,580198.972521167
4530,4,2,1,1997,1,5,962766.885293959
2846,4,3,2,2010,1,6,637752.356895636
3962,5,1,2,1973,0,1,852263.350005556
1940,2,1,1,2023,0,3,427375.895303431
1066,1,3,1,2007,0,6,220600.491654476
2645,2,2,1,2013,0,6,586909.543062734
2508,2,3,2,1979,0,7,548051.653421715
4430,2,3,2,1978,1,10,984006.538088815
4011,2,2,2,1959,1,3,875712.438017197
3093,1,2,1,1988,0,1,627986.470476124
4532,3,1,1,2004,0,7,977753.692350943
4629,2,2,2,1977,0,3,943876.099007529
2310,4,3,2,1967,1,5,580094.051570882
1275,5,3,1,1990,1,4,327021.594978588
1776,5,2,2,2014,1,1,442018.740215638
2007,4,1,1,1995,0,7,462709.771383893
2760,2,3,1,2009,0,4,573577.63714406
1357,1,2,1,1958,1,1,331922.894044633
1682,3,1,2,1994,1,6,389046.70477833
2994,5,1,2,2009,0,4,623298.195875542
3467,3,3,1,1977,1,4,693349.665920799
2410,1,3,1,1952,1,2,506123.882639301
4288,5,1,2,2000,1,1,964997.710482474
3254,3,1,1,1957,0,3,726243.461687592
2746,1,1,2,2019,0,10,576235.039941312
3608,3,2,2,2008,1,5,782238.627132466
4625,2,3,2,2010,1,9,990377.173111099
4336,1,1,1,2007,0,7,869864.196363761
4602,3,3,1,2019,0,4,953679.203209417
4977,2,3,1,1961,1,8,1093928.73798502
2770,2,3,1,1958,1,4,628597.196784485
4622,1,1,2,1998,1,6,979227.221463247
3619,4,2,1,1966,0,1,743421.334708479
1702,5,1,2,2003,1,6,430917.580350849
1164,1,3,1,1993,1,10,245203.8757628
3919,2,1,1,1981,1,5,859870.067281513
3358,2,1,1,1984,1,2,724064.372518429
2663,1,3,1,1998,1,1,541969.188697504
915,4,3,1,2003,0,6,296410.638937251
3184,5,1,2,1965,1,2,667895.883520786
4735,3,1,1,1961,1,9,1037257.65455624
3290,1,1,1,1957,0,9,713879.294224467
1742,5,1,1,1970,0,1,375408.239016188
2524,5,2,1,1997,1,5,593853.732729747
3134,2,1,1,1957,1,8,649879.303946178
3567,3,2,2,1977,1,4,709240.64209183
1937,1,3,1,1959,0,3,394703.094326709
3327,2,2,2,2001,0,5,694984.37644345
4917,2,3,1,1964,0,5,1049506.40452027
4220,4,2,2,1953,0,8,919685.202126521
4706,5,3,1,2011,1,6,1041538.63648465
4437,1,1,1,1953,0,2,883039.45941791
3753,1,2,2,1990,1,1,775349.717398965
3167,1,2,1,2022,0,3,639151.834753271
1076,2,3,2,2004,1,2,240575.649824255
2799,4,3,1,1977,1,4,626957.514325319
2027,3,2,2,1996,1,3,471262.809627408
4552,2,3,2,1958,0,9,958084.037014395
4535,3,1,2,1951,1,5,963912.433264376
1495,4,2,1,2016,1,4,393372.870272785
2109,5,1,2,1997,1,10,509281.139532732
4952,1,2,1,2018,0,9,1004050.8342253
4034,3,1,2,2023,1,4,882886.338040031
4914,2,2,2,1977,0,6,1037446.24121271
3111,3,3,2,1963,1,10,720416.487454308
3641,5,2,1,1995,0,1,806845.966438393
4359,1,1,1,1962,1,2,919216.038182699
4198,3,2,1,1965,1,4,907318.217311783
1341,5,1,2,1989,1,9,424986.316571302
3494,2,1,1,2021,1,6,724675.781342451
1888,4,1,1,1979,0,6,425939.568037786
4163,2,3,2,2014,1,9,933783.359116954
824,1,2,2,2007,1,4,215364.657302389
2372,2,1,1,1997,1,3,542348.075850281
3758,2,3,1,1998,0,7,811843.910738422
2567,2,1,1,1951,0,7,593751.413779
3035,2,2,2,1963,0,9,638812.228609169
1000,1,3,2,1966,1,6,291561.497235168
3998,5,1,2,1980,0,2,889874.912330107
1056,3,1,2,1959,0,6,233942.772144241
4547,4,1,2,2019,0,8,994166.635247192
3041,3,2,1,1986,1,6,680124.001694085
3975,3,3,1,2013,0,9,851835.449522023
4406,4,3,1,1979,1,4,915984.520257057
4136,1,3,2,1983,0,3,835929.658222067
1213,4,1,2,1967,0,5,320302.803504615
2814,1,3,1,2012,1,3,632146.031731514
2181,3,1,1,1998,1,2,486932.237985596
1898,1,2,1,2005,1,2,441024.628578582
4226,5,3,2,2007,0,4,945831.501947354
4455,4,1,2,1976,1,3,963865.998965659
1709,5,3,2,2004,1,9,430741.659403745
987,3,3,2,1968,0,7,274426.352820391
4844,4,2,2,1972,1,6,1063974.61769147
4556,3,3,1,1996,1,10,1018048.60975876
2815,5,2,1,2015,0,8,668635.081750056
2892,3,3,2,2000,0,9,616345.88570197
4444,4,3,2,1977,0,3,940051.768865857
2930,4,3,1,2006,1,10,638534.466357805
1157,3,3,2,2007,0,7,316074.900958884
3222,4,3,2,1964,1,9,736092.21380049
2297,4,3,1,1965,0,1,528170.351767435
2958,3,2,2,1996,0,10,624708.031295246
3355,5,2,2,2012,0,9,793024.521242326
3142,4,1,1,1961,1,7,679541.520884518
3751,4,3,2,1992,1,10,869564.082609562
2038,4,2,2,1978,1,4,487548.754272314
1773,4,3,1,1998,1,6,437863.930561846
4765,3,3,1,1952,1,6,1024245.9973347
1850,5,2,2,2018,0,6,432048.424767097
4501,5,3,1,2009,0,2,1003579.90442252
3580,1,2,1,2015,0,5,751315.320858806
2388,4,2,2,1975,0,7,516869.46174117
4678,4,1,1,2020,1,6,1004000.99494913
3168,1,1,2,2023,1,3,675808.475680074
1236,5,1,1,2018,1,5,354645.132036133
3628,2,1,1,1996,0,8,759484.50698707
2356,2,3,2,1991,0,5,507755.586104886
4658,5,3,2,1980,1,10,1042185.80317869
2104,4,1,2,1971,0,3,496635.620498683
3184,2,2,1,1966,0,9,659581.136610099
982,3,2,2,1969,1,3,273033.865774794
2389,3,2,2,1957,0,2,512198.436746784
2387,1,2,1,1998,1,6,522289.185456288
1459,5,3,1,1987,0,8,430839.393628244
959,5,2,1,2002,1,6,279888.269386212
4753,2,2,2,1977,0,1,1002467.34375771
1811,4,1,1,1978,1,8,464172.845930084
852,5,2,1,2021,1,1,218899.402147537
3107,2,3,2,1960,0,9,637265.141869427
2028,2,2,1,1996,0,8,480124.552310423
1835,5,2,1,1994,1,6,432911.345188787
4502,2,3,2,1967,1,2,914795.426135724
4845,1,1,1,1999,1,9,1051654.05537111
2064,1,3,2,1998,1,8,451314.33165561
2684,5,1,2,1971,1,4,599487.06310789
2609,4,2,2,1994,0,2,627159.328877232
3967,1,1,2,2010,0,6,784906.615965461
4597,1,1,2,1970,0,1,905992.848964827
3141,5,1,1,2020,0,7,692707.546438152
4214,3,2,2,2010,0,1,879793.579004139
1617,2,1,2,1985,1,6,359056.367947059
3237,1,1,2,1973,0,5,648433.622566927
1688,3,2,2,1981,0,10,445349.858110798
1467,4,3,1,2008,1,3,378974.653102618
3424,3,3,1,1954,1,6,777429.21860523
1618,5,3,1,1965,0,4,397169.370586037
2988,4,2,2,1960,0,6,672836.373721478
1906,4,2,1,1984,1,4,481522.54152774
3024,3,3,1,1991,0,1,627892.524636367
997,5,1,2,1959,1,5,291020.89991295
3471,1,3,2,1957,0,8,760601.057835197
4292,3,2,1,1975,0,6,955019.933659607
3248,1,1,1,1952,0,10,743297.274495044
1270,3,1,1,2008,0,9,317746.494924544
2748,1,2,1,1952,1,4,625065.973742178
4699,3,1,2,1987,1,10,953045.801665711
2810,4,3,2,1951,0,9,682807.072734418
4600,2,2,2,1966,0,8,955852.90845698
4918,4,2,2,2022,0,3,1036572.5637753
4596,1,2,2,1985,0,6,968227.612109176
4788,5,2,1,2022,1,4,1040763.94081711
1034,4,1,2,1951,1,1,274711.334489203
1728,2,2,2,1983,0,9,442292.324205654
4407,1,2,1,1976,1,4,918794.498866351
1322,4,1,2,1986,1,5,312226.904587486
4323,3,2,1,2020,0,3,958936.596432464
2429,5,1,2,1971,0,4,565969.105425117
2116,1,1,2,2017,0,9,513255.974382837
3657,4,2,2,1963,1,7,838990.747764473
1924,1,3,1,1972,1,8,415710.140199664
3387,3,2,2,1993,1,3,757534.616793922
1823,2,3,1,2014,1,3,399001.298352936
2178,4,1,2,2010,0,7,501785.795060992
4174,1,3,2,2004,0,8,881907.139909806
2319,1,2,1,2020,0,5,458358.404884174
1026,1,2,1,1999,1,1,222879.737760955
1691,2,3,2,1961,0,3,437329.682503978
4872,1,2,1,1964,0,5,1015359.43512103
3057,5,3,2,1966,1,3,696010.096633426
3588,5,1,2,1983,0,1,820922.255498523
1196,1,3,1,1984,1,7,290294.117248271
2878,5,3,1,1988,1,1,656314.490950772
4037,4,3,1,2004,0,10,917170.071403071
4693,5,3,2,2008,0,6,1011581.60503459
2805,1,1,1,1954,1,6,590336.981516187
2816,3,1,2,1979,0,7,562856.089615982
3971,4,1,1,1953,0,1,818787.542165431
3468,2,3,1,1964,1,3,728949.30635026
2678,1,1,1,1984,0,9,581564.167386715
1996,2,2,1,2023,1,2,434938.543356806
2572,3,1,1,2004,1,5,633350.47527143
961,2,3,2,2015,1,3,224759.27674413
4776,1,2,1,2009,1,5,1040216.16717144
2551,1,3,1,1973,0,7,561693.823878189
1575,3,2,2,1971,0,1,378169.35089281
1739,1,3,2,1993,0,3,400450.489868397
4020,3,3,2,1981,1,6,826544.11174219
1339,3,2,2,2000,0,7,328511.183025586
2261,1,1,1,1952,1,10,505644.296569154
1155,5,2,1,2019,1,3,286675.547632718
4404,3,2,2,1981,0,4,944290.650930397
4123,1,2,1,1951,0,6,905513.507896937
1034,5,2,2,2008,1,5,229974.908902898
2348,3,2,2,2022,1,9,538238.258103957
2896,5,3,1,1963,1,1,631055.845897159
2901,4,3,1,2000,1,5,666994.445655942
2473,4,1,2,1960,0,1,534459.46792125
2900,5,1,1,1959,0,8,643858.069681071
4457,3,2,2,2007,0,7,969637.670708227
4396,1,1,2,1983,1,5,965104.532526427
4548,2,1,2,2002,1,6,1034132.96629395
3973,1,2,2,1977,0,4,808109.273788285
2615,2,3,1,1967,0,9,539478.111204548
4641,2,3,2,1975,0,3,986179.910851959
2805,3,1,2,1956,1,2,657262.11838308
1474,5,3,2,1994,1,7,416142.249176018
1186,1,3,1,1994,1,2,323358.675988258
2958,5,1,2,2020,0,6,658962.833234947
3461,4,2,2,1984,0,8,750960.639005672
2864,3,1,1,2001,0,3,619685.897685033
4651,3,1,2,1970,0,3,965936.170315828
4053,4,1,2,1977,0,3,881177.350533509
1539,1,2,2,1993,0,1,355044.194450087
2201,4,2,2,2005,1,9,558402.091614297
4059,1,2,1,1959,0,5,859564.81677011
3077,2,2,1,1972,0,9,678545.558166883
4704,3,1,1,1997,1,5,1025660.66723127
4723,1,3,2,2001,1,7,956525.202308682
4027,5,1,1,1964,1,1,883664.268808349
3631,5,2,1,2004,1,9,829511.951429261
4558,3,3,2,1992,1,1,979927.009899289
3312,4,1,1,1999,1,4,732209.411343644
2951,4,3,1,1955,0,7,676996.38733654
4475,1,2,1,1982,0,9,927634.92696165
3545,4,3,2,2011,0,1,795238.085736341
4666,3,3,2,2004,0,6,1008041.24443534
4564,1,2,1,1988,1,10,981567.146447097
3022,2,3,1,1961,1,5,651962.085734097
3592,4,1,2,1980,0,3,792782.922130198
2497,4,3,2,2023,1,10,604566.492462362
4262,1,1,2,2002,1,2,869512.915161577
4863,5,3,2,1983,0,1,1039183.46143967
2324,4,3,1,1990,0,2,541527.065481031
832,3,2,2,1959,0,4,232189.338470496
4825,4,2,1,2001,0,6,1045175.2241952
3366,2,1,2,2006,0,5,715513.284793527
3603,4,2,2,1952,0,4,808245.488332547
4696,5,2,2,2006,0,8,1054144.91259529
4509,4,2,2,1982,0,7,991233.065391889
1519,1,2,1,1956,1,4,336113.718128607
1772,4,2,1,1953,0,10,407948.457067737
4518,5,1,1,1988,1,5,975001.50582571
3007,1,1,2,1997,0,10,695241.418699418
3830,3,2,1,2023,1,5,843042.397845684
4375,1,2,2,1965,0,3,957161.04568816
3916,2,1,2,1987,0,9,832195.041410314
4085,1,3,1,1953,0,5,850529.658237677
1443,3,1,2,1953,0,10,351748.586583898
994,4,3,2,1976,0,2,257495.647998667
4796,1,2,1,1966,1,4,986858.727203307
1288,1,2,2,2019,0,4,260878.793295833
3004,1,1,2,2003,0,5,643333.415679522
3457,1,2,1,1957,0,8,761772.517939934
4076,3,3,1,2002,1,5,951324.53251666
1902,5,3,2,1954,1,1,452557.177332724
2041,5,1,1,2018,1,2,475383.612828398
1315,1,3,2,1996,1,3,292719.267638725
1192,3,1,1,2023,1,3,325543.185734339
1430,3,1,2,1989,1,10,386374.686369907
4516,1,3,1,1956,0,6,924276.635453137
2647,2,3,1,1961,0,9,568845.047825676
3455,1,3,2,1974,0,10,769812.868964898
1779,2,3,1,1977,1,1,418379.90378021
4202,1,3,1,1992,0,6,902359.717825279
4671,2,3,2,1996,0,9,974130.788041527
1077,2,3,1,1998,1,4,230456.878402245
1032,1,2,1,2003,0,10,234525.874582996
2352,2,1,1,1967,0,3,521594.168250281
4070,4,1,2,1976,0,6,929776.449465872
3209,5,3,1,2021,1,6,729063.40026181
4312,3,1,2,1955,1,2,975296.397046922
825,2,3,2,2018,0,5,235745.494187292
1260,2,2,1,2020,0,1,250174.192457279
4564,3,1,2,1971,1,9,995150.845945276
4231,2,1,2,2008,1,9,934799.356960297
4283,3,2,2,1996,1,3,859962.927536183
2794,1,2,2,2017,1,5,624911.278947835
1290,4,2,1,1981,0,3,346318.029495578
1872,4,1,1,1950,1,7,465371.703103279
3973,5,1,1,2003,0,1,851056.969732964
1015,2,2,2,1995,1,5,258676.835424965
2523,5,2,2,1990,0,6,576816.941807704
2392,1,2,1,1990,1,7,505000.504905822
3406,4,2,2,1957,1,3,738011.904202376
958,1,2,1,1981,1,7,237185.148858696
4113,1,3,2,1979,0,4,862437.358655644
3641,2,2,1,1995,0,10,774279.631058573
2576,1,3,1,2001,0,6,536471.768937552
2852,4,1,1,2010,0,5,649394.271478146
3095,5,1,2,1962,1,4,710265.349298696
2496,4,3,1,1989,1,6,573719.261580261
3793,2,2,2,2010,1,3,825256.96178719
3269,4,1,2,1993,0,3,696471.052657852
2746,3,2,1,2011,1,5,620776.625737203
4609,5,2,1,1993,1,5,1036176.10136807
3583,3,3,2,1997,1,9,788506.472670843
4444,3,1,2,2023,0,4,906489.709804156
3300,2,1,1,2008,0,5,696371.635424467
4445,1,3,1,2006,1,9,921913.374595363
3445,3,2,2,1960,0,4,734063.787266226
3149,4,2,1,1974,0,3,681784.063017164
2732,1,1,1,2010,1,7,535807.896902361
4094,4,3,1,1995,1,7,923065.879093613
2557,4,3,1,2003,0,8,585832.755832967
1916,1,2,2,1983,0,4,444747.411319298
3367,1,2,2,1956,1,4,725788.299494852
4299,4,3,1,2011,1,9,975190.214257889
1292,2,1,1,2006,1,10,358150.968830176
4106,5,2,2,1954,1,7,913907.072930731
1419,5,3,2,1984,1,3,372779.420278403
4032,2,3,2,1986,1,9,844061.419415244
4623,1,3,2,2009,1,5,1010588.44363086
3180,4,1,2,2014,0,4,689357.565006961
2346,5,2,1,1965,0,1,507056.736241301
4363,4,2,1,1979,1,9,983093.062162186
2405,2,2,2,2022,0,6,474505.470200894
4552,4,1,2,1991,0,2,950668.144428171
2690,2,2,1,2010,1,7,626707.776030296
2075,1,2,2,2023,1,3,448056.953700852
3543,2,2,2,1997,1,6,753651.951226285
3293,2,2,1,2011,0,8,702196.130072176
1156,5,1,1,2013,1,3,259951.768388286
1669,4,3,1,2006,1,5,436686.960794576
1685,5,3,1,2017,0,6,416927.848950577
2801,3,2,2,1995,1,1,611391.884750131
2083,2,2,1,1977,0,10,469883.284589774
1419,3,2,2,1952,0,7,345151.994961615
1682,5,1,2,1986,1,4,434735.934266802
1596,4,2,2,1997,1,10,412898.411470019
4442,5,1,2,1968,1,7,945359.086295505
4225,4,2,1,1966,0,7,930387.903038602
2096,4,2,2,1989,1,5,511664.242275106
1044,1,3,2,1999,0,8,262938.174955412
3695,2,2,2,2022,1,8,834881.032674033
1729,5,1,1,1978,1,5,431559.466910324
1319,4,3,1,2000,1,5,376584.402224731
4012,5,1,1,1991,1,7,928580.27553696
3209,5,3,1,1978,0,6,739357.822138112
807,4,1,1,2015,1,4,214701.659453052
3325,3,3,2,1966,1,2,727730.357037439
4223,2,1,1,1980,1,8,939571.400851459
2819,2,1,2,2001,1,3,575359.303348262
4467,1,2,1,1988,0,2,909601.158295535
4471,1,3,2,2009,0,10,940625.879088831
3601,1,3,1,2000,1,7,759569.734991157
885,2,2,2,1965,0,10,258821.97374797
3915,3,1,1,1963,1,6,860420.37677602
3268,2,1,2,1991,0,8,684823.541084988
4419,2,3,2,2000,1,6,966937.823005896
2436,2,1,2,1973,0,7,529239.594133295
4383,2,3,2,1992,0,2,895345.135669441
4809,3,3,2,2022,0,10,1018977.03974393
4126,1,1,2,1968,0,2,857101.276869399
3018,5,1,1,2010,0,6,700075.246963046
3017,1,1,1,2012,1,9,648230.79417613
3169,1,2,2,1975,0,3,676411.033341725
4438,5,3,2,1984,1,10,1037143.85393944
3303,2,1,2,2016,1,8,693128.236090744
1743,3,2,2,2005,1,5,427491.746820966
3637,3,1,2,1989,1,6,816166.392282385
3460,1,3,2,1978,1,6,747621.254585029
3736,5,2,2,1955,1,10,883157.080271391
4747,4,3,1,2001,1,3,1083370.92595653
2476,2,1,2,1950,1,5,558783.883709658
1996,1,1,2,2001,1,1,426360.25669305
4905,3,1,1,1973,1,2,1061424.57019155
3587,5,2,1,1983,1,10,843451.721509448
2261,5,2,2,1956,0,3,458229.226127045
4118,1,2,1,1960,1,4,870531.611097722
1466,4,2,1,1985,1,9,375335.013331522
2976,3,1,1,1969,1,1,658117.642287848
4543,1,1,2,2012,0,3,927758.542992655
1400,4,1,2,2012,0,3,331870.597693225
3452,5,2,1,2018,1,6,761819.681013473
4624,2,2,2,1979,0,5,988163.230460612
4706,3,1,2,1979,0,3,1026576.05553672
1779,3,1,2,1971,1,4,396608.201269624
3251,4,2,1,2010,1,7,701273.624421326
1428,1,3,1,1970,0,3,320100.080495687
2429,5,1,1,1986,0,9,567083.608474118
4496,4,1,1,1976,1,8,1012473.31965301
4230,2,1,2,1984,1,2,861270.126190537
4474,2,2,2,1987,1,5,941351.120624398
4729,2,1,2,2009,1,4,944107.419018329
3565,4,1,1,2019,1,5,822374.590905296
915,5,1,1,1981,1,3,268263.615708084
2803,3,1,2,1976,0,10,614014.17715048
1492,1,1,1,1952,1,1,298343.213035221
3962,3,3,1,1998,1,8,845638.098545569
1905,5,3,2,1979,0,9,483356.672494785
3808,3,1,1,1971,1,8,807914.373859982
2961,4,1,1,1968,1,4,666800.135578714
953,2,1,2,1980,0,2,272673.621528376
4499,5,1,1,1969,0,4,958110.30942638
4586,5,2,2,1968,1,9,995163.888900641
1864,3,2,2,1951,0,10,452350.180136319
2713,4,2,1,1989,1,9,603955.206480457
2016,3,3,2,1988,1,5,521199.613258235
3201,3,1,1,2021,0,5,725290.491713208
2572,5,2,1,2003,1,10,615295.709526159
2760,3,1,1,1976,1,3,588567.670464395
3580,2,1,1,1961,1,6,763355.753180616
3671,3,3,1,2020,1,7,807808.359697864
1460,2,3,1,1966,0,10,366589.178292677
3435,5,2,1,1959,0,9,799990.808232528
3129,4,2,1,1968,1,7,685887.184231035
4754,2,3,1,1979,1,3,1035072.73913357
3250,4,3,2,1979,1,7,756442.140320282
1932,4,1,2,1974,1,1,436705.262729835
1499,2,1,1,2023,1,2,318632.202608075
2838,5,2,1,2015,0,4,642505.817932314
2979,1,2,1,1984,0,7,610310.287907448
3638,4,3,2,2000,0,9,835192.021229065
1673,4,2,2,2020,1,5,386502.930696695
883,5,1,1,2020,1,8,284292.654829079
2222,5,3,1,1976,1,7,543384.590879623
3475,3,1,1,1959,0,5,730984.37789062
3980,5,3,2,1992,1,3,882429.212342018
4775,4,3,1,2004,0,3,1045999.57924086
2191,2,1,2,2020,1,6,466393.564775155
4018,1,2,2,1955,1,10,858296.086120205
1414,3,2,1,1955,1,4,331006.41088282
3771,2,2,2,1997,1,3,807234.571661282
4365,1,2,1,1951,0,4,887882.977687184
4376,1,1,2,2000,1,3,869997.968940335
1070,1,3,2,2010,1,10,257621.561326691
4866,2,1,1,1968,0,6,1057143.87546345
3268,3,2,1,1951,0,7,720768.205282157
2190,3,2,2,2000,0,4,495309.051345202
4154,1,1,2,1975,1,3,862734.690249784
4935,2,3,2,2019,1,3,1044709.36439727
4407,1,1,1,1969,1,3,909654.701929216
3383,5,1,1,1972,1,9,786773.213276027
4873,3,1,1,2003,0,3,1021120.22135648
3875,4,3,1,1964,0,3,809718.294746035
4706,1,1,2,1955,0,8,986543.112577605
1089,5,1,2,1984,0,4,223331.451918211
3280,3,2,2,1957,0,7,727346.479991945
4052,2,1,2,2006,1,3,824166.078579087
1078,3,2,2,1999,1,8,292198.622845748
3724,2,2,1,1998,1,3,768934.309920095
1380,2,2,1,1970,0,5,321070.579988327
1053,1,3,2,1985,0,1,253056.962981906
1624,1,2,2,2020,1,5,412370.67713124
4632,3,1,2,2018,1,6,955866.058624713
1499,5,1,2,2007,1,7,415186.823891778
2180,3,2,2,2012,1,2,500278.817634437
4696,4,2,2,1965,1,2,998933.321179384
2473,2,1,2,1955,1,9,580596.412626487
3527,2,2,2,2001,0,10,759501.87872287
3956,1,3,1,1951,1,1,852138.262910017
4188,5,2,2,1967,0,2,878793.2571718
1183,1,3,2,1984,1,2,266775.074192593
1141,4,3,1,1988,0,10,336790.001319865
2787,3,3,1,1950,0,7,660535.013089261
4859,3,2,2,1986,0,6,1028924.20252118
3909,5,3,1,1970,1,9,819117.776866106
4882,1,3,1,1950,1,7,1032423.76793479
3598,1,2,2,1953,1,3,764410.652945561
4040,4,3,1,2007,1,3,881180.665582671
2788,3,2,2,1950,0,1,609008.464041638
4214,1,1,2,1962,1,8,884877.251810067
2649,5,3,2,1995,1,1,633771.771516951
1105,3,2,1,1996,1,2,252832.168181724
4413,4,1,1,1956,0,7,979521.217683854
3549,5,3,2,2000,0,1,816551.970599027
1935,2,3,2,1952,1,4,426173.506548492
1005,4,2,1,1999,1,9,270160.004359923
4250,5,1,2,1975,1,8,954267.382844438
4611,1,2,1,1980,1,8,951519.489756428
4422,2,3,1,2011,0,3,916084.928222442
4399,4,3,1,1975,1,5,992363.1739114
3351,1,3,1,2016,1,4,740640.169111924
1109,2,3,1,2004,0,8,330304.90854224
3508,3,1,1,1977,1,7,776869.603690005
2791,1,1,2,1993,1,7,593929.049943045
1071,5,2,2,1987,1,10,320481.087791326
4442,4,2,1,1979,0,10,964635.291514784
4886,2,2,1,2015,0,7,1024786.07226992
2622,1,3,2,1957,1,1,566804.907297607
4073,3,2,2,1963,1,7,867305.832278844
1320,4,1,2,2011,0,4,328055.443874266
1776,4,2,2,2012,0,3,378983.418306035
4522,1,2,2,2015,0,5,921479.334802297
4351,3,1,2,1989,1,2,923228.030921505
4905,2,1,2,1962,0,8,973511.16718361
3573,1,3,2,1966,0,9,785824.788408623
3352,2,1,1,1964,0,5,659071.137253812
3632,4,1,2,1982,1,3,812139.692272455
4707,2,2,1,1965,0,10,969079.767751796
952,3,1,2,1962,1,7,251277.032732413
3764,5,3,2,1972,1,1,848778.266173736
3716,3,2,2,1985,1,10,883153.487986987
3600,2,3,2,1992,1,3,781911.299442684
2552,1,1,2,1999,0,9,502834.341795012
3410,4,3,1,2023,1,2,781842.378315894
4675,5,3,2,1962,1,9,1036202.03987852
1904,1,1,1,1979,1,1,415547.666361471
3336,1,1,1,2006,0,4,708146.57574719
4999,3,2,2,1979,0,10,1014165.55107736
4654,2,2,1,2020,0,6,978963.42119338
4294,3,2,2,1959,0,7,909557.652751183
2714,2,1,2,2015,1,3,622345.872650138
3872,3,3,2,1988,1,9,879577.844083469
1806,1,3,1,1986,1,4,372524.951930461
1206,4,2,2,1952,0,5,337765.646308726
966,2,2,1,1983,0,8,258438.127204005
1308,5,1,2,1987,0,3,286918.96006367
2461,5,3,2,1963,1,8,597593.827587319
4464,1,2,1,2013,1,1,956670.652846396
4289,3,1,1,1988,1,8,901448.903185665
1480,3,2,1,2003,0,10,400439.433396136
3324,1,1,1,1951,0,8,665984.280646812
2920,5,3,1,1992,1,6,662219.320583825
2163,5,1,1,2002,0,5,479028.229115258
2131,3,2,2,1952,1,9,542623.343289717
3092,2,2,1,1990,1,6,669124.59658627
2338,4,3,2,1957,0,1,496529.574933475
4208,2,3,2,2012,1,6,920730.271972852
1360,5,2,2,2014,1,1,366529.524764818
1899,2,2,2,1953,1,6,459488.402369853
2703,4,2,2,2017,1,3,607816.52086935
974,2,3,1,1959,1,6,269163.357525924
2956,2,2,2,1999,0,6,622944.172844268
3030,2,3,2,1972,1,1,700870.041948393
4960,2,2,2,2010,0,9,1077605.12896645
4720,1,1,1,1996,1,8,1025073.92072602
2297,5,1,1,1952,0,2,540252.898364339
4654,4,2,1,1966,0,2,999793.332649875
3971,5,1,1,1971,0,5,833090.937896255
2367,1,3,2,1965,1,10,559232.530906391
1951,1,1,1,1952,0,2,414056.630751583
1168,1,1,2,2001,1,1,298184.102123773
842,1,3,1,1982,1,2,234585.479559561
2707,2,1,1,1991,0,5,595159.511753826
4290,5,1,1,1951,0,10,900894.380061746
3335,3,2,1,1988,1,7,740774.986584788
4973,4,3,2,1995,1,5,1065652.69350241
3673,1,3,1,1997,1,1,783909.148104577
2624,5,2,2,1976,0,7,595411.293213934
2093,1,2,2,1964,1,6,464701.355597667
4186,1,1,2,1956,1,7,899675.847622668
3772,1,1,2,2006,1,2,779596.547160781
4722,1,1,2,1991,1,5,992439.78848935
1792,1,2,2,1958,1,8,379414.702728142
3186,4,3,2,1955,1,7,707389.963080999
3040,5,1,1,2006,1,6,712401.089180074
2276,1,2,2,1979,1,6,477445.197082588
4207,1,3,1,2004,1,1,915543.126940075
1189,1,2,1,2003,1,1,300159.983882533
1799,1,1,2,1976,1,7,404094.251616505
2655,2,2,2,2008,1,3,659968.352637562
1458,2,2,1,1956,0,6,370677.589446207
3563,3,2,1,1989,1,5,758868.012332357
4463,1,2,2,2021,1,3,955254.351342501
2281,3,3,2,1951,1,6,535846.576657994
4531,4,1,1,1963,1,3,955782.197728515
1251,3,3,1,1959,1,8,307452.271420845
3275,5,2,2,1999,0,7,760872.33337221
4022,2,2,1,1967,1,9,861451.363384397
2337,2,1,1,1967,0,5,504853.091124074
3893,1,1,2,1965,1,1,788574.351794337
1682,1,3,1,2001,0,10,372696.051567535
4868,4,3,2,2018,0,8,1049426.76999821
3366,4,1,2,2001,1,2,748904.557318104
4077,5,3,2,1980,0,6,833691.020911214
1174,1,2,1,1972,0,1,258222.994979169
4497,1,2,2,1991,1,6,933746.974685374
3862,4,1,1,2011,0,4,864459.066336256
4050,4,3,2,1999,0,5,953568.816150136
912,4,2,2,1964,0,10,253418.024126157
3997,2,1,1,1993,1,7,817344.28598217
3178,3,3,1,1991,1,6,716521.924247964
2724,3,2,1,1994,1,1,597664.26676267
939,1,3,2,1984,1,9,304083.766225032
2224,2,3,1,1971,0,6,539464.733584389
3749,4,3,2,2023,1,6,859434.374264914
3968,1,1,1,1987,0,9,820932.647969684
1316,2,2,2,2019,1,10,355144.16415452
3416,5,1,2,2013,1,5,774825.158976708
1687,2,2,2,1956,0,6,391433.080082485
3904,1,2,2,1993,0,6,779844.253785803
849,3,1,1,1956,1,7,267344.883461341
4751,4,1,1,2015,1,9,1039895.20820778
4360,5,2,2,2009,1,5,959478.966311386
818,2,2,2,1950,1,5,208596.087624779
2273,1,2,1,2011,1,4,481759.587508666
4861,1,3,1,1967,0,10,1035131.46453198
3406,4,2,1,1956,1,4,714470.929953548
1251,1,1,1,2003,0,8,308937.468991251
4565,1,1,1,2016,1,2,922647.364075108
3238,4,1,1,1959,1,10,686132.982844868
2349,5,2,2,2010,0,8,599347.382898151
4274,3,2,1,2008,1,2,894347.823766361
927,3,3,1,2008,0,1,215346.020961958
3561,2,3,2,2018,0,10,805563.458275202
2215,5,1,1,2012,1,9,586360.772512916
1001,2,3,1,1957,0,8,220874.960534914
3169,3,3,1,2004,1,6,687895.798493733
1317,4,1,2,1955,1,4,313333.029445985
2141,1,2,1,1950,1,2,492570.041567391
2788,3,3,2,2005,1,8,682578.303198238
4345,5,2,1,1959,1,3,925993.685960548
4602,3,1,2,1972,1,10,1035768.63344921
4075,5,1,1,1965,1,4,879274.147211782
4454,5,3,1,1965,0,5,979203.072573639
3234,5,1,1,2005,1,4,697013.657514305
1007,2,1,2,1955,0,8,247351.73966045
3433,4,1,1,1979,1,9,770822.182148182
4917,3,3,1,2012,1,1,1038521.04234212
953,4,3,2,1950,0,2,261224.274532992
4166,1,3,2,2000,0,4,845024.228378687
2318,3,1,2,1995,0,1,479506.917545329
3400,4,2,1,1970,0,6,758946.803623734
2995,4,1,2,1987,1,5,707550.883274393
4354,1,3,1,2018,1,7,931229.657648802
3214,5,2,2,2012,0,6,733391.769336554
3649,3,2,2,1999,1,3,812752.000257434
2542,3,3,1,1961,0,5,589162.629715837
2106,1,2,1,2018,0,3,426361.881854084
4649,5,2,1,2022,0,9,997374.744244877
4968,3,3,1,1993,0,2,1027348.13515141
4995,3,2,2,2001,0,6,1105215.84502235
3355,3,2,2,1958,1,9,765704.823479298
3105,5,3,2,2014,0,10,727582.893009625
1888,1,2,1,1959,0,7,427755.893829593
3442,3,2,1,1995,1,5,725380.164909513
1977,4,2,2,2007,0,2,499854.761769426
3794,5,2,2,1986,0,2,836779.688269674
1359,2,3,1,2001,1,4,351879.002816374
3764,1,1,2,1962,1,10,768661.967777105
2071,4,1,2,1955,1,2,499691.096309038
2613,3,2,2,2007,1,8,592694.688746809
3715,2,3,1,1997,1,10,789930.425631844
1409,1,3,2,1981,0,7,303955.908353205
3261,5,2,1,1960,0,7,701577.644788666
4920,2,1,2,1954,0,3,985955.395122135
1083,2,2,1,1955,1,7,284113.695509105
3728,4,3,2,2023,1,8,829930.930281709
1891,1,3,2,1970,1,5,441551.734054035
1616,4,1,2,1991,1,1,428099.3967767
882,4,3,1,1976,1,1,246162.407159317
2720,3,3,2,1952,1,4,559877.767651039
4291,5,3,2,2009,0,2,923151.044711305
3944,2,1,1,2015,1,7,879634.860909947
2893,1,3,1,1998,0,3,610451.513187579
975,5,2,2,1983,0,4,305233.266342293
3504,5,1,2,1986,0,9,794123.539828445
1169,1,2,2,1991,1,2,228843.256640065
2618,5,2,2,2014,1,8,625339.556260959
2901,3,1,2,2009,1,1,640625.032356618
4290,5,2,1,1950,1,3,969008.895031841
2579,3,1,2,2008,1,4,623290.914290289
2164,2,2,1,1953,0,6,503493.137992718
4142,2,1,1,1963,0,1,867411.99493468
4476,4,3,2,1967,1,8,1006104.70678946
3226,3,3,1,1983,0,2,691999.829838761
872,2,2,2,1950,0,5,182828.054079814
3762,5,3,1,2002,1,6,851437.402155572
1659,1,1,1,1971,0,8,379932.258186473
4656,1,2,2,2010,0,3,930108.559352202
4938,3,3,2,1971,1,9,1107765.5409875
3224,4,3,1,1999,0,5,739935.275387061
1864,5,2,2,1965,1,8,437505.964617803
3017,3,3,2,1977,1,4,709545.807219747
4817,1,3,1,2019,1,9,1022692.14076975
3059,3,2,1,1991,0,8,656337.710872041
4551,5,3,1,2015,0,5,1017181.94231866
2886,2,3,2,2020,0,3,619923.639680999
1168,5,3,2,1984,1,1,364079.633020922
3604,2,3,2,1969,0,5,749477.798902831
950,2,2,1,1951,0,5,191708.561900684
1934,2,1,2,1956,1,4,431789.042970847
3584,3,1,1,1998,1,10,816530.562476512
4964,1,3,1,1958,1,10,1039621.42536161
3146,3,3,1,1976,0,8,664947.490430003
3050,1,1,1,1951,1,3,654723.185067569
860,5,3,1,2017,0,10,230407.819745812
3810,4,1,1,2009,1,9,856667.317490335
4701,5,2,1,1998,1,3,1015684.4237193
2137,3,2,2,1951,1,4,506761.662208809
1984,3,2,1,1966,1,6,435204.279901885
2351,1,2,2,1969,0,9,549654.078786098
2429,3,2,2,1981,0,10,551224.137875158
2127,2,2,2,2000,0,2,480488.066697621
2326,3,1,2,1991,1,2,545196.886532122
2473,1,3,2,2012,0,2,496663.876190851
2161,1,1,1,2010,1,5,499256.437740202
2373,2,2,2,2011,1,6,501973.330621392
3486,1,3,2,1952,0,3,696946.556431003
3166,4,3,2,1975,1,3,761299.980899711
4557,5,2,1,1997,1,2,1020196.33421992
3234,3,2,2,1957,0,6,756641.604385844
2793,4,2,2,1954,0,1,602344.649234802
1669,3,2,2,1960,1,9,418360.71660195
1814,4,2,2,1991,0,10,455983.868668809
2711,3,2,1,1990,1,4,608895.110835153
1402,2,3,2,1968,0,2,302746.599482602
4621,1,2,1,1997,1,6,954797.882552999
1490,1,2,1,2002,1,5,353346.555820724
1293,2,3,2,2004,1,3,290928.503958442
1289,4,1,2,2010,0,3,284428.412690829
3356,5,2,1,1981,0,5,756039.300278865
1094,4,3,2,1995,1,4,298421.01621286
4827,1,3,2,1985,0,5,1028830.15676454
3643,5,1,2,1967,0,2,778977.214747929
3712,3,2,1,2023,0,1,770868.601250612
2517,5,2,1,1967,1,5,603988.834900887
3396,4,2,2,1961,0,1,711899.378136154
2673,2,3,2,2021,0,3,562146.806861083
4058,3,2,1,1995,0,8,860138.640240515
3617,4,2,1,2004,1,8,807157.447342611
1244,3,2,1,1987,1,9,375110.913582398
4441,5,2,1,1951,1,1,931780.279376071
1541,1,1,1,1958,0,4,367587.689552937
2841,4,1,1,1954,1,6,664644.668907248
1479,2,1,1,1968,0,7,380974.47118425
3267,5,2,2,2020,0,5,806817.151208057
4497,4,2,1,1988,1,7,1021186.3255197
2158,2,3,1,1991,0,10,519741.673697697
862,4,3,2,1966,1,8,233587.591209375
3359,5,3,2,2012,0,10,737144.443462224
4569,4,2,2,1995,0,6,990804.754609131
934,3,1,1,1969,0,4,191348.096302011
4444,5,1,1,2019,0,1,962185.981282281
2935,4,1,2,1957,0,5,593626.952730975
4078,1,2,2,1968,1,10,909405.834639115
1622,4,1,2,1981,1,10,406357.49220166
3874,3,3,1,1968,1,10,867964.923636755
3781,2,3,2,1973,1,4,799490.692589488
920,2,1,1,1973,0,5,176536.839744436
2437,2,3,1,2005,0,4,565267.381979857
1724,1,1,1,1967,1,9,435192.534873868
1444,3,1,1,1961,1,3,339012.805869908
2832,5,3,2,1990,0,3,656948.23911835
3561,2,3,2,1997,1,10,782427.71449474
2868,3,3,2,2013,0,7,646812.246106656
1041,4,3,1,1965,0,2,288178.479973003
3468,1,1,2,1972,1,9,764477.123114347
1602,3,3,1,1988,0,8,422924.240335234
4964,3,3,1,1982,0,6,1068772.01689263
995,5,2,1,1973,1,9,301702.115425965
2987,3,3,2,2010,1,3,647364.525803065
4315,5,3,1,2004,0,4,928037.365491902
3130,1,1,1,2010,1,7,697251.284918125
3159,1,1,2,1989,0,1,612254.337027147
4406,4,2,2,2007,1,1,976845.18258532
1076,5,3,2,2021,0,1,276171.406849637
860,5,3,1,2023,0,8,240534.852389803
4190,2,3,1,1950,0,6,863531.895580463
2713,2,3,2,1974,0,3,603459.19464121
4727,4,3,1,2002,0,10,1030033.96615492
3391,1,3,1,2010,0,7,763919.130580746
1366,2,2,2,1995,0,6,289623.108736852
4735,3,3,2,2023,0,5,992545.909423453
2371,1,3,2,2009,0,3,505894.471046815
2000,3,3,2,2000,1,4,453203.581400752
3654,5,2,2,2022,0,1,793952.966603545
3695,1,3,2,1997,1,9,813987.519160388
2036,4,2,2,1989,1,5,499312.105978244
936,5,1,2,1956,1,2,300854.178272112
1829,5,3,1,1968,0,9,425213.189280461
2956,3,2,1,1964,0,7,660644.007998383
3394,5,1,1,2019,1,8,756626.429510296
1461,2,2,1,2010,0,3,341950.33450059
3272,1,2,1,2005,0,7,706183.304658826
3477,2,1,1,1959,0,1,698727.015419192
3108,3,3,1,1995,0,6,662071.191434148
886,3,3,1,2006,0,10,264991.076586739
3312,1,2,1,1984,0,6,700985.112768603
3742,5,1,1,2021,1,10,842909.45398171
3573,4,3,1,1952,1,6,819049.670744374
3304,3,2,2,2015,1,3,743092.961896553
4110,1,1,1,2002,1,6,856759.247182458
2500,4,2,2,2001,1,3,552698.671558938
4470,5,1,1,2002,0,10,947452.025579059
3500,3,3,2,2003,0,9,772836.353005037
4429,1,3,1,1996,0,7,896220.993071286
2447,1,2,2,1952,1,4,538885.711455726
4118,1,3,1,2014,1,3,903020.919785611
4487,3,3,2,1964,0,6,951563.505742843
1396,4,1,1,1983,1,9,352794.892986496
1284,1,3,2,1999,0,3,340746.119340679
1445,5,1,1,1982,0,8,405742.545479691
3889,1,1,2,2022,0,6,791685.053236115
1520,4,2,2,1952,1,4,384475.329526474
1298,3,1,2,1951,1,5,332816.956058702
2473,1,3,2,1953,0,3,533691.510568155
3867,1,1,2,1965,0,2,839766.83619282
914,5,1,2,2003,1,9,281980.747310486
3779,5,2,2,1982,1,3,845730.871890775
2536,1,3,2,1958,1,6,582416.55737866
4411,1,3,1,2006,1,5,966947.992901192
3053,5,3,1,1989,0,10,729022.479857603
3094,4,1,1,2001,0,8,701252.119657791
4430,2,3,2,1965,1,5,912032.504865152
946,2,3,2,1957,1,8,250996.556898539
4782,1,1,1,2009,1,5,1021885.53018013
4253,5,2,1,1985,1,10,961859.967431983
3210,3,2,2,1952,0,6,720653.215845574
936,3,1,2,1964,1,5,299379.151541781
4160,2,2,1,1972,1,2,853575.919873517
3805,4,2,2,1952,0,10,869447.754370115
4352,2,2,1,1979,1,10,937140.913437659
818,1,3,2,1994,0,6,229983.745481868
3042,4,2,1,1966,0,7,678369.481415797
1248,3,3,1,2007,0,3,356775.113472325
2748,5,2,2,2007,1,3,636852.173406543
1745,5,3,1,2006,0,7,418987.144391101
2720,1,1,2,1956,1,10,614496.865569794
3777,2,1,2,1988,1,4,815498.569517957
4988,1,2,2,2007,0,2,1052052.42735276
4815,5,3,2,2005,0,9,1066201.31996512
1038,3,1,2,1964,0,9,331476.615979233
1004,5,1,1,1993,1,6,286014.896614943
3407,4,1,2,1961,1,2,744909.501255488
4188,5,1,2,1957,0,3,886502.848748674
3772,5,2,1,1990,1,5,846541.708458855
3487,4,3,2,1983,0,5,773176.478027074
4966,2,1,1,1995,1,9,1067230.2632489
2148,5,2,2,1978,1,10,536279.69188735
1616,1,1,1,1965,1,3,346954.469581818
1620,5,1,2,1954,1,2,377958.371797941
992,1,1,2,1954,0,10,234020.656879111
2576,4,1,2,1979,0,8,612738.441505878
4445,5,2,2,1999,0,7,1003919.99213729
1050,4,3,2,1954,1,9,305075.886588989
2588,4,2,1,1962,1,3,568060.425838314
4500,2,2,1,1998,0,6,945970.65974208
3263,5,2,2,1999,0,5,779891.635881752
1967,1,1,1,1963,0,5,448374.195882916
4693,1,3,2,1995,1,10,1022368.56728831
1896,5,1,2,1983,0,8,482267.122926314
3479,2,2,2,2020,0,1,767314.165283533
2647,2,1,1,1996,0,1,528578.344961322
4704,2,3,2,2009,0,3,974999.003282572
1304,1,3,1,2023,0,2,278581.95917908
2421,4,1,2,1960,0,2,549877.859926775
3272,2,2,2,1999,0,2,694402.77226599
3346,1,1,1,1953,0,4,715107.782267235
2187,1,2,2,1990,0,1,447727.816253319
3794,4,3,1,2008,1,10,893098.801266979
4616,5,1,2,2009,0,9,1003466.65729627
1517,5,3,2,2011,0,5,400763.638798955
4284,2,2,2,1974,0,5,931685.162473074
1458,2,2,1,1982,1,9,391478.107887374
4808,4,1,2,1968,1,5,1045620.71021005
4564,2,1,1,2006,0,8,982283.672659564
3789,4,1,2,1964,1,1,864341.516599307
2904,1,3,2,1990,1,1,636640.030849367
2055,2,2,1,2018,0,4,434758.839948461
3282,1,2,2,2009,1,8,729976.268274097
1183,3,3,2,1971,1,3,304667.96954951
3407,4,1,1,1992,0,1,670699.971639891
993,3,1,1,1981,0,9,272149.950592577
4607,2,3,1,1962,1,9,1001316.26625039
4519,1,2,2,1987,0,9,979710.444287436
3381,2,2,1,1975,0,9,714447.658562792
3365,3,2,1,1954,0,2,681357.258440517
3563,2,2,2,1998,1,4,773817.021485263
3598,5,3,1,1954,0,2,800104.434690136
3139,3,2,1,2020,1,7,706145.823634639
4206,2,3,2,1997,1,3,900717.717092135
1531,1,1,1,1967,0,9,321481.826144842
3672,2,3,2,1955,1,7,801927.071575627
3920,1,2,1,2015,0,8,819289.85426239
4977,5,1,1,1991,0,9,1104217.71851919
3404,2,3,2,2001,0,8,749283.134100765
3182,5,3,1,1960,0,7,715450.07195637
1331,3,3,2,1975,0,9,381297.121910569
1434,1,1,1,1970,1,1,313077.308094625
2569,3,3,1,2015,1,4,599744.668097154
4604,1,2,2,1989,0,4,948626.966660268
3170,5,1,2,2005,1,5,759778.8128757
802,4,1,1,2000,1,8,246571.49439534
1005,2,3,1,1969,1,10,283910.355697267
4935,5,2,1,2006,1,1,1061503.24103068
3421,1,1,2,1954,0,6,722112.79815003
3690,1,3,2,1963,0,9,819988.445966198
3993,1,2,1,1973,0,10,869746.096117117
3466,1,3,1,2017,1,8,757901.904527904
4106,2,3,1,2001,1,2,919733.127661416
1697,3,1,2,1997,0,7,417224.641033564
1885,4,1,1,1996,0,5,426045.472020066
2079,2,3,2,2009,1,2,437291.291156652
1470,1,1,2,2022,0,1,301624.654955086
2305,2,1,1,1952,1,2,517333.719463756
4375,5,2,2,1958,0,10,979930.009265786
2755,1,2,2,1973,0,6,622978.442082551
1049,4,3,1,1953,1,8,276436.350622025
2692,1,3,1,1958,0,3,561421.11665133
4239,4,3,1,1950,0,5,888358.933253137
2653,4,3,1,1984,0,2,558130.019710514
3654,3,2,1,2023,0,8,779104.531351167
2303,3,1,1,1961,0,4,516765.306107351
4185,2,2,1,1967,0,10,916284.860872258
4371,2,3,2,1959,1,6,918491.147334458
4592,4,3,1,2023,1,3,977168.102015319
4226,1,2,1,1967,1,8,859704.420616914
843,5,2,1,1973,1,8,272958.805206925
4412,5,3,1,1950,1,3,953096.527450732
3418,1,1,1,2021,0,9,767175.784455296
3963,1,3,1,1965,0,10,857845.21999124
2088,3,2,2,1964,1,5,483313.856413581
3742,5,3,1,2011,0,10,827372.189311389
1019,4,3,2,1954,0,9,248433.244495144
2725,2,1,1,1994,0,7,556803.205576364
3772,3,3,2,2001,0,10,813846.476135697
4313,5,3,2,2020,0,3,919127.427949392
3248,1,3,2,1956,1,6,682620.70392885
4271,5,2,1,1976,1,10,968627.368186059
3574,4,2,1,1962,0,2,783656.639810371
1790,3,1,1,1966,1,6,414534.190067457
3746,1,3,1,1993,1,5,852578.806706633
2612,4,2,1,1962,1,3,552731.765837098
1603,2,1,1,2022,1,7,383054.097474307
1289,3,3,2,1954,0,4,309335.494897802
4356,4,1,2,1982,1,6,935432.477950819
2293,4,1,2,1953,0,9,513158.428849674
4445,1,1,1,1975,1,6,936826.002927191
3691,2,1,1,2017,1,4,784561.804316957
2505,4,1,2,1965,0,10,566203.086822186
4316,3,1,1,1971,0,2,871732.009125266
4140,4,1,1,1985,1,9,874547.204554738
853,5,3,1,2007,1,4,255387.088120111
3375,3,3,2,2004,0,4,721947.597387587
4391,3,1,2,1984,1,2,929274.078493079
1415,4,3,1,1974,0,5,350284.455052762
1754,1,1,2,2021,0,6,370737.44145293
3233,3,3,2,2010,0,10,716289.814404545
2429,5,2,1,1967,1,6,557461.792297413
3581,1,1,1,2007,0,3,778298.645229082
1449,1,2,2,2006,0,9,316806.496296251
3147,1,1,2,2012,1,7,671125.482263367
4078,3,1,1,1961,0,3,841505.280272153
3440,1,2,1,1960,1,4,716485.461494878
4601,4,2,1,1962,1,7,1006816.03916595
3361,1,2,2,1984,0,8,713644.144752925
4049,5,1,2,1976,1,6,886313.49024062
1170,2,2,1,2016,1,4,283913.100211142
1657,5,2,1,1994,1,2,394404.661225168
1183,3,3,1,2023,0,10,321643.140943154
4677,1,3,1,2016,0,8,1035779.81856477
3352,1,2,2,1971,0,1,671528.96806917
3525,4,2,1,1991,1,9,806849.080593365
4834,1,2,1,1969,0,8,1011923.72392552
4093,5,2,2,1997,0,3,904315.743953315
4788,3,3,1,1967,1,10,1065019.8240124
1722,2,1,2,2019,0,4,386535.317430467
3715,1,2,2,2023,1,10,807004.485597123
3750,2,2,2,1955,0,4,781138.745008789
3846,1,3,1,1988,1,2,796075.991172284
1774,3,2,2,1960,1,10,437378.858476205
2030,5,2,1,1974,1,5,463885.279214558
3235,3,3,2,2004,1,3,701153.600247063
2614,2,2,2,2007,0,1,583471.340611814
3734,1,2,2,1986,1,2,790262.805526992
2163,2,3,1,1965,1,7,525916.610473389
4740,5,1,1,2019,1,1,1057741.09716646
1003,3,2,2,2022,1,2,257174.26360213
960,2,2,1,1986,1,10,272183.145854841
1568,2,1,2,2002,1,7,367053.852646181
4548,5,3,2,1965,0,1,957284.85598811
3381,1,1,2,1967,1,7,703375.79351669
1893,2,2,2,1968,0,8,453678.759314912
1407,5,1,1,1993,1,2,362615.682012141
2340,1,3,2,1951,1,4,566165.076802026
3675,1,2,1,2007,0,7,800301.300323097
3991,3,3,2,1959,1,1,842919.675261591
2637,5,3,2,1995,1,6,646408.554505669
1489,1,1,2,1968,0,5,320173.111522444
4559,3,1,2,1987,0,6,995221.492728225
3749,4,3,2,1986,0,8,816641.653068924
2903,5,3,1,1994,0,1,622289.350993933
1165,4,2,1,1983,1,3,287106.123073465
4375,1,3,2,1951,0,9,908383.377439627
4999,5,3,1,1993,0,8,1067793.70588453
4972,3,1,1,1976,0,4,1027084.79310987
3178,1,3,2,1997,1,10,727017.296758131
2005,5,3,2,1956,0,9,537901.105206655
4639,5,1,2,1976,1,7,985545.262111162
3535,4,2,2,2020,1,2,809587.826070829
4147,1,1,1,1967,1,1,850457.407100639
2475,3,1,1,1982,1,1,556697.063280056
1098,3,3,1,1982,0,3,232246.349235668
1756,1,3,1,1974,0,10,419300.875433621
1914,1,2,2,1963,1,2,373667.190079599
3305,2,3,2,1987,0,4,715848.376807754
2274,4,2,2,1987,0,8,535231.401175733
4526,1,2,2,1953,0,5,944975.190857387
4271,1,2,1,2011,0,5,870827.246234177
3628,2,2,1,1959,1,6,802338.166860741
3650,2,3,2,1984,0,5,789777.037735418
3306,5,1,1,1972,0,5,725951.180408972
4570,3,1,1,2014,1,7,1001796.25767938
3764,4,3,2,1974,0,6,823409.896335862
1749,5,3,1,2002,0,10,458019.428972719
3650,1,2,2,1966,0,2,752853.016815148
965,2,3,1,2006,1,1,251417.549777739
4286,3,1,1,1969,0,1,909568.073526882
3309,5,3,2,1974,0,4,728852.185659549
1719,3,3,2,1991,1,2,378954.085343645
913,2,2,2,1994,0,6,237501.975138704
4304,5,2,1,1980,1,9,992534.784465323
1791,5,2,2,2014,1,10,470678.774323936
4639,3,2,1,2001,1,10,1020753.55786741
2058,2,1,2,1970,0,8,459545.597337584
4226,1,3,1,1979,0,4,900677.96631933
1314,5,3,2,1952,0,2,329151.614596552
3996,1,2,2,2019,0,1,810852.530471828
3384,2,1,1,1992,0,7,750432.456321872
867,5,1,1,1978,1,10,260136.542042683
2396,5,3,2,1952,1,3,590436.773661294
818,1,2,1,2007,1,6,244248.386548943
3530,4,3,2,1982,1,5,805170.423301552
4321,1,3,1,1994,0,5,872969.112010684
1372,1,1,1,2018,1,2,311078.872730563
3058,4,1,2,1981,1,9,693550.000073535
3702,2,3,2,2001,0,4,775000.018616617
1450,2,2,1,2013,1,10,368568.789683661
3387,5,2,1,1989,0,1,759630.158687439
4062,3,3,1,1962,0,2,851936.18349672
2138,3,3,1,2023,0,9,495315.433143158
4434,5,2,2,1978,1,7,976773.5266542
3627,3,2,2,2012,1,10,839496.776138608
3017,1,2,1,1975,1,2,637972.484554735
4339,1,3,2,2008,1,7,897939.858555956
1837,4,1,1,1998,1,4,400064.129025237
4778,4,2,1,2002,1,10,1059668.23916415
3761,5,2,1,1980,0,2,799182.956502853
4026,5,2,2,1961,0,4,893918.112631812
1898,5,3,1,2007,1,5,441319.500287322
3124,1,1,2,1985,1,4,653327.195834735
1739,3,1,2,1959,0,3,358535.778761996
4516,5,2,1,1955,0,6,992065.267888723
4214,5,3,2,1956,0,1,927021.188515616
2248,1,1,1,1980,1,8,512065.628940915
1370,1,3,1,2021,1,5,301851.591989904
3704,1,1,2,1952,1,8,776155.906397233
3305,3,2,1,1996,0,10,736857.849715289
1717,5,3,2,1950,1,4,393206.464796891
2674,2,2,2,1994,1,4,585771.626390302
2478,2,1,2,2003,1,5,588522.633833397
1415,5,1,1,1999,1,5,363501.111270491
2549,5,2,2,1956,1,6,565586.384024201
4625,5,1,1,2012,1,5,994814.768808097
4988,5,2,1,1964,0,5,1056832.69185806
3277,3,2,2,2016,1,8,787907.719495914
4305,2,2,2,1979,0,6,950641.977012847
4275,4,1,1,2017,0,2,924273.385852539
1935,2,3,2,1985,0,4,425423.101731465
4800,2,2,2,2016,1,4,1047015.74152449
1174,1,3,2,1954,1,5,261463.509023739
1006,5,1,1,1974,1,6,316114.382881107
2119,5,1,2,1960,1,5,531999.338435501
1941,5,3,1,2021,0,6,467416.356633768
3490,1,2,1,2015,1,8,785479.657833769
4055,3,1,2,1977,0,4,846819.471763404
889,3,2,2,2009,1,3,210172.860047544
4908,4,2,1,1959,1,9,1098049.125325
3820,3,3,1,1999,0,3,815868.926771514
2657,3,1,2,1988,0,8,605444.515082467
1604,5,3,1,1986,0,10,461322.164788985
1744,2,1,2,2012,1,5,385743.648190093
3589,3,3,1,2010,0,9,786215.512379001
4675,3,1,2,1987,0,3,1018240.86261444
2410,1,1,1,1982,0,10,543718.293271382
3723,4,1,2,1994,1,10,817105.431394885
4682,1,2,2,1993,0,8,956524.557411513
4021,5,2,1,1950,0,7,871997.983997416
3187,2,3,2,2002,1,7,689939.632379928
1741,4,3,1,1996,0,10,439133.702987238
3366,1,1,1,1982,0,9,717160.86267994
1775,3,1,1,2016,0,8,420980.943856884
1754,3,2,1,1964,1,3,393779.679961006
2062,4,2,2,1963,0,6,478629.152311869
1743,3,2,1,1972,0,6,355207.505651095
3002,1,3,1,2003,0,5,644025.157934034
4127,1,2,1,1957,0,3,883786.016123897
3059,3,3,2,2003,0,9,648181.352266346
2628,3,2,1,1985,0,7,598685.705766187
2057,5,2,2,2001,0,4,468124.641205986
1264,2,1,2,1955,1,6,330862.528842334
4094,4,3,1,1977,1,5,907766.186280307
2030,1,2,2,1999,1,1,454117.602816511
3454,4,1,1,1987,0,2,743420.597468886
1684,5,3,2,1979,1,1,453008.295159609
4605,1,3,2,2022,0,9,981685.261942378
4656,5,2,1,2003,0,9,1000564.40714994
3935,5,3,2,2020,0,5,869467.876308025
1724,3,1,1,1995,1,8,409577.973925849
2346,4,1,2,1977,1,10,563259.99766299
1894,4,3,1,1966,0,4,435305.75719083
3211,3,1,1,1997,0,1,663279.731611342
3417,4,3,1,1993,1,4,770381.805318711
1562,3,1,1,2009,1,7,384794.740715414
3123,1,3,2,2009,1,2,697198.896126146
4945,5,3,1,1954,1,2,1064626.10302168
3575,5,3,1,2018,1,6,763478.653812617
3955,4,1,1,2019,1,9,868903.230038417
4770,2,3,1,1956,1,3,972339.231027086
2840,5,3,2,2002,0,7,664391.799352414
1383,3,2,1,1966,0,10,304752.55179128
2903,2,2,2,2008,1,9,627890.723439648
2742,2,3,1,1958,1,9,616341.638543128
909,5,2,1,1971,0,4,292398.765119029
991,5,3,1,1994,1,2,257377.747107127
1703,5,2,1,2022,0,1,403910.124578665
1661,3,1,1,2008,0,6,399699.414423931
1883,2,1,1,1962,1,5,468701.513830517
1449,4,3,2,1961,0,6,382244.868793035
4934,3,3,2,1985,1,7,1095147.67379081
4411,1,1,1,1959,1,9,960807.676471289
1436,5,1,1,1965,0,10,341971.925715097
1836,2,2,1,1968,0,10,436192.302607926
4931,3,3,2,1955,0,6,1070416.52380431
2948,1,1,1,1953,1,6,613687.49275815
4665,3,1,2,1979,1,3,977506.0030819
3957,3,3,2,1995,1,8,855320.192621824
4387,4,2,2,1976,1,9,988715.574649201
4094,4,2,2,1994,1,1,885067.971991772
3230,3,2,2,1986,1,6,710978.852641623
2679,1,2,1,1958,1,7,559758.252083675
4766,2,1,2,2010,0,8,1000515.14367016
4513,2,3,2,1984,1,10,968410.291125381
4926,5,3,1,1996,0,8,1080283.4891316
4906,5,1,1,1970,0,7,1028625.82003386
2811,2,1,2,1966,1,8,630647.656487655
4173,3,1,1,2004,0,9,885626.23073753
2943,3,3,1,1955,0,10,632367.576856621
3300,4,3,1,1984,0,7,702817.899053046
2089,4,3,2,1999,1,3,467374.490299433
2247,5,2,2,1986,0,9,531240.023563986
3999,2,1,1,1962,1,1,845824.885859088
2743,3,1,1,1974,1,8,629345.59080943
3983,2,1,2,1950,1,6,862288.822943211
4016,1,3,2,1998,0,3,818236.91847552
3936,2,1,1,1984,0,9,865660.072702379
4118,1,1,2,2002,1,6,860544.361849796
3582,4,2,2,2001,1,7,813653.744001493
1790,4,3,1,2003,1,2,429896.114162655
2953,5,1,1,1996,0,1,657990.530792576
1025,2,3,2,1992,0,1,237641.798346377
1576,2,3,2,1969,0,3,369040.871914364
3637,1,3,2,1982,0,3,761215.278252992
1487,4,2,1,1965,0,8,391746.014266267
1329,1,3,1,1956,0,7,291332.87391972
4242,4,3,1,2019,0,10,889152.716602736
2953,1,3,1,1970,1,8,630266.064514148
2094,4,1,2,1985,0,1,493522.960380951
2326,1,2,1,2003,1,4,508336.029502807
3696,4,1,1,1968,0,8,810501.557388664
3903,1,2,2,1974,1,10,819259.08464884
3240,2,2,1,2016,0,2,685638.843128757
4935,5,3,2,2002,0,7,1047429.68389818
4602,1,3,1,1997,0,8,947505.468123681
1644,5,1,2,1991,1,9,415737.907929403
1246,2,2,2,1996,0,7,311327.431446054
4715,2,3,2,1991,0,9,1018796.18951606
3909,4,3,1,1951,1,2,872276.122448446
2034,5,3,2,1955,0,1,435097.897123891
1026,3,3,1,1995,0,1,253033.387490244
4943,4,1,1,2015,1,4,1055680.45416543
3759,5,1,1,1989,0,1,771495.439597964
2630,1,3,1,2007,1,7,587399.594168055
4579,1,3,1,2023,1,8,973539.319564081
986,2,3,1,1982,1,3,268988.141802947
3677,3,3,2,2011,0,1,785431.176905995
3335,1,3,2,1961,0,3,687266.986742919
2732,5,2,1,1998,1,2,650544.061261424
3724,5,2,1,1954,1,6,782269.162480622
1648,1,2,1,2000,0,7,368993.37178926
2832,5,2,1,2018,0,9,609318.726700202
2052,5,3,1,1981,0,5,467595.168219847
2681,2,2,2,1998,1,4,606320.342575234
1069,3,2,2,2009,0,1,224945.06298898
2430,2,1,1,1995,1,6,508407.054532402
4003,3,2,1,2017,1,8,939148.624585391
2374,5,2,2,1990,0,4,512817.773714496
3692,3,3,1,2016,0,1,827663.022577199
2495,5,2,1,1962,1,5,584694.945885518
4058,5,2,1,1967,1,10,903479.271964026
4062,2,3,2,2000,0,5,876569.659764705
2245,2,2,2,1985,1,2,533414.851888613
1019,4,3,1,1983,0,6,248148.301447292
852,1,2,2,1961,0,10,207643.755256787
2557,4,1,2,1954,1,9,619571.743367106
2466,4,1,1,1997,1,6,578399.857810675
3585,3,2,2,1989,0,8,808547.945766035
1519,5,1,2,1962,1,10,416677.798860795
1205,5,3,2,1975,1,3,375205.600228729
3094,5,2,2,1963,0,10,713264.714970841
871,1,3,2,1960,1,2,225745.278708274
2853,3,1,2,1987,0,4,625643.034300395
2029,3,3,1,2006,1,9,489237.778706836
2367,5,1,1,1971,0,9,576602.178970023
4482,4,1,1,1965,1,3,971326.030596576
3753,1,1,2,1978,1,1,803304.500228629
1498,4,3,1,1951,1,1,396212.496340604
1626,2,1,2,2003,1,4,387911.367039008
1148,3,2,2,1951,1,4,309142.908105855
4708,3,1,1,1952,1,10,996341.755310087
1107,4,2,2,2005,1,6,290641.160304504
4216,1,2,1,2021,1,5,914284.586324768
3134,3,2,2,1960,0,6,720390.779545463
3609,4,2,1,1981,1,10,768289.244362291
4358,1,3,1,1953,1,7,918403.421318715
4277,4,2,1,1958,1,7,941990.515060366
3486,1,1,1,2005,1,10,735218.138447983
3785,5,2,2,1965,1,10,841437.008895458
1075,1,1,1,2020,0,9,268872.996844845
3347,2,3,2,1959,0,6,761934.399229286
3564,5,2,1,1985,1,8,761004.411091947
1136,4,1,1,1973,1,2,288938.096275458
2773,5,3,1,2013,1,8,670182.00854476
3779,5,3,2,2005,1,9,882305.349305006
4768,4,1,1,1971,0,4,1018578.18357673
1710,4,2,1,2001,1,5,466035.063748403
2796,2,3,2,1999,0,5,609922.664833145
3929,4,1,1,1996,1,2,884599.819759802
4557,3,2,2,1972,0,5,950240.808241351
1127,3,3,1,1968,0,9,298849.573664721
2599,2,1,1,2001,0,4,526482.123105029
1114,1,3,1,1983,1,10,315321.611013725
4345,1,3,2,1978,1,3,914988.928433971
1934,3,1,1,2010,1,7,466745.526562997
3546,4,3,1,1984,1,8,795365.784217873
2320,2,1,1,1954,1,10,548660.712541475
955,1,2,2,1956,0,6,238935.849346394
2524,1,1,2,1990,0,6,512933.71425072
4143,5,2,2,1951,0,5,880180.814185425
1686,3,3,2,1959,1,6,414505.781741466
3873,4,1,2,1993,0,9,863089.348935167
3605,2,1,2,2019,1,2,813572.388827846
1521,1,1,1,1984,0,10,356774.771416643
1712,5,1,1,2011,1,3,446588.285062214
4157,3,2,1,2023,0,1,834078.726630896
1670,3,2,1,2022,1,4,451323.89623585
4908,2,3,1,1969,0,2,1037742.15527823
1297,1,3,2,1984,0,6,301159.887221031
2556,2,3,2,1986,0,1,545082.598813552
1917,2,3,2,2021,1,8,429720.005053525
4209,5,1,1,2003,0,10,906267.830106996
3628,3,2,2,1977,0,6,831360.890803335
2447,4,2,1,2019,0,9,541674.88904285
3783,3,2,2,1981,1,6,804393.306053341
942,3,2,1,1960,0,10,240844.487848111
3561,5,3,2,1991,1,7,783245.481175968
4235,4,1,1,1972,0,5,907382.664371138
3231,1,2,2,1979,0,8,717422.762816631
2648,4,1,1,1958,1,8,598337.691843199
3496,1,1,2,2008,1,10,724866.89300598
2517,4,1,1,1977,0,9,582696.532825366
3872,2,1,1,1982,1,6,831005.641558005
1867,4,2,1,1996,1,1,466468.113752041
3586,5,2,1,1971,1,9,807837.292517443
4591,1,2,2,1978,0,3,940696.080509333
2088,3,3,2,1983,0,9,485861.740886418
4671,5,2,2,1991,0,7,1017425.10276384
2606,1,3,1,2001,1,3,560385.95806606
2304,1,3,2,1996,1,9,513933.89729885
4108,3,3,1,2023,1,7,856340.557877954
3751,2,2,2,2000,1,7,802065.319771997
871,5,2,1,1994,0,7,273080.581702044
2490,3,2,2,1983,1,2,580256.137984222
2144,3,3,1,1970,0,4,474022.174410218
4103,2,3,1,1962,1,10,933087.149954544
3913,5,1,2,2003,0,8,860882.398207491
1682,3,3,2,1974,0,2,353953.840704601
3462,2,3,2,1970,1,4,713090.398588644
2304,5,2,1,1950,1,10,596256.448065493
3263,4,1,1,2007,1,8,727274.906868473
3353,1,1,1,2018,0,3,664248.386923186
1532,2,1,2,2020,1,6,307918.095714112
2548,1,2,1,1962,0,2,525707.097228122
4724,4,1,2,2001,1,8,1038918.77147491
1223,3,1,1,1972,0,8,286157.721398845
4278,3,2,2,1970,1,1,887268.870996653
2391,5,1,1,1955,0,3,528465.605784832
1292,2,3,1,1969,0,2,330479.800478621
991,2,3,2,1989,0,7,219375.45955812
1298,5,3,1,1958,1,7,344557.474239437
2056,1,3,1,1999,0,4,478468.94349044
2768,3,3,2,1977,1,8,649954.407235594
2986,3,3,1,1960,0,3,655678.195344474
1616,2,3,2,2005,1,9,383988.846614594
4020,2,3,2,1984,1,5,869762.620362511
2273,5,3,1,1974,0,2,512154.273288668
1886,4,2,1,1968,0,9,432715.346723231
4999,1,2,1,1980,1,1,1010798.56311746
2674,4,3,2,1999,0,8,633402.389909313
1670,4,2,1,2012,1,6,415489.846694597
2842,2,2,2,1996,1,1,624262.843595067
1072,2,3,1,1950,1,4,280191.829645035
1829,2,3,1,2007,1,3,435822.970695209
4018,4,2,2,1959,1,7,883232.030250353
4869,1,3,1,1957,1,7,1022758.56372364
1851,2,3,1,1975,1,6,417817.991765222
4833,3,3,1,1983,1,10,1021250.77166482
2373,1,3,1,1968,1,10,516549.170734427
3990,3,2,1,2021,0,8,852864.556972495
4597,1,1,2,1950,1,7,930324.012889113
4089,2,2,1,1997,1,4,840242.852396599
4547,5,1,2,1974,1,7,1026453.49731588
2905,2,1,1,1973,0,1,614604.487121345
1107,4,1,1,1996,0,3,264104.081794912
4159,4,2,2,2018,0,2,944589.361472614
3976,1,2,1,2016,0,7,794993.757032174
2051,4,2,1,1981,0,9,511590.281911546
3547,2,2,2,1966,0,5,751613.347930515
2317,3,2,2,2010,1,9,565026.17557282
2178,2,1,1,2018,0,8,487323.84293177
2761,1,2,2,1960,0,1,528393.873443869
3663,4,1,2,1987,0,2,785986.511688971
3456,3,2,2,2017,0,6,757588.89636599
3294,5,2,2,1968,0,5,679000.36753689
4805,3,3,1,1966,1,7,1090601.20734505
4363,3,1,1,1962,1,9,957380.189854319
1722,2,2,2,1950,0,4,403199.693503412
3759,5,2,1,1951,1,8,821661.765260592
983,1,2,2,2015,0,4,245865.43805364
4158,1,3,1,2017,1,3,907837.611489076
2198,3,1,1,1965,1,2,501939.205703446
3596,3,2,2,1953,0,8,782965.711036981
1336,4,2,2,2006,0,8,318860.29687754
2073,5,2,1,2022,0,3,478194.827055417
3767,3,3,1,1972,1,1,803599.262143518
3849,4,2,1,1951,1,6,867099.890934817
1896,5,1,2,2016,0,5,427953.101872065
2105,1,1,1,1975,0,8,474116.268037589
1715,4,1,2,1956,1,6,400025.360931759
3881,5,1,2,1993,0,4,836641.186146
1828,4,2,2,1982,1,10,476001.10992532
2777,3,3,1,2013,1,10,627805.082000349
4154,2,3,2,1985,0,2,888063.41222444
3311,1,3,1,1953,1,8,740024.853941784
1070,3,2,2,1972,1,5,277226.233165576
1986,3,3,1,1974,1,8,510244.580033895
4564,5,1,1,2023,1,5,999744.608549428
3198,4,2,2,1976,0,6,735156.913164634
4982,1,3,2,2000,1,10,1111236.62312193
2511,3,1,1,2018,0,5,546167.474457467
3030,5,1,1,1972,1,3,701123.874600685
928,1,2,2,1958,0,10,219660.801866928
2069,4,2,2,1982,1,8,476979.639762295
4472,3,3,1,1984,1,3,958513.508565339
2401,3,3,1,1999,0,4,503134.993006263
4770,3,3,2,1973,1,6,1008559.80550882
1427,1,2,1,1973,0,2,326185.814983027
4597,1,3,2,1968,1,7,967558.774613779
2844,1,3,2,1988,0,5,626562.852178047
4352,1,1,2,2010,0,10,922885.298450437
3141,5,1,2,1974,1,5,759478.851550478
4014,2,1,1,1974,1,5,870908.432139401
1049,5,3,2,1976,1,2,323655.451756983
3725,3,2,2,1981,1,10,840047.116578189
1774,5,1,1,1960,1,9,459584.837526952
2125,4,2,1,2018,1,3,528118.326052833
1783,1,3,2,1982,1,7,434319.936646632
1688,4,3,2,1968,1,5,427851.590323936
3737,4,1,2,1965,1,10,842541.366648243
2917,3,2,2,1960,0,10,666855.73279576
3472,1,1,2,2023,0,5,707615.662013503
2126,4,3,2,2018,0,4,474355.013346533
1270,3,2,1,2004,1,10,374635.148309323
2787,1,1,1,1974,0,6,637010.3415965
890,2,3,2,1983,1,7,225777.938539746
1329,3,1,1,1961,1,7,320075.139189007
4859,5,2,1,1970,1,8,1099363.0704876
3573,1,2,2,1978,1,5,777937.99982856
2486,4,2,1,2000,0,7,585110.702633023
991,4,2,1,1972,0,4,282615.032371326
2786,5,2,2,1982,0,9,638181.695956398
4423,5,1,2,1957,1,5,977849.248124755
2985,4,1,2,1991,1,3,672304.803767452
1808,1,1,1,2018,0,5,370137.709993864
4583,3,1,2,1990,1,9,1001477.27358039
2852,5,3,1,2023,0,8,690342.767403742
4108,5,3,2,2012,0,1,881246.669028916
2516,5,1,2,1963,0,5,577014.231218523
1110,2,3,2,2011,1,6,295167.722900271
2060,1,3,2,1995,0,10,459883.386239118
4732,1,2,1,2016,1,2,1004322.53094236
4068,1,1,1,2002,0,6,829598.359218625
1384,1,3,2,2001,1,9,377116.137967398
3599,1,3,1,1956,1,4,787455.139040806
1159,4,1,2,2003,0,3,262380.784983178
3666,5,2,2,1960,1,9,877650.242122156
2811,4,1,1,1974,1,2,632402.53653154
4806,2,2,1,2008,1,9,1015126.31206912
2425,3,3,2,2015,0,10,587613.86312478
3564,5,2,2,1976,1,2,806166.787986201
1690,2,2,2,2007,0,10,353701.007394149
1531,4,1,1,1960,0,3,347058.492068904
4761,3,3,2,2004,1,7,1040177.43343054
3304,2,1,2,1968,0,2,637810.833058934
1414,3,1,2,1988,0,1,322926.752134685
4606,2,3,2,2019,0,9,987149.484317632
2519,4,1,2,1960,0,6,537212.702940604
2387,3,1,2,1963,0,9,546166.122156499
2411,2,2,1,2009,1,3,536386.595978126
1696,4,1,2,1985,1,3,378417.647352875
1077,5,3,2,1990,0,10,333389.013671571
2436,4,1,1,1951,0,3,562146.344869195
2958,4,2,1,2006,1,2,655356.572828691
3232,5,1,2,2009,1,6,729435.466915204
4704,4,1,1,1969,1,3,1027956.59843988
4062,5,1,2,1971,0,5,877383.421422205
2249,5,2,1,1953,0,5,476527.294986996
2032,5,3,1,2005,1,10,528573.413934998
4917,2,3,2,2007,0,3,1007068.51698154
1477,3,2,1,2014,1,3,349653.92363956
3458,2,2,2,2007,1,1,776046.764198787
2828,5,1,1,1979,0,6,635250.53814978
4558,3,3,2,1968,1,3,980643.373396847
2837,3,2,1,2011,1,1,638141.68188659
3449,5,3,2,2017,1,10,812433.348596851
1456,3,1,2,1993,1,9,345220.055815555
965,3,2,2,2010,1,1,249492.537111641
1389,2,3,2,1970,0,5,328703.813198146
3621,3,3,1,1959,1,5,806000.672415721
2062,5,1,2,1979,0,2,480630.548522916
871,1,2,1,1973,0,1,261886.030719436
4316,1,3,1,1997,1,6,891803.505735319
4380,1,1,2,2004,1,7,951502.290504949
1068,5,3,2,2001,1,9,350184.395145826
2576,1,1,1,1987,0,8,566519.599348088
3262,2,3,1,2016,0,10,701142.115128173
2068,5,3,1,1957,0,3,529216.700756691
1815,5,1,2,1978,1,9,405200.428381495
3522,5,2,2,1959,1,1,765318.332569554
1883,3,1,1,2018,1,6,473892.05493057
4901,3,2,1,2017,1,10,1055947.20991444
1206,3,3,1,1998,1,2,347111.613120005
3876,4,3,2,2007,0,10,822404.88138304
1785,2,1,1,1984,0,9,381197.4526513
4403,5,1,1,1999,0,9,949309.045746826
1509,5,2,1,1989,1,8,411234.981938413
3418,3,2,1,1961,1,7,754049.496240499
2211,5,2,2,1965,0,6,507940.01868594
2285,5,1,1,1997,1,2,568509.910777463
3750,1,3,2,1950,0,4,824836.124384729
3734,5,1,2,2014,1,10,836440.505857311
4914,4,3,1,1971,1,7,1031055.80481676
1803,3,1,2,1964,1,6,374662.904270316
3266,2,1,1,2016,1,9,726182.252869509
3266,2,2,1,1963,0,5,714598.89055547
2738,1,3,1,2022,1,6,607174.944639464
2739,2,1,1,1968,0,10,601027.297322981
2435,2,1,1,1989,0,6,509886.434632648
2498,3,3,2,1953,0,8,584974.494847846
2891,3,1,2,1982,0,8,679154.634472473
2695,4,3,1,1992,0,6,556578.058066611
4198,1,2,2,1986,1,8,896662.470280307
1873,2,2,1,2015,0,7,401341.29126466
3202,4,3,2,1976,0,1,661138.350148654
4012,1,2,2,1994,0,5,809150.60323039
4837,2,3,1,1999,0,10,1041891.82139211
1951,2,1,2,2012,0,10,455324.054939779
3245,3,1,2,1955,1,10,765507.19402937
2756,5,3,2,2016,0,5,631419.538678637
4707,1,1,1,2016,1,10,957444.459253261
1607,2,2,2,2008,0,9,372445.761440601
986,1,1,2,1962,1,7,213540.523194605
2107,4,1,2,1970,1,7,472230.10283945
3084,4,3,2,2013,1,10,731313.976460162
1557,5,2,2,1986,1,2,397254.522639861
4654,2,1,2,1997,1,8,1009489.13988588
3006,3,1,2,2005,1,3,651262.678818207
4358,2,3,2,1993,1,9,968363.239085634
2380,1,3,2,1962,0,6,508664.927542747
1761,4,2,1,1953,1,9,472117.070818556
4647,1,1,2,2022,0,9,980015.973486789
4375,5,3,2,1982,0,7,955825.078237885
1675,4,3,2,1986,0,10,425302.326104402
3218,3,3,2,2002,1,8,727153.482475627
4998,4,2,2,1973,0,2,1095502.66288282
1801,2,3,1,2000,1,5,431335.94056447
4184,2,2,1,1990,1,3,890759.683190137
4866,4,2,1,1978,1,1,1035237.72857373
3645,5,1,1,2008,0,6,823079.605481125
2281,2,1,2,1989,0,9,525897.833476338
4101,2,2,2,2000,1,2,864353.959242184
1457,3,1,2,1999,1,9,339508.96213443
3580,4,1,1,1985,1,8,777450.796540541
1222,2,3,1,2009,1,9,316795.936511445
4481,5,1,1,1967,0,5,999923.187652977
3510,1,2,1,1969,0,2,721745.584268827
1252,4,1,2,1954,0,10,310546.909750861
3197,3,3,2,1967,0,10,670382.017168784
2775,2,2,1,1989,0,6,640838.535890058
2457,5,1,2,1950,1,7,596625.703649537
3341,4,2,1,1968,1,3,762100.249250146
3875,5,1,1,1975,0,6,872042.201298234
3964,5,3,1,1978,1,6,886681.744281026
3766,3,1,1,2008,0,8,814314.765843688
2853,4,2,2,2012,1,1,675815.0485488
1087,2,2,2,2011,1,4,278889.522232978
4017,3,2,1,1997,1,1,876088.1322516
4654,2,1,1,2011,0,8,1001563.76793001
2247,1,1,2,1967,0,2,486473.283310566
1407,5,1,2,2015,0,8,357195.770743338
2564,1,3,1,1976,1,3,560952.903929652
2025,5,3,1,1955,1,8,528441.010949399
2035,3,3,1,2019,1,6,504400.071498368
1829,2,2,1,2008,1,1,443005.814975487
3471,2,2,1,1955,1,7,773977.424582746
4762,3,2,2,1980,0,7,1028315.1403398
3977,4,2,2,2005,0,6,852244.165830389
4522,1,2,1,2003,1,1,927871.262223203
2275,1,1,1,1990,0,5,504515.766858787
3696,2,2,1,1967,1,1,772845.373299591
1608,2,1,1,1972,1,1,364082.474922078
1778,2,3,2,1985,0,6,443075.581024282
3263,3,3,2,1974,1,8,767114.257308627
1525,4,3,1,1956,0,1,370544.72076993
3301,1,3,2,1969,0,2,683796.510504157
4162,5,3,1,1954,0,5,909315.527241412
2016,3,2,1,1967,1,8,503891.50352639
4851,1,2,2,1982,0,4,1001287.51806385
2997,4,2,1,1984,1,5,665442.940174743
3606,3,3,2,2014,1,10,841594.368910199
1578,1,3,1,2012,1,5,375140.003478232
1772,3,1,1,2021,1,3,398968.604475206
3610,1,2,1,2020,1,6,786973.504723316
2923,1,3,1,1990,1,5,663880.460329813
1398,4,3,2,1999,1,2,330408.173380306
4141,5,3,1,1979,1,10,933188.652166177
1024,4,1,2,1987,0,4,255632.91581029
1640,1,3,2,1984,0,4,376307.179144587
2614,3,1,1,2015,1,7,609600.208071497
1906,4,1,2,1995,1,7,448413.152218013
924,5,2,1,1957,0,9,234481.220602349
4046,1,3,2,2017,0,10,889994.968864985
3731,4,1,2,1986,0,2,769201.36823557
4925,4,3,1,1962,0,6,1064779.6051261
3771,4,2,1,2022,0,2,806900.477531733
2817,4,2,2,1994,0,9,644461.097630102
3215,3,1,1,1978,1,2,740280.849292671
3896,5,2,1,1990,0,6,933157.040340546
2409,5,2,2,2005,0,8,524964.064715035
1517,1,2,2,1965,0,6,365997.653883323
4361,2,3,1,1961,0,3,912293.805683059
1816,3,3,2,2015,1,5,464396.362842814
4365,1,1,1,2011,1,4,938931.576904479
2760,1,1,1,1968,1,1,620243.620179954
1848,4,2,2,1979,1,5,456724.122879067
2157,2,2,1,1965,1,10,484160.587876124
4226,2,1,2,1962,1,5,923391.237217741
915,3,2,1,2018,1,7,261949.939403602
2895,2,1,1,1972,1,7,634153.919621647
2601,1,3,1,2011,0,2,539294.402982376
2946,2,2,2,1980,0,4,656358.389227628
2420,2,2,2,2002,1,1,572084.237300184
3750,5,2,1,1966,1,5,810116.186032509
4592,1,3,2,1998,1,5,988948.806061973
3741,2,3,2,1998,0,4,785890.320364434
1777,2,2,1,2016,1,10,393718.190045197
3866,4,1,2,1975,1,7,857892.645519075
1583,2,3,2,1962,1,6,363771.555495261
1040,2,2,2,1987,1,10,243556.169304995
2353,5,2,1,1971,0,3,520056.488194387
1812,1,3,1,1978,1,2,382705.652052154
986,3,1,2,1994,0,4,228032.828673415
2681,1,2,1,1995,0,9,550052.898076158
1230,4,1,2,1988,1,10,326121.497284345
1038,1,1,1,2018,0,5,219768.771797901
3145,2,3,2,2017,1,1,691390.346928641
875,4,2,1,1988,0,3,248838.474659958
2156,1,2,2,1969,1,9,499703.714419461
3130,4,1,1,2017,0,7,686113.888553162
2702,3,3,2,1984,0,3,587839.310107692
4813,1,3,1,1957,1,1,984673.125314716
2859,2,3,1,2001,0,4,598475.133514752
940,4,1,1,1989,1,9,292590.096701968
2589,5,1,2,1985,1,7,564807.435033738
4426,4,2,2,1955,0,5,948181.876542177
816,5,3,2,2019,1,6,253111.77346097
1264,2,1,1,2022,1,1,310778.302534372
2627,3,3,2,1965,1,7,570774.700414441
3828,5,1,1,1995,1,5,850912.017637149
1319,3,2,1,2008,0,7,333374.608533978
889,4,3,1,1987,0,5,200181.7195344
3651,2,1,2,1967,0,5,743341.800678457
3643,5,3,1,1961,1,3,815305.25382968
2684,4,1,2,2003,0,5,609653.672690858
4971,1,1,2,1996,0,8,1037762.48277782
1725,4,1,1,1950,0,8,428011.356323745
4534,3,3,2,1964,1,2,945815.687183984
1769,2,1,1,1970,0,1,342081.241256799
1894,2,2,1,1950,1,2,431912.64514392
3995,4,3,2,2016,0,7,844266.169044647
2204,1,2,1,1961,0,3,448166.941848805
4164,3,2,1,1977,1,8,935106.958870659
4782,4,3,1,1988,0,4,1028127.48891917
4813,4,1,2,1986,1,10,1038396.37736862
3892,2,2,2,2009,1,10,835949.212383976
4959,3,3,2,1980,0,8,1076323.03892223
2874,1,1,1,2007,1,2,616099.27339125
1084,2,3,1,1960,1,5,251436.083941933
1987,4,3,2,1978,1,6,436704.406672476
4769,2,3,2,1962,1,1,1053845.045816
3765,2,1,2,2000,0,1,750438.019367061
1583,5,2,2,2003,1,9,431792.412582503
1749,2,2,2,1968,1,5,447567.323308454
4739,2,3,1,2007,0,4,998489.939220829
844,3,3,2,1985,0,1,201789.08308832
2610,2,1,1,1977,0,3,520348.773957607
2881,1,3,1,2017,1,4,592199.736591999
4298,4,3,1,1952,1,5,954017.37121691
1629,3,3,1,1990,1,10,452074.40807375
2709,2,2,2,1984,1,5,591913.522582387
3381,1,3,1,1999,0,10,717306.988446266
1491,4,2,2,2023,0,8,389637.02727028
4819,3,1,1,1979,1,3,1005651.31865238
1731,1,1,2,2021,1,7,404062.072690711
4206,2,2,2,2019,1,6,905245.036252138
947,5,2,1,2003,1,10,284163.298535549
1832,5,2,2,2020,0,10,456011.546031587
2111,3,2,1,2000,0,10,536278.80286625
1187,1,3,2,1977,0,6,295513.323602524
3921,4,2,1,2013,0,10,891512.520106399
2673,1,2,1,1970,1,9,573632.640976999
4388,5,2,2,1976,0,7,985998.403690189
1715,3,3,2,1976,1,7,439975.511886725
2678,2,3,1,1999,0,1,536110.097586016
4548,1,3,1,1978,0,1,951094.768334277
1077,5,1,2,1988,1,9,299568.146580133
2777,4,3,1,2006,0,9,598754.90809186
2659,3,2,1,1986,0,10,605044.393308191
3836,2,3,1,2013,0,3,824676.064776565
4171,1,3,2,1997,0,8,886990.201716114
2982,4,2,1,1971,1,9,685671.535378856
1970,2,3,1,1979,0,1,423735.366538542
1289,5,1,2,1977,0,3,383464.700233539
3325,5,3,1,1972,0,6,718435.765286784
1982,4,1,1,1953,1,4,490223.04955893
3288,5,1,1,1952,1,8,751985.574272225
2676,3,1,1,2010,0,9,575838.337343324
3262,4,2,2,1953,0,7,722190.023734286
2430,5,3,1,2014,0,1,519176.684060285
1087,1,1,1,1961,1,2,238512.739829829
2707,5,1,1,1962,0,1,598226.64185411
1961,3,3,1,1983,0,9,425422.073535022
929,2,2,1,2008,1,4,255459.563462201
3163,2,2,2,2022,1,10,683505.973977212
943,5,1,2,1980,1,8,246306.976049661
815,2,2,1,2020,0,5,180989.556604291
1044,5,3,1,1962,0,5,343198.854045887
1726,3,2,2,2003,0,5,350748.396453279
3978,2,3,2,1951,1,5,871503.077219245
2976,1,1,2,1982,0,3,600409.093224518
1686,5,3,1,1999,0,6,411446.795712061
1140,2,1,1,1956,1,1,286098.273217008
2851,3,3,1,1967,1,8,668070.467870973
4198,3,3,1,2000,0,4,879582.589520955
4750,1,2,1,1957,1,6,969054.399834168
1105,3,3,1,2004,0,2,287553.524342516
1707,3,1,2,1992,0,2,396209.429825234
3454,2,3,2,2008,0,8,742675.762280295
4592,5,1,1,1979,1,1,1002448.60959521
4842,4,1,1,2008,0,8,1026254.26297561
2171,3,3,1,1958,1,10,503524.06087413
1120,3,2,2,2017,1,10,309099.054528027
4859,4,3,2,1988,1,1,1057775.81852729
1931,3,3,2,1960,1,9,480931.256738811
3378,2,2,2,1951,0,1,721329.067001917
4842,2,1,1,1972,1,4,1001385.52816777
4167,4,3,2,2012,0,9,954947.028118956
1617,3,2,2,1971,0,1,357840.478616534
811,3,2,1,2010,0,9,226227.108713085
994,5,1,1,1975,0,8,244833.602269553
3337,3,2,1,1961,1,5,732553.621092568
3642,2,1,2,1981,1,6,799705.943421288
3029,1,3,1,1958,0,5,664862.765317317
3809,1,2,2,2018,0,4,832848.51842967
2877,1,3,2,2020,0,10,643405.872395637
4667,1,2,2,1982,1,4,987322.829894993
1243,3,2,2,1973,1,10,322442.622212142
1097,3,3,1,2018,0,8,271856.489794175
1644,5,2,1,1987,0,8,437056.212866704
1815,3,3,2,1960,0,9,458776.758793473
2184,1,3,1,1981,1,3,458874.682478781
2197,4,1,2,2013,0,10,532477.397178837
1353,4,3,2,2021,1,8,380859.592284896
3150,2,1,1,1969,1,3,651154.777874645
2069,2,3,1,1983,1,2,483311.420119729
2060,3,2,2,1991,0,2,431761.338512955
984,4,3,1,1957,1,9,233067.675808163
3210,1,2,2,2015,1,4,684997.439657699
3009,1,1,1,1970,0,5,638245.367631375
4472,1,2,2,2019,0,2,917523.229877922
2681,3,3,2,1954,0,9,679877.670429699
1321,3,2,1,2016,1,7,349671.280730874
2687,5,1,1,1992,1,3,620078.545482468
3352,1,2,2,1965,0,6,719139.782582852
4609,1,2,1,2022,1,7,966767.024889998
4955,3,3,1,1984,0,6,1077236.97655234
4279,3,3,2,1992,0,10,939825.048654428
2209,5,2,2,1988,1,10,554679.292597312
2494,5,1,1,1959,1,6,571196.994428327
1326,2,2,1,2023,1,8,295091.741838773
3460,4,1,2,1969,1,8,763465.347773068
2972,1,1,2,1950,0,5,631465.846406497
1079,1,1,2,1955,0,4,231682.513006376
3764,5,2,2,2002,1,5,850093.179176684
4777,5,1,2,1995,1,9,1046590.95307859
3469,2,2,2,2015,1,10,779564.487115663
3693,4,1,2,1987,0,6,777179.396853117
2551,2,1,2,1982,0,3,549022.250297127
4781,4,2,1,2016,1,3,1014176.14634122
3161,1,3,1,1984,0,1,621742.926446734
4931,2,3,1,1994,0,5,1032071.14692429
2508,5,2,2,1971,0,6,618007.939345451
3486,2,2,1,2017,0,8,714735.58980385
3695,2,3,2,1966,1,9,818984.806259855
3576,1,3,1,1954,1,7,796139.426581606
1919,5,3,2,2006,1,1,524300.767128611
3788,5,2,2,1989,1,7,841276.675438833
994,3,1,1,1979,0,10,247999.984884892
1462,3,2,2,1991,1,9,345232.695101518
1279,3,3,1,1956,1,4,356312.908371156
2223,1,1,1,2020,1,7,473914.641769023
3508,2,2,1,1968,1,9,764335.089205616
3975,5,3,1,1990,1,1,831776.553065719
4614,5,2,1,1983,0,10,1034899.29606696
2814,2,1,1,1971,1,9,658756.457019451
4589,5,3,1,2001,0,4,1015944.37658961
3243,2,2,1,1955,0,8,662466.867966157
1711,1,1,1,2023,0,3,381378.776019483
4013,1,1,2,1974,0,2,781783.2403819
3164,1,2,2,2015,0,8,678251.007551606
4429,2,1,1,1959,0,8,939926.939499595
4272,2,3,2,2023,1,3,921154.580452707
1480,4,1,2,1975,0,8,378365.913315937
1409,5,2,1,1954,1,6,374599.159911018
2956,5,3,1,2017,0,10,637139.262181786
4666,4,1,2,2020,0,9,1018578.02521999
1171,4,1,1,1999,0,10,311640.203528194
1415,1,3,1,1966,1,6,318434.505215719
3053,4,3,1,1960,0,8,650365.064471585
4938,2,1,2,2002,0,2,1057100.55464811
1664,3,3,1,1999,1,1,426582.513457267
2068,2,2,2,1957,0,10,491248.935182686
1584,4,1,1,2011,0,10,374892.502219132
4978,5,2,1,1978,0,2,998675.111194712
3037,2,1,2,1993,1,4,678516.979385881
4854,5,2,1,1994,0,10,1069967.16934638
1735,2,2,2,1978,0,9,394633.442273196
4780,5,3,2,2008,1,7,1085120.15766745
3138,2,1,1,1964,1,9,715799.938349071
1125,5,3,1,2019,0,9,321402.387205771
2334,3,3,2,1993,0,9,539676.460446778
4280,1,1,2,1985,0,8,896274.192939992
4661,2,2,1,2006,0,6,997198.496820869
2785,3,1,1,2013,1,10,615563.091336425
3578,1,1,1,1987,1,7,777249.578044626
2070,2,1,1,1966,1,2,436985.22638826
1440,3,3,1,1976,0,1,369413.879293806
4878,3,1,2,1966,1,5,1053903.21428938
2167,3,1,2,2012,1,8,490194.293459027
4842,4,1,2,1960,0,3,1024414.89560074
3375,5,2,2,2013,0,7,734655.340499299
4403,1,2,1,1988,0,5,953202.82094252
2381,5,2,2,1951,0,10,606771.89961178
2786,5,2,1,2015,0,8,658605.592064071
3040,5,3,1,2003,0,6,729916.414191364
4766,3,3,1,1978,1,6,1034994.89872181
2905,5,1,1,1994,0,7,676087.81417937
928,4,3,1,1980,0,7,292218.113047744
4796,2,2,2,1998,1,4,1016056.4101121
1651,3,1,1,1958,1,10,411977.596432934
4903,1,1,1,1976,1,10,1063941.41503572
2876,2,2,1,2005,1,10,666362.4491399
3794,2,2,2,1994,1,8,808913.481994974
4544,2,2,1,1992,0,6,902129.265718213
3556,5,3,1,1971,0,8,795811.798435074
2444,5,1,1,1982,1,7,527377.145519371
3944,3,2,2,1976,1,1,822024.566597361
1042,5,1,1,1989,1,4,268542.82606999
4885,5,1,2,1975,1,7,1053783.9422265
970,5,3,2,1994,0,9,306510.953604089
1452,3,1,1,1994,1,2,372341.988518257
4312,3,2,2,1975,1,5,945118.51799518
2299,4,2,2,2019,0,9,552612.674401545
2899,4,1,1,2016,0,9,668203.011409216
2958,4,1,1,1955,0,6,592179.250219477
2772,4,3,1,1977,1,7,645654.942050178
4725,2,2,1,2016,1,9,972088.53197075
3058,2,2,2,1962,0,10,684328.486891789
4839,4,1,2,2012,1,8,999472.296317008
2835,4,1,1,1962,1,10,652489.036616233
4071,1,1,1,1950,0,6,860894.24440049
1657,2,2,1,1989,0,6,351456.051292092
4623,1,1,2,1986,0,7,984642.899012831
1849,1,3,1,1980,1,7,443465.554248794
4790,5,3,2,1966,0,2,1038520.61739595
1098,3,1,2,1958,1,9,314050.039687763
1723,2,3,2,2013,1,4,397619.997805834
3599,4,3,2,2006,1,10,823597.97159392
4862,4,3,1,1962,0,9,1054651.28930586
4845,3,3,1,1986,0,10,1043686.2763846
2602,2,3,1,1963,0,3,547599.223083823
3513,4,2,2,1974,1,5,751536.697131932
3653,4,1,2,2006,0,5,782178.541267763
3457,5,3,1,2020,0,7,767601.302320143
4146,1,1,2,1991,1,4,852781.725312078
2271,4,3,2,1991,1,4,557501.344545251
3749,2,2,2,1996,0,1,753494.83455361
1741,3,2,1,1993,0,6,401912.271027719
2707,5,3,1,1990,1,4,662558.492789031
2043,2,3,1,1952,1,10,511328.233814989
2266,5,3,2,1950,1,10,593607.347127432
4757,1,2,1,1960,0,5,971630.485565644
2766,4,2,1,1956,0,9,649807.203143193
1175,2,1,1,1961,1,4,260425.740075547
1062,3,2,2,1987,0,1,248503.151104587
4188,1,3,2,2003,0,9,885056.104730495
4195,1,1,2,2016,0,5,854603.99469505
2744,5,2,2,2002,1,10,644754.650297887
2693,1,2,2,1981,0,7,567265.601812566
4434,2,3,1,1994,1,3,921240.154722458
2452,5,1,1,2000,0,4,578810.337650145
4941,1,2,2,1986,1,10,1048638.74992814
4692,3,2,2,2008,1,9,1025435.91359793
1399,2,3,1,2003,0,10,348894.421779821
2712,3,1,2,1967,0,1,581768.160627751
2092,3,1,2,1950,1,5,485720.113651411
1400,5,1,2,1970,1,8,366364.569499225
1180,4,1,2,1977,0,10,346459.921712872
4437,5,3,2,1965,1,7,1007418.61904088
2963,2,2,1,1997,1,4,650059.550819276
1898,2,2,1,1977,0,7,419423.639100848
1165,5,1,2,1971,0,1,288029.478931773
3370,4,1,2,1950,0,6,747440.537909294
4219,5,1,1,1991,0,9,963298.502313408
3276,2,2,2,2019,1,3,674873.811383374
1590,4,2,1,1952,0,4,396494.368966045
4369,2,1,2,1993,0,8,950968.090919466
1546,4,3,1,1976,0,5,342032.038252369
1112,4,2,1,2000,0,5,282871.228081718
1720,5,2,2,1973,1,1,395387.050672924
1877,5,1,2,1969,1,6,474163.240291926
3629,5,3,1,1981,0,2,787841.226691111
3181,4,1,2,1962,0,1,680946.523327997
4418,4,1,1,1992,0,6,936323.604818038
1597,2,3,2,1969,0,5,387404.085819207
1072,3,3,2,1951,1,5,295125.824014954
3810,5,3,2,2017,1,9,874773.169100991
2573,2,2,1,2009,1,10,593615.545627036
3347,2,1,1,1953,1,10,753712.272011304
3964,1,2,2,1966,0,3,815250.703628592
1746,5,3,1,1950,1,1,474719.369688523
3465,2,2,2,1982,1,8,731130.131219537
1306,1,3,1,1979,0,5,258052.038795759
1043,5,3,2,1954,1,5,258382.985784786
1305,4,1,1,1961,1,8,293010.297017689
3958,1,1,1,1981,1,8,862429.245370506
4390,4,1,1,1987,0,2,942784.192482066
2672,3,2,1,1966,0,3,613594.41229439
4593,3,1,1,2007,0,10,957184.044632362
1992,3,3,1,1989,0,10,492036.536368638
2264,3,1,2,1973,1,1,507220.601553733
1190,2,2,2,1961,1,3,296164.662478897
4177,3,1,1,1968,0,4,898040.57238374
1472,2,1,2,1978,0,7,321492.956223439
3360,2,1,1,2001,0,9,788681.228385112
2011,5,2,2,1966,1,5,525497.007606884
1729,2,3,2,2022,1,1,385507.351150116
2339,2,3,2,1970,0,2,481531.548556916
1712,3,3,2,2009,0,10,415202.395954883
1443,2,1,1,1969,0,2,324156.461089551
1301,4,1,2,2002,0,9,358840.381492708
1529,3,2,2,2012,0,10,346581.977210792
2083,1,3,2,2006,0,7,469737.173579979
2918,3,1,1,1978,0,2,586374.62438963
4636,2,1,2,1950,0,1,966108.939835278
1719,4,1,1,2008,1,5,416112.394488549
4850,3,2,1,2013,0,1,1061416.99405714
3139,4,3,2,2021,1,9,686149.936394508
1555,1,2,1,2020,0,3,374265.209537253
2669,1,3,2,1993,1,2,537204.216620845
1307,5,3,2,1997,0,6,311219.743139837
2236,5,1,2,1964,0,3,469272.636038196
3375,3,1,2,1984,1,5,746258.815211276
4226,5,1,2,1972,0,10,900857.529731157
1358,4,1,2,2002,1,8,321891.712367987
3902,5,1,2,1994,1,10,885469.190040585
4422,4,3,1,1962,1,2,971694.384646867
4857,5,1,1,1983,0,5,1042396.23260376
4515,5,1,2,1987,1,8,992944.521274461
2101,5,2,2,2019,0,1,528922.740810929
2955,2,2,1,2017,1,10,669645.906656049
1492,2,3,2,1954,0,10,383542.286848056
2278,5,3,1,1989,1,4,551173.053142249
1056,4,2,1,2019,1,5,263753.092793633
3230,3,2,2,1970,0,10,729747.192047551
1241,1,1,2,1977,0,3,255805.067213255
2681,2,1,1,1952,0,2,564925.346549019
3446,5,3,1,1972,0,3,770835.067047336
4620,1,2,2,2021,0,5,910464.548327834
2535,2,3,2,1968,0,7,522762.446902707
4535,3,1,1,1999,0,2,970736.479312439
3445,4,3,1,2023,0,7,748406.338835026
818,5,3,1,2007,0,6,231191.950272279
1924,3,3,2,1969,1,7,469960.959934271
4785,2,1,2,2021,1,7,1008358.18507195
3454,5,3,2,2002,1,9,808239.70954107
2880,1,1,1,1958,1,7,625721.955281674
2347,4,2,1,1953,0,6,542365.073754511
1661,2,3,2,1990,1,10,394653.540243944
954,4,3,1,1974,1,8,289639.870582023
4294,5,1,1,1983,1,7,977427.227170886
1704,3,3,1,2022,0,6,389606.294597145
2069,4,1,1,1958,0,4,493682.957506804
1204,1,3,1,1962,1,7,300510.992041934
1643,2,2,2,1958,1,8,415962.041399449
2582,1,2,2,1953,1,8,578619.282958828
2364,4,2,2,1983,0,4,533964.726997552
1984,3,3,2,1956,1,10,495543.242051909
1546,3,3,2,1964,1,9,426539.939057556
2525,1,2,1,1987,0,3,539902.432355377
3988,5,2,1,2001,1,9,911563.27077271
1070,5,1,1,1956,1,3,283787.877160583
4756,3,1,2,1994,1,7,1061472.16184988
971,1,2,1,2008,1,4,257208.427773242
1073,1,2,1,1970,1,5,266542.711500625
3106,1,3,1,1977,1,3,667133.658193633
1958,4,2,2,1952,1,2,487047.706731828
2506,5,1,1,1963,1,8,580044.898073869
2571,5,1,1,1951,0,7,545628.124593217
1221,4,1,2,1978,1,7,327009.989985611
2009,2,1,2,1967,1,8,495550.114327859
1690,4,1,1,1986,1,1,440782.720279617
4067,1,1,2,1994,0,8,849717.651414153
2273,4,2,1,1994,1,10,550689.691598545
4043,1,1,2,1973,0,5,851588.260812899
2981,3,1,1,1995,1,8,663591.264528406
2249,1,1,1,1961,0,9,504710.148709779
3896,5,1,2,2002,0,2,838064.956223293
4056,4,2,2,1994,0,3,895484.206429755
3956,1,3,2,1981,1,6,867274.512827446
2390,2,3,2,1967,1,9,575255.695807561
4781,3,3,1,1962,0,10,1026067.05887995
2235,2,3,2,1953,1,10,575148.183012557
1023,2,1,1,1972,0,8,265697.798559487
1019,2,3,1,2011,1,6,277982.351337171
2454,3,3,1,2003,1,5,546776.425485826
1064,3,2,2,2023,0,3,259373.204496286
1753,3,2,1,2004,0,4,405459.494017566
4533,3,2,1,2018,1,7,962908.067589393
3574,2,1,2,1989,0,7,753492.071355773
3924,5,1,1,1963,0,3,844654.999547425
1279,5,1,1,1977,1,4,339198.016523081
4314,3,2,1,2021,0,3,867732.32524896
2153,4,3,2,2020,1,2,503218.236482393
4122,1,2,1,2016,1,6,867966.345423002
4678,4,1,1,1978,0,7,1001077.89625938
1689,4,2,1,2010,0,4,425681.914154506
4654,4,3,2,2017,0,5,1052109.88730303
1724,5,1,2,1958,1,8,455759.429991116
2970,1,3,2,1966,0,9,615139.445698342
2702,4,3,1,1998,1,7,622764.826204187
3195,3,1,1,2012,0,10,718899.082720777
828,5,3,1,1995,0,1,245682.262410726
834,3,2,1,1962,1,3,255483.143386327
4389,3,3,1,1994,0,5,935366.225142735
3470,4,3,2,2002,0,3,748912.493890862
4165,3,3,1,1966,1,1,939810.600097901
1388,1,2,1,1996,0,2,305066.765084241
4018,3,3,2,2011,0,8,847183.140599472
3938,4,3,2,1999,1,7,915478.341425823
1703,3,2,1,1992,0,10,373197.612715139
4886,5,1,2,2017,0,3,953823.869437785
2969,5,1,2,2021,1,4,695034.668950939
1139,5,1,2,1977,0,3,314567.524275616
2514,2,3,1,1994,0,4,560150.323548617
1356,5,1,2,1990,0,8,317638.597900199
3887,5,2,1,1985,1,9,877928.253618942
4066,2,3,2,1982,0,7,862245.785661153
4367,5,3,1,1974,1,9,966967.77472769
2856,4,3,1,1968,0,9,688501.735770232
4699,5,1,1,1996,0,7,989633.348534208
1816,5,1,2,1982,0,7,447102.61132766
2862,2,1,2,2016,0,8,651251.174591564
1638,4,3,2,1963,0,10,422136.038132976
2437,3,2,1,1982,0,3,567427.959312384
4296,1,3,2,1991,0,8,922292.868060723
2613,4,2,2,2014,0,1,586333.741762301
4279,3,3,1,1996,0,6,927970.871720804
2251,4,2,2,1984,1,2,536536.081666254
3113,3,3,1,1981,0,7,678961.522564694
2314,3,3,2,2004,1,3,499253.15370318
2031,4,2,1,2003,1,10,525051.085286583
2445,2,2,1,2000,0,5,563043.557512644
3799,4,2,2,2008,1,10,861099.470272651
4240,4,2,1,2021,1,2,905290.609509141
4856,3,2,2,1963,1,1,990257.072086759
1105,1,2,2,1967,1,5,273145.177498085
4336,3,2,2,2004,0,9,900476.241382051
2523,5,2,2,2005,1,9,569375.312434052
2489,4,3,1,1998,0,7,573281.711799608
2317,4,2,1,2009,1,9,536305.7624703
4717,2,2,1,2002,1,4,1009032.73890412
1219,3,3,2,2020,1,3,308817.609935953
3736,2,3,2,1955,0,4,779034.135844435
4662,4,1,1,2019,0,7,955777.122981776
2250,3,1,1,1957,0,8,487677.796854241
3896,3,2,2,1964,0,2,804796.587748723
4061,5,2,2,1975,1,5,871567.308162126
1964,5,1,2,1988,0,5,454573.89261894
2669,1,1,1,1952,1,9,562118.700220634
2619,5,2,2,2006,0,3,588706.43131772
3505,3,1,1,1959,1,6,775010.280341716
4315,5,2,2,1952,1,10,947345.751140271
2142,1,3,1,1995,0,5,479035.215735465
3026,4,3,2,1971,1,2,647166.053218807
1879,5,1,1,2016,1,2,423995.565040093
3579,3,3,1,2014,1,4,784969.567559381
3328,4,3,1,1968,1,4,764776.027297216
1613,3,3,2,2011,1,7,425284.988537232
2831,4,3,1,2006,0,1,664509.765553939
1122,3,2,1,1962,0,6,272985.278129562
3769,5,2,2,1965,1,9,852612.467033042
1703,5,1,1,1965,1,2,390783.11177455
2341,1,3,1,2001,0,5,476855.841700224
4303,4,3,2,1990,0,10,951314.302158188
3453,1,3,1,1997,0,10,726203.212513844
3276,2,1,2,1988,1,4,738009.480000432
4140,5,2,1,1962,1,4,878440.356703315
1941,4,3,2,1953,0,8,479358.830145617
1649,1,2,1,1992,0,6,342656.519029574
1166,1,1,1,1995,0,7,248688.788330698
3697,2,2,1,1996,1,9,824877.801631301
1889,1,3,2,2002,1,3,409902.989097302
4841,3,2,1,1974,1,2,1016305.398312
2838,5,2,1,1990,0,3,616296.040911211
3660,1,1,2,1952,1,8,830625.744790336
2654,1,1,2,1962,0,9,557362.842223
1294,2,1,2,1967,0,10,315088.805435819
3982,3,1,1,1986,0,5,841352.159992973
2584,1,2,1,1992,1,8,581335.426543107
4310,5,2,1,1983,1,7,942631.576325852
4586,5,1,2,2004,1,9,1009179.56913646
4930,1,1,2,2001,1,4,1037848.80022485
1798,3,3,1,1985,1,10,428024.821549925
2251,5,3,1,2003,1,3,566433.033915704
2551,5,1,2,2008,0,9,621837.012976041
3080,3,2,2,2001,0,8,695162.315653969
3734,3,1,2,1968,1,7,819546.909589912
4534,1,2,1,1961,1,1,870034.963794887
4146,4,2,2,1960,1,2,910807.278316362
2673,2,3,2,1997,0,9,586816.739869278
4603,4,1,2,1965,1,5,989443.139714562
2779,4,1,2,2020,0,1,556365.56673693
1498,5,2,1,1996,1,9,413939.712146855
2112,3,1,2,2016,0,1,424185.473829326
3762,5,3,1,1980,0,8,844360.613649785
3738,2,3,1,1957,1,5,835216.437047746
3100,1,1,2,2010,0,6,641266.795467061
3997,2,1,2,1993,0,1,857801.293130711
926,5,3,1,1999,0,2,237525.240544821
1991,5,1,2,1984,0,7,489210.826918275
3439,5,2,1,2010,1,2,736180.356213537
4716,5,1,2,2004,0,5,1038978.26086701
2166,4,2,1,2015,0,9,532099.759564482
1819,1,1,1,1963,0,5,405508.948074093
4879,4,1,1,1953,1,3,1034967.89658466
1484,5,3,2,1966,1,6,359749.984414297
4429,3,2,1,2018,0,7,937033.992119514
3687,4,3,1,1973,1,10,865157.679393703
2262,5,1,2,1998,1,10,555649.046789228
4886,5,3,2,2004,1,8,1042374.07676219
3061,1,1,1,2020,1,3,623081.809014502
4980,2,1,1,1972,1,4,1079328.78502131
3641,4,1,2,1961,1,10,830397.818803197
2567,4,2,1,1960,1,4,559549.996981502
4980,4,2,2,1978,0,2,1007854.21259564
4360,5,2,2,2011,0,7,937373.946634998
2912,1,3,2,2002,0,4,573116.032300252
1426,5,1,1,1997,1,4,363304.137749825
4959,5,3,2,2015,0,8,1142090.63429591
4214,3,3,1,1997,1,6,880876.098107521
2175,1,1,1,2008,1,6,478349.358419845
1981,4,3,2,2020,0,9,510998.164383281
1290,2,1,2,2006,0,4,313727.196457502
4529,4,1,2,1952,0,9,974081.482130022
4334,5,1,2,1981,0,1,921141.283245795
4096,1,1,1,1957,1,9,847302.255439386
2740,1,3,1,1979,0,1,569308.605749861
2682,1,3,2,1964,0,7,588486.017856003
3787,3,3,1,2023,1,6,863027.838581852
3959,4,2,2,2004,1,7,862295.609412131
1481,3,3,1,1987,1,9,378454.121798414
1873,2,3,1,1964,1,10,430869.662981083
3187,5,2,1,1979,1,4,730033.129488513
3194,3,1,2,1995,0,9,720394.486257724
3493,3,1,1,2013,0,3,758341.200335747
2170,5,1,1,1975,1,10,504745.323113941
2956,1,2,1,2016,0,9,641871.58023641
3380,5,3,1,1985,1,1,742067.186793745
2959,4,3,2,1980,0,5,687076.250391321
4048,5,3,1,1989,0,10,900567.181930662
4531,1,3,2,2023,0,5,908212.166543973
4629,5,2,2,2022,0,1,983304.932359807
2427,3,3,1,1995,0,1,544861.814229972
4272,2,1,1,1991,1,3,909500.15157857
827,3,2,2,1967,0,9,219605.099658701
2785,2,2,2,1985,0,7,593368.165253221
4953,5,1,2,1999,0,6,1038912.39004459
2321,4,1,1,2010,0,9,526331.259491617
1096,5,3,1,1989,1,4,289808.025836855
2981,1,1,2,1952,1,4,662452.149654433
4202,5,2,2,1956,1,3,901871.56523171
3096,2,2,2,1980,0,5,667257.111559055
3397,3,2,1,2014,1,5,750757.597583158
1701,4,3,1,2013,1,10,463841.686197123
1898,5,3,2,1952,1,7,507834.207223959
2477,5,1,1,1984,1,7,603799.248582033
3681,3,3,2,1964,0,6,808023.208582253
2178,4,3,1,1970,0,4,476383.846347649
2048,5,2,2,2011,0,7,463878.247806544
4535,5,2,1,1977,0,2,951857.729505876
2064,2,1,1,1953,1,9,498598.024990698
2707,2,2,1,1962,0,7,594233.248206266
1858,1,3,1,2000,0,2,424316.431018389
3549,3,1,1,1997,0,10,799870.068358002
2848,4,1,1,1988,1,2,617451.202492519
3276,5,2,1,2016,1,6,749001.85818893
4816,5,2,2,2007,1,7,1058875.15803291
3997,1,2,2,1951,0,9,838205.307759395
4353,5,1,2,1974,0,4,924228.928636882
2561,3,2,1,1960,0,8,605818.887585276
1020,1,3,1,1950,0,10,260299.293167888
3688,3,1,1,1997,1,2,793928.619713994
2464,1,2,2,1997,0,6,510730.558128285
4786,5,3,2,1959,1,4,1066080.31076034
3777,1,3,2,1979,1,8,794272.31247905
2671,2,2,2,1984,0,9,602572.638221117
2262,4,3,2,1968,1,2,540455.734001379
1144,5,1,2,2002,0,7,294487.123766911
844,4,1,1,1983,0,7,242741.30202958
2868,5,3,2,1981,0,8,667241.738976112
2314,4,1,1,1955,0,5,521815.984379746
3398,2,2,2,1962,1,3,733923.599503631
1801,4,3,2,2013,1,1,434744.545579838
1833,1,1,1,1956,0,4,396847.791816801
2840,4,2,1,1994,1,3,643506.050783593
1073,5,2,1,1994,1,2,268003.395244697
3447,3,1,2,2014,1,6,753594.72622486
2579,4,3,2,1968,0,7,598423.715029922
1278,4,2,1,1996,0,10,338032.218213482
1315,4,2,2,1995,0,7,357843.756484879
1991,5,2,1,1978,1,8,512702.164737486
3468,4,2,2,2010,0,2,727839.761623672
2211,5,3,2,2014,0,10,533034.32229864
4080,5,1,2,1972,0,6,881216.58366382
1071,3,1,1,2000,0,6,267091.28783432
942,1,1,2,2012,0,10,233325.465004033
4132,5,2,1,1971,0,1,904688.041730996
1587,2,3,1,2020,1,2,377833.209078529
2481,4,1,1,1982,0,9,598963.625130214
1422,2,3,1,1993,1,8,364425.078441559
4641,4,1,1,1956,0,4,964435.236991568
4476,3,2,1,1951,1,6,956517.984495795
3372,5,1,1,1966,1,2,765494.726768294
4060,1,2,1,2014,1,5,821645.793387358
866,5,2,1,2007,0,2,205552.989630999
1940,4,1,2,1979,0,5,448267.430178131
3114,1,3,1,1975,1,7,707573.052963029
3332,5,2,2,1984,1,7,795075.885798872
4380,1,3,1,2012,0,9,922572.356324456
1987,4,1,2,2020,0,3,477920.717174647
4139,3,2,2,1977,0,4,881606.697744223
1348,3,3,2,1974,1,9,318314.625443919
4887,5,2,2,2010,1,8,1076198.08658804
872,2,1,2,1980,1,7,219927.296884461
998,4,2,2,2003,1,8,311555.772011944
4001,5,1,1,2016,1,9,896558.118491138
2581,5,3,1,2000,0,4,561252.172336088
1371,3,2,1,2007,1,5,306707.129727286
1590,1,3,1,1983,1,9,384475.501064639
2438,4,1,1,2008,0,7,493094.563213507
2631,1,1,1,1970,0,4,540245.867754303
2655,4,3,2,2005,0,6,609775.758143571
1974,2,3,1,1986,1,1,421374.587398616
4540,3,1,2,2013,0,1,970849.678922633
4077,2,3,2,1968,1,9,922175.163743767
978,5,1,2,2023,0,8,249182.476181201
3044,3,3,2,2002,1,1,664348.895645088
4886,5,1,2,2020,1,2,1078067.32878304
1534,2,1,2,2012,0,4,343767.311643623
1598,4,2,1,2011,1,1,352738.035547525
1587,5,1,2,2021,0,2,374816.973285891
3595,1,1,2,1968,1,5,742676.791942604
3884,4,2,1,1951,1,8,893504.947410647
3718,4,2,1,1955,1,6,841748.302358115
1531,2,3,1,1978,0,6,351356.076368359
1929,2,3,1,1990,1,4,451353.700313251
4246,3,1,1,2000,0,2,857496.960575688
2405,3,3,1,1954,1,3,531155.56353606
4578,1,3,1,1990,1,6,1012431.97969231
3545,4,1,2,2011,0,6,773337.866314492
3970,1,2,1,1979,0,5,852252.145119784
3733,1,2,2,2011,1,6,805400.327210201
2015,2,1,1,1976,1,6,493857.046075738
1124,1,1,1,1999,1,1,207829.06168502
2650,1,1,2,2001,1,6,573294.560399525
2290,5,1,1,1998,1,5,584119.54115541
1693,3,1,1,2011,1,8,436504.335889016
2190,3,1,1,2009,0,9,533134.306469755
4189,4,3,1,2003,1,6,925630.885158588
3063,3,3,1,1954,0,10,674172.339614665
4232,4,3,1,1958,1,4,902720.888507802
3171,5,2,1,1983,1,3,690776.797708462
3886,3,1,2,1985,0,10,862376.514055213
2315,5,1,1,1969,1,1,548830.276260521
3717,3,3,2,2012,1,7,822735.663766741
3152,3,2,2,2016,0,5,698104.766371292
1967,5,3,2,1979,1,4,488961.293976302
910,1,1,2,2018,0,9,248055.442534987
4455,1,1,2,2019,1,7,965817.168872704
4593,1,3,2,1952,1,10,961953.147487879
2555,1,3,2,1998,0,8,566841.149686745
2377,3,1,1,1991,0,4,480678.331245148
2096,2,3,1,1973,1,10,502525.518452265
4574,5,1,1,1993,0,10,1014907.60699254
3020,2,3,2,1950,0,8,630157.016380171
1772,2,2,1,2003,0,4,385988.431613479
1830,4,1,2,2001,1,1,429238.159430495
3393,1,2,2,1985,0,8,728447.872909335
4792,3,3,1,1987,0,1,999434.907419379
1713,1,2,2,1993,0,3,342292.796189883
2981,1,3,2,1996,0,7,640849.819952019
3997,2,2,1,1978,0,3,797093.910826476
2262,4,2,2,2000,1,8,535583.964082946
3178,1,2,1,1990,1,5,674565.659657577
4254,5,1,2,2013,1,3,926443.358164015
4353,5,2,2,1997,1,5,946616.950563108
2107,1,3,1,1971,1,5,438707.979046095
1989,2,3,1,1966,0,8,447641.416985262
1487,2,1,1,1954,0,9,372670.503125933
2007,3,1,2,2010,1,6,500936.52009972
2694,4,3,2,1955,0,10,684783.356967982
2611,2,2,1,2002,0,3,603491.260209942
3983,3,3,1,1966,0,2,817676.551833297
4597,5,1,1,2008,1,3,988189.059968184
2444,5,1,2,1988,0,9,570230.359129056
4768,5,3,2,2003,0,7,1037461.00414416
3516,1,2,1,1997,1,9,766938.333247406
990,4,2,1,1986,1,6,341189.785538689
2135,3,1,1,1997,0,8,458948.71135519
3906,4,3,2,2017,0,10,848361.721594643
1178,1,3,1,1976,1,9,343695.648252227
4629,3,1,1,1976,1,3,969400.466422879
1415,3,3,1,2021,0,7,358839.516258393
3130,2,1,2,2012,0,9,703866.434246705
2554,4,2,2,2001,1,2,593962.475418301
1263,4,2,1,1996,0,7,328394.140827562
1766,2,3,2,1970,1,5,441665.26924235
3958,5,2,1,2006,1,8,868273.286087376
4424,1,2,1,1991,1,4,919390.9217626
1489,4,1,1,1997,0,1,359190.939711629
3422,2,1,1,1976,0,10,687664.018519644
3012,3,3,2,2021,1,8,721814.595583617
1182,2,1,1,1982,1,6,301984.809379945
3056,5,3,1,1984,1,8,719025.793819529
4610,1,3,2,1965,1,3,930237.178058974
4303,5,1,1,1985,0,8,907434.771865007
2212,3,2,2,2015,1,8,511435.408392479
2383,3,2,1,2005,1,1,554785.74625739
1171,3,2,1,1966,1,4,249284.599695035
1410,3,2,1,1969,0,7,362709.120019434
915,2,3,1,1957,1,1,226999.216897291
1246,3,2,2,1967,1,3,307614.413181459
2191,3,3,1,1967,1,3,513539.82354227
4124,2,1,2,1967,1,6,889532.93094616
2140,3,1,2,1951,1,5,475189.285251585
3739,5,3,2,2021,0,7,849422.752211721
4499,5,2,1,2000,0,3,910815.046502589
1873,4,3,2,1959,0,1,421339.527835809
4369,5,2,2,1963,1,3,961642.044079423
3950,1,2,2,1975,1,8,840376.267119638
2405,1,3,1,1996,0,5,475327.242400851
3094,1,3,1,1979,1,3,686750.684469012
4462,2,2,2,2005,0,8,915190.304696824
1783,5,3,2,1991,1,6,452912.149811793
1151,1,2,1,1953,0,3,263025.864926691
2524,4,3,2,1960,0,5,575295.678844134
2751,2,1,2,1973,1,1,622425.273146595
2079,4,2,2,2016,1,6,497468.436000158
2707,5,1,1,1986,0,9,634086.385117424
1824,3,3,2,1951,0,7,429402.399171219
1345,4,1,2,1961,1,8,368323.902104157
4974,3,3,1,1970,0,6,1092637.38242619
3181,2,2,2,2018,1,5,699638.545736805
1688,4,3,1,2020,0,6,430146.258939575
1905,4,3,1,2013,1,7,508383.223372055
3349,2,2,1,2017,1,9,775729.606174357
2790,2,3,2,1992,1,8,622367.76490972
4798,1,2,2,2003,0,5,1020510.80889363
4575,5,3,2,2011,1,7,1022219.27900118
3612,4,2,2,2022,1,8,839330.749943348
1720,4,1,2,1961,1,1,421215.864589074
2861,2,3,2,1950,0,8,638091.701900905
4439,2,3,2,2021,1,7,969649.302008659
3965,5,3,2,1982,1,2,885380.948900973
3444,2,2,1,2013,1,2,747158.326128413
1845,3,3,2,2017,1,6,443029.190985452
4356,3,2,2,1963,1,3,928906.891484812
3481,3,3,1,1963,0,1,788279.373234317
3999,3,1,2,1958,1,8,885738.19777778
1738,5,3,1,2022,1,7,434267.376944215
1241,4,1,2,1975,0,4,298264.564214259
3350,3,2,2,1998,0,1,739406.461336199
1396,2,1,1,1966,0,2,291795.332247785
2305,3,3,1,2017,0,9,495949.307954725
1661,5,3,2,2009,1,4,388988.771484949
3440,2,2,1,1952,0,3,683775.60999488
4531,3,3,2,1974,1,8,957729.628543389
2351,4,3,2,1970,0,4,507678.35150498
4036,2,2,2,1961,0,7,892830.934490204
2536,2,2,2,2003,1,5,566045.519683518
2249,4,1,2,1950,0,5,500718.411521582
1064,2,2,2,1950,0,6,224714.673424536
3459,3,3,1,1994,1,4,760221.840063217
3521,2,2,1,1995,0,2,696766.798435895
2262,3,3,1,1997,0,6,506164.570717841
2245,4,1,2,1956,0,5,560612.359746092
3098,1,2,1,1959,1,3,680195.089467659
3725,4,3,2,1964,1,4,821755.045991137
2432,3,2,1,1989,1,3,567853.090135159
3174,5,2,2,1960,1,3,705761.420546811
1312,4,2,2,2005,1,4,319383.05642802
1015,5,2,2,1995,0,2,311603.240738321
4131,5,1,2,1994,1,4,879643.133651993
2972,3,3,2,1962,0,10,660546.969108066
3953,3,2,1,1976,1,2,859250.832059088
2506,1,3,2,1999,0,10,532794.144856064
2906,2,1,1,2010,1,8,661465.123840785
2367,4,3,2,1962,1,10,565735.136883944
3008,3,3,2,1961,0,5,678197.758189171
3131,4,1,2,1978,0,7,706849.604493763
2953,5,2,1,1969,0,4,656524.696734354
1928,2,3,2,1980,0,10,493366.466814775
4310,1,3,1,1957,1,6,903366.604914164
4453,4,2,2,1973,0,10,1004321.76176372
3165,2,2,1,1988,0,4,704373.331065701
3721,1,3,1,1982,1,6,846472.055191511
1879,4,1,1,1991,0,1,428151.400983576
4311,2,2,2,1964,0,6,890485.3572018
3541,3,2,2,2017,0,6,818119.914633239
3820,4,1,1,2014,1,2,821632.463300591
1028,2,3,2,1981,0,10,250261.435682362
970,1,2,2,1960,1,10,254255.33135238
1094,2,3,2,1986,0,9,256257.732096073
1225,3,3,1,1968,1,6,336153.720628084
1718,4,3,1,2000,1,7,419458.290456037
4053,4,1,2,1983,0,2,854412.895752378
1298,4,3,1,2020,0,2,344794.471541624
3609,3,3,2,2009,0,2,788392.330254405
1625,1,2,2,2002,0,10,375389.614314242
4579,4,2,1,1961,0,9,997071.838218675
2658,1,1,1,2011,0,3,555906.385765789
2918,2,1,2,2015,1,4,624821.123339566
945,1,2,2,1997,1,1,226936.833478805
4377,1,2,2,1989,0,1,910671.040637324
992,4,1,1,1973,1,4,267245.946775529
4688,5,3,1,1999,0,2,1019094.19075576
851,5,1,2,2017,0,8,228283.280539424
3210,3,3,2,1992,1,4,698902.658721357
2620,3,2,1,1966,0,3,554641.987418151
3764,5,2,2,2004,1,3,822671.71570519
3321,2,2,1,1983,0,6,744379.526167652
2669,4,3,1,2019,1,6,639950.969827759
3368,4,1,2,2009,0,6,709676.922032891
2667,2,3,2,2000,1,6,612337.457410211
3538,2,1,1,2022,1,8,761835.442183786
4069,5,1,2,1984,0,8,875740.385363211
3999,3,1,1,1983,0,9,824656.513356937
3379,2,2,1,1965,1,1,748097.967345506
4805,3,1,1,1967,0,10,991903.421258322
1040,1,2,2,1987,0,8,250700.920549753
4240,4,1,2,1992,0,5,884342.218856878
2207,5,1,2,1981,0,3,524796.098676748
4302,4,2,1,1956,0,10,932041.204342151
4838,5,2,1,1995,0,3,1033238.43361199
882,1,3,1,2010,1,6,231881.643426749
4568,4,1,1,1967,1,8,1005164.2583734
1750,1,2,2,2020,0,10,400325.119099583
1410,5,3,2,1989,1,2,366918.170275972
4405,2,3,2,1999,0,9,930039.950618631
4083,4,2,1,1954,1,5,857231.765666448
2973,1,1,1,2003,0,5,596636.226011454
4284,4,3,2,2007,0,1,932761.993467016
2322,4,1,1,1971,0,6,519754.513416843
3401,4,1,2,2023,1,5,738599.755556938
3457,3,3,1,1987,0,7,722256.796389549
2959,1,2,1,1998,0,7,589808.821497741
3249,1,1,1,1950,1,4,674219.827996795
4630,4,2,1,1985,1,5,1028201.32135113
921,2,3,1,1977,0,10,235273.245159442
2117,4,1,2,1984,1,8,517412.138131036
3318,3,2,2,2009,1,2,709523.504265051
2030,5,2,2,2011,0,1,484971.667400721
1933,3,1,1,1995,0,6,430806.229954783
2101,2,2,2,2010,0,4,431402.893861238
4834,4,2,2,2014,0,10,1040076.17330251
2710,1,3,1,1975,1,3,636850.01045701
2305,4,3,1,1984,0,7,581747.107888771
3985,2,2,2,2006,0,8,863163.332569484
2716,1,2,2,2012,0,4,571773.529614657
4348,3,1,2,1953,1,10,957197.545052377
3557,5,3,2,1991,0,6,802321.308468332
2756,5,1,2,1994,0,2,611202.831190822
978,4,2,1,1988,0,8,280623.600498065
1696,3,1,2,2014,1,6,412405.671553839
2351,2,2,2,1971,0,9,519300.690365892
1291,5,3,2,1960,0,6,311318.580015409
860,3,3,2,1986,0,6,223498.518944496
1877,4,2,2,2000,0,2,451387.97122684
3695,1,3,2,2007,1,5,793213.444387616
4960,4,2,1,1956,1,9,1091507.17228969
4483,4,1,1,1957,0,1,937524.61180739
1385,3,2,1,2000,1,4,317510.062374734
4760,5,1,2,1972,1,10,1046034.2571282
4570,3,2,2,1958,0,10,958438.602481266
1334,1,3,1,1995,0,3,273642.770659911
4262,3,2,2,1987,1,1,940540.915221735
4811,2,2,2,1962,0,1,984697.849876645
4198,4,2,2,1956,0,1,874062.881863499
2955,5,3,1,1960,0,1,699448.992109523
1804,1,2,1,2023,0,2,407174.625885106
3299,4,3,1,1999,1,5,735512.269362454
1126,3,2,2,2016,0,2,281890.908138809
3506,2,1,1,1990,1,4,747305.292043482
801,3,2,1,1978,0,9,209883.00801801
1833,4,1,1,1986,0,3,432467.280612125
3281,1,3,2,2005,1,2,694092.452866995
924,5,3,1,1965,1,4,278687.450224985
