Hours Studied,Previous Scores,Extracurricular Activities,Sleep Hours,Sample Question Papers Practiced,Performance Index
7,99,1,9,1,91
4,82,0,4,2,64
8,51,1,7,2,45
5,52,1,5,2,37
7,75,0,8,5,67
3,78,0,9,6,59
7,73,1,5,6,65
8,45,1,4,6,36
5,77,0,8,2,62
4,89,0,4,0,70
8,91,0,4,5,84
8,79,0,6,2,69
3,47,0,9,2,27
6,47,0,4,2,33
5,79,0,7,8,65
2,72,0,4,3,46
8,73,1,8,4,65
6,83,1,7,2,72
2,54,1,4,9,31
5,75,0,7,0,60
1,99,1,4,3,71
6,96,0,9,0,86
9,74,1,7,6,75
1,85,0,5,6,59
3,61,0,6,3,40
7,62,1,7,4,56
4,79,0,8,9,63
9,84,1,6,6,81
3,94,1,6,5,74
5,90,1,4,3,74
3,61,1,7,3,41
7,44,1,9,1,35
5,70,1,6,9,56
9,52,1,8,1,49
7,67,1,9,3,59
2,97,1,9,4,74
4,59,0,8,3,40
9,72,0,8,2,67
2,55,1,4,1,30
9,68,0,5,3,62
5,62,0,7,4,45
2,63,1,6,0,39
4,73,1,7,0,55
7,46,0,9,5,38
8,77,1,6,4,71
3,76,1,4,3,55
1,43,1,7,0,16
4,73,0,4,6,54
2,81,1,4,3,54
8,61,0,7,2,54
4,44,1,7,6,30
2,89,1,6,1,66
6,81,0,9,9,71
6,62,1,9,0,50
4,93,0,8,3,76
6,99,0,4,7,84
2,54,1,9,5,32
2,70,1,5,8,47
4,98,0,6,0,77
8,48,0,6,0,40
7,82,1,8,4,74
9,97,1,8,5,96
8,92,1,4,7,89
5,64,1,6,2,50
2,64,1,6,5,41
5,88,0,5,2,72
8,60,0,4,7,53
9,48,0,4,3,44
9,94,0,9,1,91
1,87,1,8,8,63
9,77,0,9,9,75
7,61,1,4,7,52
9,82,1,5,5,79
8,62,1,4,2,55
1,88,1,9,1,63
8,43,1,7,3,37
8,68,0,7,3,63
3,54,1,5,0,31
1,40,1,8,8,15
8,93,1,6,9,88
3,69,0,4,7,49
3,68,1,9,6,49
1,59,1,8,5,36
5,72,1,9,2,58
7,80,0,8,3,71
9,83,1,4,1,76
7,75,0,6,6,66
9,99,0,4,1,97
8,61,1,6,9,58
2,52,0,9,0,30
1,46,0,5,5,19
7,47,1,6,3,36
7,67,1,8,7,60
8,84,1,5,0,78
5,82,1,9,8,72
3,48,0,7,5,27
8,64,0,5,1,54
6,95,1,6,7,84
3,55,1,5,4,32
1,49,1,9,4,23
3,50,0,5,4,31
5,70,1,9,6,57
3,51,0,7,6,34
1,99,0,6,9,75
5,70,0,8,6,56
7,53,0,5,9,47
7,90,1,4,1,79
9,83,1,8,7,82
3,71,1,5,0,48
7,89,0,8,1,80
1,92,0,4,6,65
4,56,1,8,3,36
4,74,0,8,9,57
5,40,0,4,9,24
7,68,0,4,8,58
7,90,1,4,8,82
4,43,1,7,2,26
7,62,1,9,2,53
3,67,0,9,8,48
6,55,1,4,9,43
2,51,1,9,7,29
9,92,1,8,0,90
5,60,0,4,5,44
6,84,0,5,6,72
4,56,0,4,7,36
7,79,0,4,1,67
9,52,0,9,0,49
7,91,1,6,3,82
1,97,1,8,0,72
1,71,0,9,1,45
9,76,0,8,2,72
9,89,1,5,3,85
4,54,0,7,5,35
9,51,0,6,7,47
3,88,0,5,8,71
7,96,0,5,3,86
6,54,0,8,0,42
8,73,1,6,4,68
9,45,1,8,4,42
5,56,0,7,8,45
1,87,0,8,5,65
3,88,1,4,4,64
8,96,0,8,9,92
6,59,1,4,9,47
8,48,0,5,4,40
9,98,1,7,7,96
4,44,1,9,0,24
1,62,0,4,4,32
1,72,0,7,0,45
4,77,1,8,6,61
7,95,0,9,6,88
2,53,1,8,9,29
3,56,0,5,7,35
1,96,0,8,6,71
5,58,0,4,8,44
1,72,1,5,7,47
8,40,1,7,7,32
1,52,0,5,2,23
1,85,1,7,9,61
2,66,0,6,3,42
2,45,1,4,3,20
6,98,0,4,0,87
7,45,1,7,5,36
5,72,1,8,1,61
1,69,1,9,8,43
1,85,1,8,0,59
3,74,1,6,0,53
2,62,1,7,9,40
5,49,0,6,5,32
6,90,0,7,0,78
7,58,1,6,2,49
4,90,0,7,9,74
7,67,1,4,1,57
8,62,0,6,8,57
1,43,0,6,4,18
6,59,0,7,5,47
8,58,0,5,1,48
5,81,1,5,7,66
4,66,0,4,5,46
2,96,0,8,7,77
6,73,0,8,7,60
6,43,1,4,0,29
1,95,0,8,6,70
9,77,1,9,1,74
6,46,1,9,7,35
3,87,0,9,1,67
4,46,1,9,3,29
4,89,0,7,1,71
3,91,0,5,6,67
3,65,0,4,4,43
3,65,0,7,8,42
4,93,0,9,4,77
7,58,0,4,7,47
4,48,0,5,1,26
9,59,1,8,2,56
1,81,1,7,5,56
8,84,0,5,6,78
7,89,0,4,9,77
2,55,1,6,7,30
8,93,0,7,2,87
1,56,1,4,6,29
9,61,1,4,7,57
9,52,0,5,9,51
2,51,0,4,5,26
7,49,1,7,3,38
3,40,1,9,5,21
7,71,0,7,8,66
9,69,0,4,2,62
4,47,1,5,1,30
1,60,1,7,4,34
2,61,1,6,6,39
1,57,0,9,2,34
5,41,0,8,4,29
5,87,0,5,3,70
7,83,1,5,6,75
9,48,1,8,1,46
9,42,0,8,6,37
3,93,1,7,1,73
3,65,1,4,2,43
3,60,1,4,4,39
4,69,1,6,6,54
8,67,1,9,5,63
6,75,0,4,6,62
8,65,0,6,5,61
1,73,0,6,0,46
8,47,0,5,4,39
4,49,0,5,0,26
1,87,1,9,6,62
8,94,1,7,3,92
4,82,1,8,4,68
6,89,0,8,0,77
8,93,1,9,7,89
4,53,1,6,3,35
3,79,1,9,2,63
9,94,0,8,0,91
3,54,1,6,3,33
9,56,1,8,2,52
2,92,0,7,7,67
2,57,0,5,8,31
2,71,1,5,4,47
6,77,0,6,8,65
3,62,1,9,0,39
9,85,0,8,6,82
4,62,1,4,6,41
1,74,1,7,5,51
4,78,0,8,3,60
1,54,0,4,8,27
5,92,0,7,2,77
4,63,0,7,0,43
8,67,1,5,1,60
8,55,0,6,2,45
7,55,1,8,1,46
3,79,1,7,5,58
1,78,1,8,6,52
1,45,0,7,4,20
3,41,1,9,4,21
6,93,1,5,6,81
7,52,0,6,5,40
6,83,1,4,7,71
6,86,1,4,8,77
6,98,1,9,1,88
3,48,0,5,1,27
6,73,1,7,0,61
8,56,1,5,6,53
2,66,1,6,3,46
5,68,0,4,8,53
1,76,0,8,5,51
1,82,0,4,6,57
5,61,1,6,6,45
3,90,1,7,7,68
4,63,1,5,3,45
3,46,1,4,2,24
1,73,1,4,2,46
1,87,0,8,9,66
5,51,1,5,7,36
6,62,1,8,2,53
3,54,0,8,7,34
9,72,0,7,1,68
5,96,1,4,4,79
8,52,0,9,4,46
1,62,0,5,6,35
5,77,0,7,4,62
3,71,1,9,8,55
1,84,0,7,2,58
4,89,1,7,8,73
5,74,0,6,0,58
7,40,1,6,2,30
1,86,1,7,3,60
3,97,1,6,5,79
2,84,0,5,9,64
9,44,0,4,7,39
6,96,0,9,6,86
3,52,1,5,7,33
8,93,0,4,5,83
8,44,0,6,5,38
2,99,1,9,5,78
6,71,0,5,2,61
7,90,1,8,9,83
2,60,0,7,3,36
2,63,1,4,5,40
1,99,1,4,6,73
8,57,0,8,2,51
1,60,1,8,3,34
9,93,0,7,5,90
6,49,0,6,0,35
7,63,0,5,6,53
7,79,0,5,0,68
3,86,1,5,9,66
2,60,1,6,8,37
9,64,1,7,9,62
8,91,0,5,8,85
7,99,0,4,8,90
9,96,1,4,3,89
4,98,1,4,1,79
4,62,0,8,6,45
1,61,0,8,3,37
8,43,0,6,4,33
3,73,1,5,0,49
7,95,0,8,9,88
2,45,1,4,5,19
2,67,0,8,6,45
7,70,1,4,2,60
6,74,0,5,9,62
3,78,1,6,1,55
9,81,1,7,9,79
6,62,1,7,6,51
6,45,0,4,0,30
1,55,1,8,1,29
4,41,1,8,2,25
6,63,0,4,3,49
6,56,1,5,4,45
5,84,1,4,3,66
1,40,0,5,9,16
8,45,1,6,2,39
5,44,0,6,0,27
5,96,1,4,6,81
7,84,0,6,9,76
4,99,1,8,5,83
6,94,1,5,1,82
4,89,1,7,1,73
3,68,0,7,2,47
7,51,1,6,7,45
8,78,1,5,7,73
4,86,0,8,9,70
2,42,0,7,9,16
3,87,0,8,9,68
1,40,1,8,9,15
8,66,1,7,7,61
3,87,1,7,6,68
7,63,0,6,1,51
5,83,0,5,0,67
5,58,1,4,5,42
7,98,1,5,7,90
9,47,0,4,0,44
5,94,0,7,2,78
1,83,0,8,0,57
1,86,1,5,9,59
2,41,0,8,8,18
6,69,0,5,6,57
9,69,0,9,7,67
8,88,0,5,8,80
5,78,1,8,2,64
1,84,0,9,9,60
7,71,1,6,1,59
5,40,1,7,5,29
6,77,0,6,4,65
7,52,0,6,3,41
3,50,1,5,5,27
3,49,0,7,5,28
5,87,1,9,2,77
6,98,0,5,1,85
9,65,1,4,8,62
5,95,1,5,7,78
1,94,1,9,3,73
4,59,0,8,5,42
5,56,1,5,2,42
5,56,1,4,7,44
7,43,0,5,2,32
4,44,0,9,1,26
1,99,1,4,6,73
5,62,1,7,2,47
7,85,0,9,8,78
6,91,1,5,2,82
5,49,0,4,7,33
4,85,0,9,1,65
2,67,0,7,8,46
4,72,1,8,0,55
3,82,0,6,2,61
1,65,1,4,1,37
8,94,1,8,6,90
5,89,0,7,4,75
4,87,0,8,7,74
8,68,0,5,1,62
7,66,0,6,7,55
2,57,1,4,6,33
1,79,1,9,4,54
4,99,0,7,1,79
8,49,1,6,9,47
2,97,0,7,6,73
3,81,1,8,9,63
1,44,1,7,3,18
1,49,1,7,3,23
3,89,0,8,7,70
5,60,1,8,5,46
3,63,1,6,8,43
1,77,1,4,1,50
1,42,1,8,4,16
8,79,0,6,5,70
2,70,1,7,7,45
3,80,0,7,3,60
2,76,0,9,6,52
3,41,1,5,6,20
7,41,1,8,3,32
1,78,0,6,0,51
8,88,0,9,2,86
2,81,0,6,1,57
3,83,1,4,2,64
9,73,1,9,4,71
7,81,0,6,0,68
4,59,0,8,4,42
5,72,0,6,1,54
2,43,1,5,3,19
8,84,1,7,5,79
4,83,0,7,8,66
9,50,1,9,9,51
5,81,0,6,5,63
9,86,1,6,9,84
4,44,0,6,1,23
5,64,1,6,7,50
9,88,1,5,4,85
8,99,1,8,8,93
3,76,1,5,9,56
1,73,1,5,8,47
3,48,1,5,3,28
4,45,1,7,0,27
2,57,0,5,8,35
1,53,0,6,8,28
7,58,0,5,7,48
8,53,1,6,4,47
7,79,1,9,4,75
5,56,1,8,9,40
1,99,0,7,5,76
7,74,0,8,0,65
7,68,0,9,8,61
9,81,0,8,4,81
3,56,0,7,6,37
9,98,0,6,7,97
1,82,1,9,4,58
1,47,0,9,2,21
4,40,1,6,5,20
9,84,0,6,6,81
6,92,0,7,3,80
3,75,1,5,8,55
1,46,1,4,3,20
4,85,1,5,9,68
9,44,0,5,1,39
3,63,0,8,8,41
9,67,1,4,3,63
7,82,0,6,3,74
4,56,1,5,9,40
3,76,0,7,0,55
5,59,0,5,1,42
5,42,0,6,2,24
3,76,1,5,6,59
9,65,0,9,8,63
4,54,1,8,4,37
5,90,1,8,3,77
4,87,1,5,1,69
5,47,1,8,6,31
7,52,1,7,5,46
9,87,1,4,6,84
7,42,1,5,7,32
5,40,1,7,8,26
7,48,1,9,9,41
5,70,0,7,4,55
3,80,1,7,4,60
7,93,0,9,3,85
2,65,1,6,2,41
9,56,0,5,6,55
1,95,0,5,4,68
6,73,0,5,6,61
7,48,0,4,1,38
8,95,0,7,8,93
9,90,0,5,8,84
2,52,1,8,8,28
2,44,1,6,4,20
5,80,1,9,9,68
5,52,1,9,8,39
6,40,1,4,0,24
3,64,1,9,1,44
8,86,0,6,9,81
1,43,1,7,4,17
6,75,0,9,4,61
4,91,0,9,5,78
1,49,0,8,7,24
7,67,0,7,0,56
9,96,0,5,9,95
4,45,0,6,8,27
4,66,1,9,3,49
6,95,0,8,7,85
3,51,0,6,4,30
6,91,1,4,0,78
7,87,1,8,8,80
3,42,1,4,7,21
7,85,1,9,4,78
3,72,1,8,3,53
2,49,1,5,7,26
4,70,1,6,8,53
8,54,0,6,6,47
9,46,1,7,3,43
7,75,0,8,6,64
1,53,1,8,5,28
3,95,1,4,2,73
9,87,0,8,9,85
1,53,1,6,2,23
9,42,1,8,0,38
8,88,1,7,4,83
1,92,1,7,7,65
6,85,1,6,5,76
5,89,1,6,7,75
6,42,1,6,6,31
5,61,0,8,1,43
6,58,1,8,7,47
5,74,0,5,3,58
5,51,0,9,4,37
4,93,0,9,7,79
3,44,0,4,4,25
3,49,0,8,4,29
4,80,0,5,5,65
9,72,0,5,6,68
2,52,1,7,8,30
9,74,1,8,6,73
1,90,1,5,5,64
1,71,0,7,9,45
5,50,1,4,3,34
6,87,0,7,9,78
6,77,0,4,1,62
3,63,1,9,8,45
7,74,0,9,9,70
9,58,0,6,4,54
8,45,1,6,4,38
6,79,0,7,2,67
8,93,1,6,2,87
5,84,0,8,0,66
8,83,0,7,4,77
4,81,1,5,2,63
8,74,1,8,1,65
2,43,1,7,8,21
5,72,0,9,9,60
9,52,0,4,5,47
4,95,1,6,2,78
6,75,1,6,6,62
1,93,1,6,8,65
9,82,0,7,8,82
1,58,0,8,0,33
5,82,1,4,1,66
4,51,1,6,7,34
3,50,1,8,0,30
6,45,0,5,2,31
2,51,1,9,6,29
3,66,1,5,7,46
5,80,1,4,4,67
9,64,0,6,1,59
2,81,0,5,2,57
8,42,1,9,8,38
2,42,0,8,9,21
5,59,1,8,6,46
7,67,1,5,0,60
8,62,1,6,2,56
1,87,1,9,8,67
6,42,0,4,6,32
1,81,1,6,1,55
2,63,1,7,5,42
1,82,0,5,8,56
5,79,1,7,3,68
9,45,0,5,9,39
6,59,1,4,1,49
1,50,1,6,2,23
1,71,1,9,6,44
2,99,1,6,3,76
9,66,0,5,6,62
3,60,1,8,4,37
1,83,0,7,7,58
5,87,0,9,7,72
7,89,0,9,4,81
6,52,1,6,6,38
1,61,0,6,5,34
5,74,0,5,7,59
5,86,0,8,8,71
6,61,1,7,4,50
3,67,1,8,6,48
5,60,0,9,0,43
7,85,0,8,7,78
5,57,1,5,2,41
5,70,0,8,0,58
5,99,0,7,5,88
3,85,0,9,7,67
1,76,1,4,2,52
5,60,0,9,0,42
9,53,0,4,2,45
1,64,1,7,4,35
3,66,0,9,7,48
4,79,1,9,8,64
1,99,1,9,8,74
1,99,1,9,3,75
8,62,0,5,7,53
2,70,0,6,4,45
8,86,0,9,2,81
7,99,0,5,4,90
2,68,0,7,1,43
6,86,0,9,5,76
6,69,0,8,0,55
3,90,0,9,5,72
2,65,1,9,4,43
1,59,0,4,8,32
6,77,0,8,6,68
5,58,1,9,5,45
9,66,0,9,6,63
1,64,1,9,9,37
7,79,0,5,4,68
5,77,0,7,0,65
5,91,1,4,8,77
2,62,1,9,4,40
3,68,0,7,3,49
7,54,1,4,5,46
6,98,0,4,4,83
2,42,0,4,0,16
6,49,0,9,1,37
2,54,0,5,3,30
2,95,0,9,7,74
2,55,0,9,4,32
3,56,1,7,6,38
2,58,1,6,1,37
4,50,1,6,7,33
9,87,0,6,4,83
6,44,1,7,3,30
1,44,0,8,8,22
8,97,1,7,5,92
7,53,0,4,3,42
3,89,0,9,7,72
1,65,0,8,2,39
5,47,0,4,9,32
4,44,0,9,1,28
8,46,1,9,6,41
1,55,0,4,3,27
1,94,1,7,3,70
4,53,0,6,9,36
8,76,0,8,8,71
5,95,0,9,1,78
2,80,1,5,0,56
6,43,0,9,6,32
5,75,1,6,7,62
2,87,0,9,2,67
3,95,1,5,1,74
9,56,1,7,3,53
7,86,1,9,1,77
7,75,0,8,1,66
6,45,0,7,4,36
8,55,1,5,9,51
4,68,0,4,4,51
8,75,0,9,7,70
4,77,0,7,8,60
8,76,1,9,1,69
9,87,1,8,0,83
3,96,0,9,2,77
3,87,1,7,5,65
2,49,0,6,4,25
3,80,0,7,7,63
3,75,1,5,7,58
5,68,1,7,1,53
5,53,0,8,8,39
2,43,0,7,3,19
6,83,0,7,0,68
5,95,1,8,1,81
6,81,1,7,5,70
1,75,0,8,4,50
5,89,0,5,6,74
9,84,1,8,8,86
2,52,0,5,5,26
1,85,1,5,5,61
9,57,1,8,1,54
9,72,0,7,6,69
9,60,0,9,1,55
6,55,1,6,6,43
8,54,0,9,7,49
1,93,1,8,0,68
4,96,1,7,8,82
1,44,1,5,7,18
8,45,0,4,8,38
1,77,0,6,4,51
3,42,0,9,3,25
4,87,1,7,0,70
8,51,1,6,8,45
6,75,1,4,3,65
7,72,1,4,3,62
8,75,0,4,3,67
2,72,0,9,1,47
8,70,0,8,3,64
3,60,1,6,1,36
7,66,1,8,7,59
3,66,0,4,6,42
7,47,1,7,9,39
2,95,0,4,1,70
6,76,1,8,1,64
3,71,1,4,1,47
3,65,1,4,0,42
9,41,1,8,5,38
7,51,1,8,5,41
5,61,0,7,0,45
7,56,0,8,0,47
9,46,0,7,5,42
1,82,1,5,5,53
7,43,0,5,3,32
6,76,0,8,2,64
9,77,1,4,8,71
1,71,1,6,5,47
4,50,0,4,0,30
9,40,0,8,2,37
4,64,0,7,0,47
3,81,0,4,2,59
9,91,0,5,1,85
2,63,1,9,4,41
4,92,0,8,2,74
6,82,0,4,6,69
2,95,0,9,7,74
8,56,0,4,6,49
8,47,0,7,1,40
1,98,0,7,9,75
3,84,1,7,9,63
9,66,1,9,6,65
5,91,1,6,9,78
6,57,0,9,2,43
4,66,0,8,6,49
2,61,1,8,0,37
8,55,0,5,1,48
6,41,0,5,9,26
5,44,0,8,0,28
9,57,1,4,8,52
1,42,1,8,1,18
5,66,1,6,1,49
6,93,0,5,5,84
5,56,1,5,6,41
6,55,1,9,1,44
6,45,1,5,3,32
7,90,0,8,2,78
4,46,1,5,4,28
8,89,1,5,8,84
7,53,0,9,1,44
9,77,1,8,4,78
7,79,0,4,7,69
3,54,0,5,5,30
3,86,1,5,3,67
8,86,1,5,9,81
5,87,1,6,7,74
4,72,0,8,2,55
8,82,1,5,3,78
6,66,1,6,8,54
2,68,1,4,4,45
4,96,0,4,5,78
4,76,0,9,1,57
6,44,0,9,8,30
6,68,1,9,7,55
1,71,1,6,6,45
8,99,0,4,8,91
6,92,1,9,4,82
3,45,1,7,4,23
9,41,0,9,8,39
2,45,0,4,4,19
8,85,0,7,8,79
3,82,1,6,0,60
5,43,1,7,9,29
6,95,1,4,9,86
6,68,0,5,7,53
4,98,0,7,2,80
3,64,1,4,7,43
4,48,0,9,4,33
1,95,0,5,1,69
4,42,1,6,8,25
1,65,0,6,3,39
1,87,1,8,6,61
6,82,0,6,7,70
5,66,1,8,6,51
4,75,0,6,5,54
3,71,1,6,6,51
1,40,0,6,3,13
6,96,0,8,9,83
2,92,0,9,0,69
8,93,0,8,4,88
5,55,0,7,7,43
7,90,1,4,9,81
2,87,1,4,5,64
8,50,1,9,4,48
2,65,0,4,1,40
4,79,1,6,9,63
1,94,0,9,4,70
5,40,0,4,9,24
9,65,1,8,2,62
1,67,1,7,1,41
9,92,0,5,2,88
8,97,0,7,3,91
6,48,1,4,1,37
7,99,1,9,3,92
3,98,0,4,3,76
1,83,0,8,5,58
5,61,1,7,4,47
2,47,0,8,6,24
5,97,0,8,6,84
8,88,1,5,2,81
9,81,1,8,8,80
2,66,0,8,6,44
3,78,0,5,6,55
3,58,1,6,1,37
1,64,0,6,9,38
8,77,1,9,2,72
6,60,0,5,2,44
8,63,1,9,5,58
9,63,0,9,3,60
5,99,0,8,3,83
3,99,0,9,0,79
5,58,1,4,5,42
5,89,1,7,7,75
5,86,1,4,7,70
3,41,0,4,7,19
4,53,0,8,4,34
9,92,1,7,9,91
9,71,1,9,5,72
2,81,0,7,4,58
8,71,0,9,3,66
8,67,0,6,3,60
7,87,0,5,3,80
8,78,1,8,3,76
3,79,1,9,5,60
6,81,0,9,5,70
1,86,0,7,4,63
7,79,0,8,8,72
1,52,1,9,7,28
9,51,1,6,9,45
1,47,0,4,5,19
1,54,0,9,8,30
7,65,0,7,4,59
2,51,0,6,9,29
5,82,0,8,3,70
8,90,0,9,5,85
8,85,1,6,3,78
3,66,1,6,7,46
7,57,1,6,6,48
3,84,0,6,4,61
6,75,0,6,9,64
6,88,0,6,5,77
3,90,1,5,6,68
7,66,0,8,1,57
3,48,1,4,8,30
8,94,0,8,6,91
4,78,0,7,7,61
1,40,0,7,4,13
4,46,1,8,2,28
7,65,1,6,1,55
4,46,1,5,1,28
6,91,0,4,2,79
9,46,1,9,0,44
1,47,0,9,0,21
5,55,0,6,6,42
7,42,1,8,9,38
1,84,1,9,7,60
4,49,0,8,5,34
6,89,0,5,6,77
2,46,0,5,0,23
5,60,0,8,0,44
1,92,1,6,8,69
6,76,1,6,4,64
6,70,1,6,6,59
4,62,0,9,5,42
8,96,0,4,3,89
4,66,0,4,0,46
8,95,1,6,3,89
8,61,0,8,9,56
5,78,0,5,9,63
4,96,1,7,7,82
2,66,1,5,0,44
3,93,0,5,1,69
3,88,1,7,7,66
4,43,0,6,1,24
4,63,1,5,9,46
5,62,0,7,8,48
4,87,1,9,2,73
8,58,1,8,2,52
6,81,1,8,5,71
6,42,1,8,2,32
8,66,0,6,8,60
7,42,0,5,7,33
8,67,1,5,3,60
2,56,0,4,5,31
9,70,1,8,7,66
1,49,1,6,3,22
8,88,0,7,4,82
4,61,0,6,6,42
4,69,0,5,7,50
5,88,0,8,6,75
8,60,0,4,7,53
5,75,0,9,3,61
8,92,0,6,0,88
1,62,1,4,5,32
9,77,0,5,4,71
6,51,1,7,3,40
3,64,0,6,1,43
8,93,0,9,0,88
9,96,1,5,8,94
6,59,1,8,1,46
7,88,1,6,8,80
1,88,1,4,5,62
5,81,0,6,5,69
5,46,0,5,1,29
4,68,1,5,5,47
6,87,1,4,2,73
7,68,0,9,6,62
9,52,0,5,9,48
1,42,1,6,3,13
6,41,0,9,8,28
7,55,0,4,4,45
3,69,1,5,9,49
8,77,1,5,2,68
5,45,1,6,0,26
9,84,1,5,0,80
5,46,0,6,3,30
9,44,1,8,9,42
4,95,0,9,9,80
9,46,0,6,3,42
5,73,0,7,8,59
9,71,0,5,7,70
3,88,1,8,3,68
4,52,0,9,5,34
9,69,1,4,6,65
6,64,0,7,9,53
2,60,1,4,7,33
7,99,0,7,3,90
2,98,0,8,0,72
2,60,1,9,4,35
1,67,1,8,0,41
3,87,1,8,3,71
6,97,1,7,6,87
8,59,0,6,6,53
9,73,0,9,0,69
7,44,0,4,8,34
4,57,0,6,1,40
6,99,0,6,4,87
5,78,1,5,5,63
8,82,1,4,0,76
1,96,0,7,1,71
1,96,1,5,6,70
6,50,0,5,5,40
2,93,0,8,5,74
5,56,1,7,5,42
1,87,0,6,6,64
7,84,1,9,9,79
1,61,0,6,8,35
4,76,1,6,8,59
9,59,0,8,1,53
1,87,0,6,1,60
4,99,1,4,4,81
6,93,0,6,9,79
6,93,0,6,6,78
8,87,1,4,2,80
1,87,1,8,2,62
7,85,1,5,3,76
1,45,0,7,2,15
7,73,1,8,2,64
3,53,1,6,7,33
8,87,1,5,6,81
3,62,0,7,6,42
1,59,1,7,9,34
8,52,0,7,1,44
3,86,0,4,8,65
2,83,1,4,5,59
1,80,0,5,2,53
3,71,0,6,8,51
2,65,0,5,8,42
2,89,0,6,5,68
6,92,0,8,9,82
1,53,1,7,5,27
2,91,1,7,7,69
6,96,1,4,7,84
3,75,0,8,5,53
4,47,1,9,6,31
1,79,0,8,3,53
8,61,0,6,0,53
7,61,0,8,3,52
7,55,0,4,7,42
3,66,1,6,7,46
3,95,0,5,1,70
2,99,1,6,6,74
1,99,1,5,0,74
7,49,0,9,1,37
7,64,1,6,7,56
2,70,1,7,9,49
7,60,1,9,3,54
8,66,0,5,2,58
1,56,0,4,1,29
9,72,0,9,5,70
7,70,1,9,3,62
3,89,1,9,2,69
8,81,0,5,2,74
7,65,0,5,9,57
8,60,1,6,2,53
6,75,0,7,7,63
9,40,0,9,8,35
5,43,1,6,8,31
3,43,1,6,4,22
3,65,0,7,0,41
1,43,0,6,9,16
8,88,0,7,4,81
2,48,0,4,0,22
3,69,1,7,8,49
8,90,0,8,9,89
8,84,0,7,7,80
4,43,1,7,6,23
4,44,1,8,1,29
5,84,1,7,1,70
6,62,1,5,3,47
5,55,1,6,8,42
7,61,1,6,8,53
2,76,1,4,7,51
7,47,0,4,4,36
7,87,0,8,6,79
1,72,1,5,8,46
7,94,0,4,2,82
5,99,0,6,3,84
3,77,1,4,1,55
3,82,1,4,8,62
4,55,1,7,6,38
2,44,1,4,5,19
2,55,1,8,4,34
1,46,0,6,6,22
5,90,0,8,2,76
4,40,1,8,4,23
2,48,1,9,1,26
3,57,0,5,4,32
7,84,0,9,6,77
7,97,0,9,9,90
4,86,1,7,6,70
5,42,1,8,8,28
5,63,0,5,2,47
6,67,1,6,7,56
9,49,0,6,4,48
2,48,1,5,6,24
5,52,1,8,0,37
3,87,0,8,0,65
4,74,0,7,3,56
6,93,1,7,4,83
8,62,0,9,9,58
1,86,1,6,2,60
8,56,0,7,5,50
7,85,0,5,2,73
1,46,1,6,4,20
2,91,1,8,0,68
3,55,1,6,2,35
1,92,0,4,6,65
9,79,0,6,2,75
8,75,1,7,4,70
2,59,0,5,6,33
9,63,1,8,1,63
7,86,1,8,2,79
9,44,1,7,3,41
6,84,1,7,4,72
6,45,1,7,8,32
4,67,0,4,8,46
2,98,0,5,3,72
7,44,1,4,8,31
5,88,0,7,3,73
6,78,1,5,1,66
2,77,0,7,9,55
5,41,0,5,0,25
4,82,1,8,6,68
9,78,0,4,3,70
6,93,1,9,7,83
2,60,0,7,7,37
1,79,1,7,7,54
5,76,1,6,5,61
9,98,1,9,8,101
6,57,1,8,3,46
7,93,1,7,4,83
5,87,1,4,3,72
6,85,0,8,4,72
5,51,1,7,1,33
9,56,0,4,4,51
6,76,1,6,9,65
8,85,0,6,7,76
2,77,1,4,8,53
9,54,1,8,6,52
5,46,0,4,6,30
7,53,1,9,5,45
1,89,1,4,1,60
5,40,1,6,9,29
2,77,1,6,9,58
6,42,0,6,8,30
1,76,1,9,4,52
3,83,0,7,5,63
5,70,1,9,0,56
4,82,1,7,4,68
3,52,1,9,5,33
5,87,1,5,9,70
8,57,0,7,1,50
4,56,1,8,6,40
1,56,1,8,3,30
7,50,1,6,4,41
8,59,0,9,2,53
3,49,0,4,4,24
6,68,0,6,3,55
2,87,0,4,9,62
7,73,1,9,5,67
8,56,1,6,1,49
6,93,0,6,2,79
6,91,1,8,9,82
5,81,1,4,0,62
8,52,0,5,6,43
1,83,1,5,8,57
4,86,0,6,1,68
4,78,0,9,6,59
3,66,0,6,2,45
3,93,0,8,4,73
4,92,0,4,5,76
1,65,0,6,7,38
2,67,1,9,3,48
9,52,1,5,1,47
2,51,1,4,2,29
5,83,0,6,7,69
9,67,0,4,6,63
9,41,0,8,5,40
8,76,1,5,4,70
1,96,1,9,4,69
1,96,0,4,0,68
9,73,0,5,5,69
8,62,0,6,8,55
9,97,0,9,7,96
7,91,0,9,9,84
3,84,1,7,0,64
3,68,0,4,5,49
2,74,0,5,2,49
5,50,0,4,5,34
3,87,0,6,8,67
6,72,1,6,5,60
2,90,0,9,7,69
3,50,0,9,5,30
5,48,0,5,5,34
1,53,1,8,6,28
1,48,0,4,9,19
9,78,1,4,3,74
7,87,0,6,7,78
1,42,0,4,3,12
8,68,0,5,6,63
3,58,0,7,0,38
8,75,0,9,8,71
5,71,0,6,9,57
1,46,0,9,8,20
7,94,0,9,6,88
5,67,0,9,7,54
6,83,1,7,1,69
6,57,1,4,9,48
8,99,1,8,9,95
9,44,1,9,6,45
2,62,0,5,0,37
9,94,0,9,2,92
9,61,1,9,5,58
7,65,1,4,4,55
1,81,1,5,4,54
7,51,1,4,8,44
5,79,0,9,5,65
6,58,1,4,2,47
7,86,0,4,1,75
5,40,0,6,8,25
7,42,0,7,9,34
9,66,1,8,3,63
3,57,1,7,4,40
8,89,0,7,8,86
2,69,1,5,4,45
7,41,1,6,6,35
2,44,0,6,1,18
4,68,0,4,1,48
7,72,1,7,3,63
3,81,0,8,7,62
2,59,1,5,1,34
7,69,1,6,9,61
1,81,0,4,6,57
8,44,0,8,0,37
3,89,1,7,8,69
2,60,0,8,9,38
3,97,1,6,5,77
5,54,0,5,0,38
8,59,1,7,9,54
7,47,0,5,5,37
7,88,1,9,4,83
7,70,1,8,4,60
8,51,0,8,4,45
1,60,1,4,3,33
4,69,1,7,6,52
6,66,1,8,8,53
9,83,1,6,3,80
2,65,1,9,1,45
1,72,0,6,1,45
2,65,1,5,1,44
7,65,1,9,6,58
3,75,1,9,3,56
2,79,0,6,3,52
7,40,0,8,0,30
2,98,1,6,3,75
3,54,1,7,5,35
7,89,0,5,1,79
4,40,0,9,3,26
1,50,1,7,6,25
5,94,0,8,8,83
9,41,1,8,1,38
8,40,1,6,7,34
9,70,1,4,5,65
9,83,0,9,7,82
7,55,1,9,1,47
4,93,1,4,0,74
5,61,0,8,6,46
1,81,1,8,8,57
1,57,1,9,8,32
3,86,1,5,1,62
8,56,0,9,3,48
2,69,0,8,0,48
4,49,1,8,6,31
2,74,0,5,1,52
5,97,1,7,3,83
9,60,1,7,1,60
1,55,0,5,0,30
5,45,0,5,6,27
9,42,1,7,5,42
1,80,0,7,1,52
9,82,0,7,3,79
8,60,0,7,2,53
4,52,1,9,2,35
5,57,1,9,2,43
5,97,0,6,3,82
6,93,1,5,0,78
7,99,1,4,0,92
8,63,0,6,6,55
8,66,1,4,4,59
2,93,0,4,2,68
9,43,1,8,8,38
7,61,1,5,4,51
4,63,0,9,9,48
4,79,1,6,2,61
8,84,0,5,8,78
4,49,1,7,0,31
6,41,1,5,8,29
5,79,1,4,4,64
3,45,0,9,5,25
2,87,1,7,1,64
9,57,1,5,7,51
9,56,0,5,2,51
1,77,0,9,0,54
3,84,1,4,6,63
8,62,0,7,2,55
6,85,0,4,3,72
5,69,0,9,4,57
5,97,0,5,0,83
6,60,1,6,8,49
7,49,0,6,6,40
1,95,1,8,1,70
9,82,1,6,0,76
3,52,1,9,1,31
4,51,0,9,2,35
1,48,0,9,2,25
3,43,1,7,7,23
2,78,1,8,4,54
2,63,0,7,8,40
1,93,0,6,2,63
8,73,1,6,5,70
3,78,0,5,3,57
3,80,0,7,7,60
6,44,1,4,0,31
8,54,0,5,3,46
9,89,0,7,6,85
9,43,1,9,8,42
4,90,0,8,0,75
5,91,1,7,7,81
2,97,0,8,1,73
9,78,1,8,3,76
8,97,0,6,3,92
3,47,1,4,7,26
9,88,0,7,1,84
3,84,0,4,6,63
9,63,0,8,2,61
2,92,1,6,8,70
9,67,0,4,4,62
8,94,1,5,7,90
9,82,0,8,4,79
5,66,0,5,0,49
2,40,0,9,8,17
8,73,0,4,9,66
6,56,0,4,6,43
8,76,0,4,3,68
5,77,1,9,6,62
2,65,1,7,4,42
6,96,0,8,9,83
5,63,0,8,8,49
5,78,0,8,1,64
1,99,0,7,3,73
2,60,0,4,5,35
8,69,1,4,4,59
3,86,0,9,0,64
3,90,0,5,8,68
8,87,1,7,8,83
8,96,1,6,2,88
2,52,1,7,3,27
8,76,0,9,3,71
1,42,0,5,9,12
6,71,0,5,7,56
8,74,0,5,5,67
3,58,0,4,1,35
8,53,1,6,3,48
1,87,0,5,0,59
9,61,0,8,2,58
9,56,0,4,3,49
5,98,1,6,7,81
4,43,0,8,2,25
6,84,0,6,4,70
7,79,0,9,0,71
5,58,0,6,3,40
9,76,1,8,1,75
3,41,1,7,3,20
7,54,1,6,4,46
5,41,0,7,2,28
7,50,1,6,5,41
2,84,1,9,1,60
4,62,0,8,4,48
2,49,0,6,3,25
7,42,1,5,4,32
2,44,1,9,8,23
1,42,1,5,5,14
9,77,1,9,6,76
1,52,0,9,7,24
8,81,0,6,8,75
2,58,1,8,4,37
8,79,1,8,7,72
3,89,1,4,1,68
6,74,0,8,9,64
3,63,0,7,8,43
7,63,0,6,1,53
9,56,1,5,4,52
2,79,0,8,5,56
5,49,1,5,3,33
6,41,1,4,7,28
4,83,0,6,9,66
4,62,1,8,2,45
4,45,0,5,4,26
2,41,0,9,1,20
4,60,1,8,2,43
1,94,1,4,7,68
6,95,0,9,4,85
1,74,0,5,2,47
6,88,0,5,4,75
1,68,0,6,8,44
6,46,0,6,2,31
8,68,0,5,9,62
2,92,0,9,6,70
2,76,1,6,7,54
4,62,0,5,4,43
3,72,1,9,2,53
4,47,1,7,5,30
7,51,0,8,2,43
1,85,0,7,8,60
6,87,0,7,1,75
3,49,0,8,2,31
7,54,0,5,6,44
2,92,1,5,9,70
2,63,1,6,7,41
4,65,0,4,4,46
1,86,0,5,4,59
3,81,0,8,4,61
9,92,0,4,3,87
7,99,1,8,8,92
7,78,1,8,5,72
4,97,1,8,7,82
2,42,0,4,7,17
4,41,0,7,4,23
6,45,0,9,8,34
3,60,1,8,1,40
1,48,1,6,7,22
8,49,1,5,2,42
5,75,0,9,6,60
5,98,1,5,8,83
4,42,0,5,4,23
6,80,1,4,7,68
3,63,0,6,3,41
9,61,0,6,0,58
5,88,0,9,0,76
3,53,0,6,5,32
1,81,1,6,7,56
6,84,1,6,9,73
2,83,1,9,1,63
3,66,0,7,3,47
1,72,1,6,2,46
9,99,0,6,8,96
8,61,1,4,2,50
2,68,1,4,7,44
8,58,0,6,6,49
9,58,0,7,0,54
1,45,0,6,7,16
5,84,1,6,8,70
8,58,0,6,7,49
2,52,1,8,9,30
4,98,1,7,9,83
7,65,1,5,0,55
3,61,0,6,6,40
5,60,1,5,8,46
8,75,0,7,4,70
3,95,0,6,1,74
4,41,1,5,7,25
9,86,1,9,8,87
7,83,1,5,6,76
1,69,1,7,4,43
4,66,0,6,7,47
4,46,0,8,5,29
9,59,0,7,3,53
6,89,0,8,0,77
9,70,0,6,5,67
6,62,0,5,7,50
6,52,0,9,2,43
5,56,0,9,6,42
5,43,0,7,6,29
2,96,1,7,8,76
8,53,1,7,0,47
8,59,0,4,4,51
1,99,0,9,7,75
8,52,1,9,2,47
5,42,1,6,4,25
2,65,1,4,0,40
2,65,0,7,8,40
6,57,1,7,3,45
9,71,1,8,4,69
1,53,1,4,2,24
6,86,1,5,1,73
9,42,1,9,6,39
8,40,0,6,4,36
6,65,1,5,9,54
3,63,0,5,2,42
8,88,1,6,1,82
9,74,1,7,9,75
1,53,1,9,5,27
9,42,1,8,9,39
6,52,1,7,5,39
6,86,0,7,2,74
4,89,0,4,8,71
1,53,0,5,0,25
8,60,0,5,2,50
2,65,0,9,0,42
1,42,0,5,6,13
2,90,0,8,1,66
1,79,1,8,3,54
1,43,0,8,3,20
9,75,1,6,7,69
1,90,1,9,3,65
4,82,0,8,2,65
6,40,1,4,9,28
7,79,1,4,2,71
2,86,0,7,4,63
6,72,1,7,5,64
7,46,0,9,6,35
2,92,1,7,4,67
2,91,0,7,6,68
7,91,1,4,3,79
1,95,0,7,4,70
8,50,1,4,5,44
3,66,0,8,8,47
6,53,1,8,5,42
9,61,1,9,9,60
6,55,0,6,0,42
9,85,1,7,6,86
7,51,0,8,2,42
9,88,1,8,5,86
2,85,1,9,1,63
8,49,0,5,6,45
8,63,1,5,0,56
2,85,0,9,1,65
4,57,1,4,8,39
7,61,1,6,8,53
4,48,1,9,6,32
4,56,1,5,1,37
6,77,0,6,4,62
6,79,0,8,3,68
3,97,1,9,1,78
9,52,1,4,1,47
2,89,0,6,9,66
6,76,1,5,7,63
7,45,0,8,4,36
9,60,1,9,7,59
3,90,1,7,1,70
3,75,0,8,1,55
7,46,1,5,2,36
4,75,0,9,9,59
8,64,0,5,7,59
7,50,0,7,7,41
5,83,0,8,2,69
7,53,0,6,0,41
3,84,0,6,6,67
2,68,1,8,3,48
6,49,0,6,2,33
2,89,0,9,4,64
3,87,1,8,5,68
6,44,0,8,0,31
5,47,1,5,8,32
8,85,0,4,5,78
9,44,0,5,2,40
3,97,0,6,0,78
3,99,1,4,8,79
3,63,1,8,1,43
6,79,0,6,9,66
1,96,0,7,5,69
7,65,1,6,5,56
1,45,1,4,2,20
5,55,1,4,5,39
8,99,0,8,1,95
4,75,1,9,7,60
5,51,1,7,0,36
4,50,1,8,5,33
4,42,1,7,0,21
8,83,1,7,8,77
2,76,1,8,8,58
1,45,1,6,5,22
3,58,0,5,5,38
9,57,1,7,8,56
4,55,0,4,4,36
5,62,0,8,8,49
2,82,1,9,4,60
4,76,0,6,3,60
2,48,0,7,1,26
2,42,1,9,1,18
4,47,0,6,0,28
6,77,1,8,9,67
7,43,1,9,2,36
3,51,1,4,0,29
3,83,1,7,5,64
6,70,1,7,6,60
3,64,1,9,8,46
2,92,1,6,6,68
8,55,0,8,3,49
5,81,1,5,3,69
1,93,0,7,7,66
3,53,1,4,3,29
8,52,1,7,0,45
4,80,1,7,8,64
7,46,0,5,2,32
2,51,0,5,0,26
7,76,0,8,8,68
5,89,0,7,9,78
5,43,0,7,9,32
6,41,0,6,4,25
9,74,1,6,8,72
6,97,1,9,2,88
8,83,0,9,5,75
7,42,0,4,6,34
9,43,0,4,4,39
4,77,0,6,7,63
2,51,0,9,9,29
7,58,1,4,5,48
6,49,1,7,5,38
1,40,1,9,6,15
9,56,1,5,7,53
9,55,1,9,1,51
2,48,1,7,6,26
3,96,1,6,8,77
5,92,1,8,0,81
5,48,0,8,0,33
1,98,0,6,6,72
8,94,1,7,4,86
8,48,1,4,0,40
4,51,1,9,0,34
7,94,0,9,1,86
3,80,0,4,9,58
6,54,1,8,8,44
9,41,0,6,2,36
1,50,1,6,8,26
5,50,1,5,5,37
4,47,1,8,9,31
8,94,1,6,5,89
1,71,1,5,6,45
9,45,0,4,9,41
6,92,1,8,7,84
4,59,1,8,2,42
9,78,1,6,7,76
5,74,1,6,5,57
5,47,0,7,5,31
5,89,1,4,2,70
1,88,1,4,5,60
1,82,0,9,7,59
8,73,1,5,6,67
8,96,1,5,9,94
6,92,1,7,9,83
4,98,1,9,6,83
2,95,0,4,2,70
2,58,1,5,9,38
9,46,1,4,2,41
5,70,0,4,4,53
4,57,1,9,4,41
1,79,1,5,8,51
7,53,0,6,8,44
3,78,1,6,9,58
6,99,0,9,4,92
5,92,1,5,4,76
5,99,0,7,5,85
5,98,1,8,7,86
1,75,1,9,5,52
1,56,0,4,5,28
3,76,1,9,8,61
4,83,0,8,0,65
5,48,0,9,3,34
2,97,0,5,9,73
8,59,0,4,9,53
2,84,1,8,1,59
9,96,0,6,8,96
2,67,1,7,2,47
9,89,1,9,9,89
7,59,0,9,1,48
8,80,0,8,7,74
2,75,1,7,3,52
7,92,0,9,1,82
6,66,1,6,3,54
4,47,0,8,6,28
7,71,1,5,6,61
4,40,1,4,0,20
2,56,0,6,0,34
7,96,1,7,2,90
8,48,1,7,1,43
2,59,0,6,2,35
5,84,0,5,3,68
1,71,0,9,6,46
7,41,0,5,1,29
8,71,0,9,6,66
6,84,1,9,4,71
5,48,1,7,7,34
6,69,0,9,7,56
2,59,1,6,4,35
1,77,1,9,9,54
7,99,1,6,7,90
7,40,1,4,8,27
2,99,1,7,6,77
2,96,0,5,5,70
1,44,0,8,6,20
8,74,1,5,6,68
8,75,1,5,2,69
1,40,0,8,5,14
8,53,0,7,5,44
9,48,0,9,8,46
4,69,0,4,0,48
1,63,1,5,6,39
1,43,0,9,0,17
3,89,0,5,9,67
5,53,1,7,3,38
5,64,0,7,6,50
9,43,0,6,5,39
2,64,0,7,5,41
2,49,0,7,4,25
6,74,0,5,6,60
9,94,1,4,8,91
1,46,1,5,5,17
9,81,1,9,9,82
9,52,1,7,6,51
9,43,1,6,8,39
5,89,0,4,6,72
9,82,0,6,5,80
4,96,0,8,2,82
2,75,0,6,0,49
6,95,0,6,9,84
4,53,0,9,8,39
6,57,0,7,6,42
3,47,0,9,2,27
6,71,0,7,9,60
2,66,0,9,8,46
2,81,0,7,2,58
9,76,0,7,2,72
7,62,0,7,6,56
3,46,1,6,1,25
1,51,0,8,9,26
8,64,1,7,6,59
6,42,0,8,6,31
7,65,0,8,0,56
9,43,0,5,9,39
5,81,1,5,1,66
1,75,1,4,4,48
7,54,0,9,3,43
5,71,0,5,2,53
3,68,0,7,9,48
9,49,0,8,7,45
1,60,1,9,6,36
1,93,1,4,8,68
1,55,0,5,2,27
3,86,1,6,9,67
6,58,1,9,0,50
3,68,0,4,8,45
8,91,0,7,8,86
2,90,0,9,0,67
9,57,1,8,7,58
3,97,0,7,9,80
5,83,1,7,0,68
8,96,0,9,5,92
2,55,0,6,8,33
6,40,1,6,2,28
5,87,1,9,5,74
9,41,1,9,2,38
5,95,1,9,4,85
2,54,1,8,6,32
5,78,1,5,9,63
4,67,0,7,3,49
7,40,1,9,3,29
6,44,1,5,6,32
2,81,0,8,4,58
5,61,1,7,0,46
7,92,1,5,9,84
7,75,0,7,1,64
5,85,0,6,5,71
9,52,0,9,8,53
4,40,1,6,6,19
3,55,0,4,3,36
4,94,1,8,1,77
5,80,0,9,3,66
6,61,1,5,4,50
3,71,0,7,1,53
2,55,0,4,0,30
4,90,0,8,3,70
5,54,1,8,5,43
4,97,1,8,0,80
3,85,0,5,0,65
8,91,0,9,8,87
4,81,0,6,4,64
2,92,0,4,1,67
2,51,1,5,1,26
1,99,0,7,3,75
4,40,0,5,1,17
9,92,1,7,3,92
7,56,1,7,5,48
7,80,0,8,6,74
7,94,0,5,5,84
8,90,1,6,3,87
1,96,1,7,9,75
8,89,0,8,2,80
4,67,1,6,3,49
4,46,1,5,4,28
4,48,0,6,3,27
6,61,0,5,2,48
7,65,1,7,0,56
6,92,0,4,2,79
1,51,0,4,4,23
8,46,0,9,5,39
7,85,0,9,3,76
6,86,0,7,0,74
6,54,1,6,9,43
5,77,1,5,6,60
6,60,0,4,8,46
9,53,0,5,5,49
9,41,0,7,5,37
8,47,1,6,8,41
9,84,1,5,3,82
8,94,1,6,4,88
8,45,1,4,4,35
1,76,0,5,4,50
5,76,0,8,7,60
4,96,1,4,0,77
2,72,1,6,9,50
8,80,0,7,9,75
3,45,0,8,2,24
4,91,0,9,7,76
7,65,0,5,8,56
9,78,0,9,1,75
2,80,1,4,3,59
3,76,0,5,7,52
4,53,1,5,4,35
1,76,1,8,0,49
7,47,0,8,5,35
2,78,1,8,8,57
5,52,1,8,8,39
1,52,0,7,0,25
3,79,1,6,3,59
2,82,0,8,0,59
1,67,0,4,6,41
7,97,1,5,2,86
5,57,0,9,1,42
1,96,0,8,7,71
6,58,1,4,8,45
5,77,0,7,6,63
3,71,1,4,5,50
7,61,1,9,9,56
9,41,0,9,5,38
9,99,1,4,8,96
9,52,0,7,4,48
2,62,1,9,4,43
3,64,0,7,1,42
7,67,0,5,5,58
5,97,1,8,5,83
2,50,1,9,5,28
3,72,0,4,3,50
6,63,0,6,6,53
7,41,1,6,8,32
9,69,0,5,0,64
1,56,0,6,2,26
7,79,1,5,9,68
8,73,1,8,8,70
3,77,0,5,4,58
4,61,1,7,5,44
6,44,1,7,7,33
7,87,0,7,8,78
4,79,1,9,7,63
8,90,1,7,2,84
5,55,0,7,9,41
1,52,1,7,0,25
4,65,0,7,4,45
3,70,1,9,6,52
9,91,1,7,1,88
8,78,0,7,0,71
1,87,1,8,3,62
6,62,1,9,2,51
9,87,1,7,3,81
7,51,1,5,0,41
4,53,1,8,1,33
1,95,1,9,0,68
2,57,0,6,2,33
5,66,1,4,3,51
5,67,1,9,0,53
8,57,0,8,5,48
6,55,0,7,1,42
8,91,0,8,9,87
2,55,1,4,4,31
3,52,0,4,7,30
6,97,0,9,3,86
3,68,1,7,4,48
6,48,0,7,8,39
6,65,1,5,1,52
2,67,1,4,1,42
7,80,1,7,5,72
2,52,1,4,5,30
6,75,1,5,2,63
1,48,0,6,8,22
3,86,1,4,0,64
2,53,0,5,2,25
7,90,1,5,7,79
4,51,0,5,7,33
8,92,1,8,3,90
6,97,1,9,7,88
4,96,1,7,9,82
5,71,0,4,7,57
9,77,0,9,0,74
7,42,0,8,2,36
9,97,1,4,0,93
7,96,1,9,1,86
1,93,0,8,3,70
8,91,1,7,2,84
4,55,0,5,5,36
3,59,1,9,4,40
7,71,0,9,4,61
3,95,0,4,9,76
8,62,1,5,6,56
6,56,0,7,6,44
5,55,1,4,8,40
4,77,1,6,7,60
8,47,1,6,2,40
8,58,0,6,1,51
1,69,0,7,0,45
9,96,0,6,9,94
5,97,1,9,5,85
4,73,1,4,3,55
6,53,0,9,2,41
6,61,1,6,1,50
2,83,1,4,1,60
8,56,0,9,3,50
7,99,0,7,0,93
1,98,1,5,5,73
5,54,1,9,9,42
6,89,0,8,4,78
4,87,0,6,9,70
2,71,1,8,8,48
4,52,1,5,1,30
1,60,1,7,8,35
7,88,0,9,8,81
2,79,1,7,9,57
2,72,1,5,8,47
9,96,1,8,9,92
5,97,1,9,9,85
2,66,1,6,3,43
9,74,1,4,4,67
9,55,0,7,7,52
1,67,0,5,7,38
3,73,0,9,0,52
4,86,1,8,9,73
7,40,0,6,0,31
4,80,1,8,9,65
2,87,1,6,5,65
7,70,1,9,6,64
6,75,1,4,1,61
3,83,1,4,1,58
6,72,0,5,4,59
6,72,0,5,8,63
5,78,0,6,4,63
4,57,1,6,7,40
1,62,0,6,7,33
6,99,1,6,4,91
2,62,0,9,7,40
3,54,0,9,7,35
8,65,0,4,4,58
6,69,0,5,4,56
3,64,0,5,3,40
7,84,0,7,0,74
4,55,1,5,8,41
9,78,1,5,1,77
5,87,1,8,0,73
3,84,1,8,5,66
2,53,1,7,4,30
2,56,0,6,0,28
3,51,1,7,6,34
2,68,1,7,6,46
4,71,1,4,2,52
2,95,1,9,7,73
9,63,1,5,5,59
2,91,1,4,3,67
9,52,1,9,9,51
6,95,1,5,9,84
1,59,1,7,9,31
4,54,0,5,2,34
1,95,1,6,0,69
6,92,1,6,1,80
4,43,0,7,1,27
3,93,0,8,4,73
3,73,1,6,3,52
9,67,1,7,1,62
6,89,1,4,8,77
9,41,0,8,6,41
5,96,1,6,7,82
2,86,0,7,7,65
8,69,0,7,1,62
5,65,0,4,4,48
2,90,0,4,2,65
4,86,0,8,9,70
9,65,1,9,8,62
4,59,1,6,8,40
4,81,0,7,5,64
2,67,0,8,3,44
6,95,0,8,7,82
2,59,0,4,4,37
7,50,1,7,2,39
3,97,0,5,7,77
3,49,0,9,5,27
5,62,1,9,4,49
3,76,1,4,0,54
2,80,1,7,2,57
9,91,1,8,6,90
2,58,0,9,2,35
2,84,0,8,0,60
8,57,0,6,7,51
9,88,0,5,6,86
7,66,0,4,4,55
3,45,0,9,9,28
9,49,0,6,4,47
3,41,0,6,5,20
5,63,0,5,6,47
9,77,1,4,2,75
3,67,0,4,3,45
7,67,1,8,0,57
1,92,1,4,6,66
4,84,1,6,9,68
4,89,1,8,1,74
7,78,0,4,6,66
8,41,1,5,5,36
1,85,1,6,3,61
5,44,0,7,1,27
7,89,1,5,6,80
4,50,0,5,6,31
4,49,0,4,4,30
4,82,0,8,8,66
6,98,0,8,2,84
7,41,1,6,8,32
2,54,0,4,4,27
5,78,1,8,1,64
4,80,1,9,8,65
3,76,0,7,0,55
7,46,1,9,0,37
6,59,0,4,6,46
7,73,1,4,2,66
5,74,1,8,7,61
6,73,1,5,6,61
5,92,1,4,6,79
7,61,0,5,0,47
2,70,0,6,0,45
5,62,1,6,1,46
6,58,1,8,1,46
6,43,1,6,4,30
5,63,1,9,8,53
7,59,0,9,6,54
8,78,1,9,1,73
7,67,1,8,4,59
5,93,1,8,4,80
1,78,0,9,7,54
5,56,1,5,8,41
2,58,0,9,7,34
5,93,0,5,1,79
5,87,1,6,3,75
2,74,1,5,1,48
5,71,1,4,5,56
4,86,0,7,3,72
1,85,0,4,6,55
3,86,1,4,1,63
1,85,0,8,8,61
5,78,1,7,4,61
4,96,1,8,0,79
7,74,1,5,2,64
5,69,1,9,3,56
4,56,1,5,2,34
2,81,1,7,5,60
4,86,0,6,5,68
2,68,0,5,9,45
8,45,0,4,6,37
3,99,1,7,8,83
9,56,1,7,9,56
4,56,1,5,8,38
6,53,0,5,6,40
5,63,1,8,0,48
1,96,0,8,2,73
9,89,1,4,4,85
1,96,0,7,9,71
8,76,1,6,5,70
9,79,1,6,5,77
9,78,0,7,4,78
1,94,0,4,5,67
2,71,0,8,8,51
1,75,1,8,0,49
2,89,0,8,0,66
8,76,0,6,8,72
5,87,1,6,7,72
7,53,1,4,8,41
2,66,0,6,6,41
8,98,1,5,9,92
6,58,0,6,5,46
8,70,0,8,8,65
1,85,0,4,1,56
1,48,1,7,3,22
7,77,0,7,1,68
8,56,0,4,5,51
3,58,1,5,0,33
5,83,0,7,6,66
1,43,0,8,6,15
7,87,0,7,6,79
5,96,1,7,3,82
8,50,0,8,7,43
8,61,1,6,4,55
9,43,1,5,1,38
7,56,0,8,4,47
1,47,0,8,9,22
3,85,1,9,8,67
8,98,0,4,9,92
3,73,0,5,0,54
8,50,1,6,1,41
1,70,0,9,9,48
5,50,0,8,7,36
4,95,1,9,4,79
5,93,0,6,8,79
8,95,1,9,5,91
4,77,1,9,7,62
4,92,0,9,0,77
3,60,1,8,8,40
7,85,0,8,8,74
3,69,0,4,2,44
3,49,1,7,0,28
5,65,1,5,7,48
5,66,1,4,7,52
6,47,1,6,8,36
8,78,1,9,5,74
6,47,1,8,8,39
1,99,0,9,9,75
8,47,0,8,8,42
8,94,1,5,3,88
9,73,0,4,4,71
9,98,1,4,5,96
2,55,1,6,5,32
2,80,0,4,9,56
3,52,0,4,1,26
1,62,1,7,3,36
4,51,1,5,8,30
4,66,1,9,6,50
9,61,0,4,8,57
9,71,1,6,5,69
9,96,1,9,6,92
7,88,0,8,8,80
2,66,0,4,3,41
5,41,0,4,8,25
4,84,1,9,2,67
8,72,1,8,7,68
2,65,0,7,2,41
6,67,1,5,2,55
5,58,1,7,2,41
2,82,0,6,8,59
1,44,0,9,9,19
8,72,1,4,2,63
2,59,0,7,5,39
7,69,0,5,3,59
9,84,1,6,1,80
9,47,1,7,2,44
8,77,1,4,4,72
9,56,1,5,9,53
2,83,1,4,3,59
6,40,1,4,4,27
4,42,0,6,0,23
4,85,0,5,3,67
5,65,0,8,9,49
3,70,1,4,2,48
1,47,1,5,1,20
8,82,1,4,6,76
5,98,1,7,9,85
3,85,1,7,8,66
7,47,0,5,0,36
7,74,1,6,6,64
1,78,0,8,0,52
9,67,1,7,4,63
2,90,0,6,0,66
5,43,0,8,2,29
5,96,0,7,7,85
8,55,0,8,3,49
8,52,0,9,0,46
7,59,0,4,0,48
7,90,0,5,7,81
6,44,1,7,7,33
6,94,1,7,3,83
9,76,0,4,3,73
6,59,1,7,9,46
2,63,1,7,1,41
2,75,0,9,1,52
5,73,1,7,5,61
4,97,0,7,7,80
2,84,1,7,6,62
3,87,0,6,6,67
7,93,1,7,2,85
8,73,0,4,1,63
6,58,1,9,9,48
5,56,1,7,6,42
1,44,1,8,3,19
8,64,0,9,0,57
3,57,0,9,0,35
6,99,1,8,3,89
3,94,1,4,4,73
7,92,0,6,4,85
7,89,1,4,0,76
9,47,1,6,2,43
5,66,0,5,5,52
8,54,0,8,9,49
8,84,1,9,6,80
1,52,0,9,0,26
5,55,1,9,7,42
3,61,1,8,3,41
1,59,0,8,8,32
4,52,1,6,5,34
8,59,0,9,0,53
3,41,0,4,1,18
2,74,1,6,2,48
9,86,0,9,1,83
5,94,1,8,9,80
7,58,0,8,6,52
2,84,1,8,0,61
9,76,0,9,8,78
9,97,1,8,1,95
4,93,1,5,3,75
4,45,0,8,7,28
6,53,1,9,2,42
6,43,1,6,8,31
1,61,1,8,6,36
9,90,1,7,9,89
2,94,1,5,2,68
5,78,1,9,2,65
9,75,0,8,4,71
4,73,0,7,4,55
3,66,0,9,9,47
7,46,0,6,4,35
6,42,1,5,8,32
8,86,1,8,8,84
3,72,0,6,5,49
5,41,1,9,6,27
4,81,0,7,9,62
4,55,1,9,7,37
4,64,1,9,8,49
8,99,0,5,5,90
6,54,1,8,7,43
3,63,0,6,1,41
5,54,0,5,9,39
6,70,0,7,7,62
5,53,1,8,1,38
6,93,1,5,7,82
8,53,0,7,1,46
7,45,1,7,2,34
5,53,0,6,6,38
6,56,0,9,8,46
4,57,1,7,2,42
9,59,0,7,4,53
4,90,1,9,8,75
1,56,1,4,6,29
7,55,1,7,1,46
7,79,0,8,4,69
4,78,0,5,4,60
3,91,1,9,8,73
8,71,1,9,1,65
5,99,0,9,0,84
7,83,1,8,3,73
4,48,1,9,3,30
4,66,0,8,0,47
8,85,0,6,9,80
8,91,0,4,6,83
2,72,1,9,1,50
2,49,0,4,8,22
3,56,0,9,6,39
3,88,0,8,6,68
1,88,0,5,0,60
3,75,0,4,8,57
6,56,0,4,9,43
8,57,0,8,8,51
6,91,1,4,1,78
5,62,0,6,9,48
4,73,1,8,8,57
3,47,1,4,1,25
4,52,0,4,1,32
7,62,1,4,7,53
1,96,0,8,2,68
7,93,1,5,2,86
1,59,0,7,6,35
2,61,1,9,9,38
4,86,0,4,5,69
1,91,0,7,6,68
9,62,1,7,5,57
6,80,1,4,8,68
1,74,0,4,1,49
1,42,1,9,7,18
6,73,0,7,5,59
4,72,1,5,3,56
4,85,0,7,5,65
6,56,1,5,5,44
7,84,0,6,9,75
9,58,1,5,2,55
5,69,0,9,7,56
9,62,1,8,4,60
4,54,0,4,9,37
2,98,1,6,3,77
3,96,1,7,1,76
1,53,0,5,9,28
6,41,1,6,0,28
6,78,1,8,6,68
1,88,0,5,9,62
3,57,0,9,2,37
5,45,0,7,2,32
3,98,0,7,2,78
3,71,1,5,9,48
3,60,1,8,2,40
5,79,1,4,1,63
5,67,0,4,5,51
4,66,1,7,9,50
1,41,1,8,2,15
5,72,0,7,0,54
5,55,1,4,9,39
4,78,1,7,8,62
6,61,0,5,5,48
4,95,1,9,5,82
7,82,0,5,9,73
7,86,0,9,8,79
2,52,1,8,1,30
3,95,1,4,9,75
1,41,1,8,8,17
8,53,0,8,2,47
9,95,0,4,2,87
4,77,1,6,2,59
6,80,1,6,0,68
9,67,0,7,9,66
6,46,1,6,6,35
9,57,1,5,9,54
4,95,0,9,6,77
8,80,1,8,1,75
9,94,1,7,5,95
4,75,1,8,3,58
5,80,1,4,6,65
8,75,0,6,6,67
6,83,0,4,3,67
7,43,0,7,2,33
3,96,0,9,6,77
7,69,1,5,8,57
8,63,1,6,3,55
6,59,1,4,5,46
9,85,1,9,6,86
6,95,0,6,9,81
9,70,1,8,2,70
4,63,1,5,4,43
8,46,0,9,0,40
4,65,0,6,5,47
2,52,0,5,4,27
9,93,1,9,6,93
5,47,0,8,8,33
4,94,1,8,3,78
2,44,1,4,8,18
1,83,0,7,5,56
7,52,0,4,4,44
6,68,0,5,1,58
2,59,1,4,0,37
8,53,1,9,7,47
4,71,1,6,5,55
8,99,0,9,6,95
7,89,1,4,5,79
5,66,1,7,9,53
8,95,1,9,6,91
9,64,1,9,8,63
5,91,0,9,4,79
5,43,1,7,0,26
2,60,0,9,0,37
5,57,0,5,8,43
3,78,1,8,4,60
7,54,1,7,1,45
5,92,0,5,2,73
8,77,1,7,0,72
1,87,0,7,5,61
3,91,1,8,5,72
3,63,1,6,2,42
9,47,0,5,2,40
5,67,1,7,6,53
9,60,0,7,0,56
9,55,0,4,4,47
1,99,1,9,2,75
2,93,0,6,4,69
5,55,1,8,3,41
4,74,1,5,5,55
9,56,1,7,8,55
7,48,0,9,1,41
6,96,1,5,9,88
7,74,1,8,7,69
1,91,0,6,1,64
1,68,0,4,3,40
8,78,0,6,8,72
2,57,0,4,3,29
9,51,1,5,6,46
7,58,1,6,4,49
6,87,1,6,1,78
1,61,1,6,7,37
1,98,0,8,9,74
2,95,0,5,9,69
6,88,1,4,1,75
6,91,0,6,2,78
2,54,0,5,9,33
1,40,0,9,6,14
5,41,0,8,4,26
5,47,0,8,9,33
2,61,1,9,2,39
6,64,1,5,1,51
9,41,0,4,5,36
2,90,0,5,9,70
2,48,1,5,0,21
3,48,1,7,7,29
7,52,0,8,4,43
6,45,0,4,4,29
8,69,0,7,1,62
8,54,1,9,6,46
6,90,0,5,4,76
3,92,0,9,7,73
3,54,0,8,4,31
1,89,0,7,8,64
7,46,0,7,4,37
5,97,0,4,2,81
4,50,0,5,1,28
4,79,0,4,4,60
4,77,1,7,9,60
6,79,1,7,9,69
8,41,1,4,4,34
8,90,0,7,5,86
5,87,1,6,1,72
6,78,1,8,4,70
4,49,1,5,0,30
9,83,1,8,2,78
8,56,1,5,2,47
1,46,0,7,2,22
2,93,1,4,2,71
9,79,0,4,7,76
8,78,0,7,0,71
3,43,1,5,5,23
8,74,0,7,5,68
1,90,1,5,0,63
4,86,0,7,0,65
3,75,0,7,2,52
6,70,1,7,7,59
7,64,0,4,5,51
4,80,0,5,3,63
7,52,0,9,4,43
9,57,0,7,9,52
2,60,0,8,2,40
3,87,0,8,5,71
5,40,0,4,5,23
3,75,0,6,5,57
8,89,1,9,8,83
8,47,0,4,9,40
8,91,1,6,7,86
9,87,1,4,5,80
4,60,0,8,1,41
5,82,0,7,3,69
5,91,1,5,5,76
8,92,1,7,8,88
7,92,1,8,1,81
9,60,0,5,5,56
8,66,0,6,9,60
2,58,0,6,9,35
4,62,1,8,9,46
6,90,0,5,6,81
2,89,0,7,7,68
7,90,0,8,8,86
3,82,0,6,4,61
3,74,1,8,8,55
2,79,0,7,8,57
8,91,0,4,6,86
6,90,1,9,1,81
1,81,0,9,7,57
1,87,1,9,4,65
7,44,1,4,7,33
8,91,0,7,1,85
5,80,1,5,6,64
5,47,0,8,4,32
4,50,1,7,3,34
6,55,1,4,9,43
6,78,0,6,5,66
3,86,1,9,4,67
9,63,0,9,5,59
7,60,0,7,8,52
1,91,0,9,0,67
7,62,0,9,0,53
5,88,1,7,5,72
5,77,0,7,1,62
2,86,1,4,7,63
4,47,0,4,6,26
6,46,1,9,5,35
7,41,1,7,3,30
5,69,1,7,8,56
9,52,1,9,6,49
3,62,0,5,6,39
1,68,0,6,4,41
4,77,1,8,0,60
9,76,1,8,1,75
4,59,0,9,7,43
2,72,1,8,4,52
5,68,1,4,1,52
3,89,0,4,4,67
9,54,1,5,7,51
4,62,1,9,3,43
6,81,0,4,2,66
2,42,1,9,4,23
6,76,0,9,6,66
3,95,0,7,1,74
9,68,0,6,0,66
2,84,0,6,4,60
9,47,1,9,6,45
5,61,0,6,7,46
8,92,0,6,7,89
2,68,1,8,9,47
6,41,0,8,8,27
3,80,1,7,0,57
5,88,0,5,6,72
8,98,0,4,9,91
1,89,0,4,7,63
5,84,0,8,5,73
3,40,1,9,9,22
4,83,1,6,3,63
2,59,1,7,6,37
9,91,0,5,2,87
3,60,0,8,1,40
2,76,0,9,5,56
9,47,1,7,1,42
7,66,0,9,5,58
6,86,1,7,9,78
1,98,1,8,2,73
5,74,1,7,1,56
3,45,0,6,7,23
1,99,0,7,3,73
4,84,0,5,3,66
2,83,0,7,6,60
2,58,1,4,7,33
3,57,1,7,8,38
8,95,0,9,9,94
8,40,0,8,7,31
7,64,0,4,3,53
6,66,1,8,1,55
9,46,0,9,9,42
4,83,1,5,4,65
1,81,1,6,6,58
8,68,1,5,1,62
7,70,1,4,3,57
7,83,1,9,5,73
3,82,1,9,7,64
4,75,1,6,9,61
9,58,0,7,5,55
6,45,0,4,5,30
5,64,0,6,5,49
3,70,1,8,3,52
9,48,1,6,2,44
5,59,0,8,0,44
5,49,1,8,1,35
4,76,1,9,1,62
4,66,1,6,9,50
1,52,1,9,6,28
7,80,1,9,5,73
9,41,1,5,7,37
3,89,1,5,8,68
2,60,1,9,4,38
3,72,1,9,2,56
1,63,1,8,3,38
6,92,1,9,7,83
7,83,1,4,2,73
2,81,0,6,1,57
8,73,1,4,6,65
6,99,1,5,3,87
4,48,0,4,7,29
5,41,0,7,0,25
8,94,0,7,7,89
3,95,1,5,4,75
3,69,1,4,1,45
4,61,0,6,0,45
1,85,0,5,5,60
9,50,0,7,8,47
8,94,1,5,8,92
8,82,1,4,8,75
6,56,0,4,3,43
7,75,1,4,5,65
6,52,1,8,9,45
9,46,0,4,5,41
3,55,0,9,4,35
3,72,0,7,1,48
3,84,1,7,6,67
3,40,1,8,0,19
9,50,1,7,5,49
4,45,1,7,4,27
7,59,1,5,4,48
9,74,0,4,7,70
7,83,1,9,8,74
9,76,1,9,6,75
3,80,0,5,9,57
4,65,0,9,7,49
8,97,0,5,1,88
6,51,0,9,1,39
5,69,1,7,7,55
4,67,1,6,5,50
8,66,0,4,7,57
1,81,1,6,8,56
9,58,0,7,8,57
1,44,1,8,5,19
8,97,1,5,7,92
4,44,1,9,1,27
9,80,0,9,7,78
5,66,0,7,2,54
3,67,1,9,0,47
9,65,1,7,6,62
9,66,0,6,0,61
4,91,0,8,0,75
4,88,1,5,0,71
8,81,1,9,3,79
2,60,0,8,3,37
9,40,1,8,9,38
6,93,0,8,5,82
9,67,0,4,9,63
8,87,1,8,2,85
7,97,1,7,9,91
1,97,1,4,5,71
3,54,0,4,6,30
2,94,0,8,0,69
5,56,0,9,5,42
5,65,1,9,9,50
5,59,1,9,0,43
4,64,0,9,6,48
5,52,0,7,9,38
3,72,1,9,4,53
1,64,0,5,9,38
5,47,1,8,3,31
9,44,1,4,0,37
9,45,0,5,8,42
4,62,0,9,6,48
3,91,0,5,1,69
1,69,0,4,3,40
2,53,0,9,3,30
8,93,1,5,7,84
1,62,0,7,1,35
8,50,1,7,4,44
7,70,0,8,9,59
8,45,0,8,7,39
6,50,0,5,5,37
9,52,0,4,3,46
3,51,0,7,4,30
4,93,0,6,1,75
6,41,1,8,4,32
8,92,0,7,2,86
5,74,0,9,2,60
3,94,0,5,6,73
6,75,0,7,2,66
4,56,1,7,3,42
9,67,1,5,6,64
3,67,1,8,2,47
4,61,1,8,9,45
7,77,1,6,9,69
7,46,1,6,1,36
4,54,0,8,9,38
6,71,0,8,6,60
3,50,1,8,4,33
6,63,0,8,0,48
2,42,0,7,9,21
8,69,0,6,7,61
2,45,0,5,2,22
7,97,0,4,6,87
9,41,1,5,5,37
1,53,1,9,9,31
8,80,1,4,5,76
7,57,1,7,7,46
6,90,1,9,3,79
6,83,1,6,3,73
6,70,0,4,2,56
9,52,1,8,0,49
2,65,0,9,9,44
1,83,0,7,2,57
6,51,1,4,0,37
8,57,1,8,5,52
3,48,1,9,7,31
1,88,0,7,2,61
9,60,1,9,3,58
1,87,1,4,4,60
3,88,1,8,6,72
8,92,0,6,5,85
3,95,1,7,1,72
4,79,1,4,6,60
8,82,0,8,7,77
1,63,0,6,0,32
6,73,0,9,5,62
1,47,1,8,8,22
1,83,1,6,6,61
8,92,0,4,4,85
4,72,1,8,9,53
1,62,0,8,9,38
7,52,0,5,8,42
5,93,0,7,1,78
5,92,0,8,6,79
1,88,0,6,8,65
6,53,1,7,1,41
9,53,1,4,9,47
9,55,1,7,5,52
8,88,1,5,8,82
5,77,0,4,2,58
1,97,1,8,7,73
9,99,0,9,4,95
1,78,0,4,6,51
8,65,1,4,2,58
5,65,1,5,7,51
3,40,0,6,1,17
7,71,1,4,7,63
7,96,1,6,1,86
9,54,1,7,6,51
7,91,1,9,1,84
3,60,0,5,6,41
1,57,0,8,0,30
8,69,1,4,5,64
3,99,0,9,9,78
8,97,0,9,6,93
8,52,1,6,3,45
5,63,1,4,0,47
1,69,0,9,5,44
7,41,0,5,3,32
5,58,0,8,2,43
8,86,1,7,3,81
9,83,0,7,5,81
7,86,0,6,4,77
7,64,1,9,1,56
1,89,0,7,1,63
4,53,1,6,2,34
2,45,1,8,5,23
2,51,0,4,0,25
2,59,1,5,6,36
4,62,1,8,7,46
1,69,0,8,6,45
4,69,1,7,2,52
2,77,0,7,5,57
5,97,1,5,3,79
3,69,1,4,4,48
8,80,0,8,2,73
4,69,0,9,4,50
1,96,0,7,5,71
1,97,1,8,7,73
3,75,0,4,5,51
9,88,1,6,8,85
7,73,0,4,9,62
2,55,1,8,9,35
9,63,0,8,9,61
2,53,1,5,9,30
3,65,0,8,3,44
2,47,1,7,1,23
3,53,1,9,8,33
6,70,1,5,2,57
9,41,1,8,6,41
9,87,0,4,3,82
7,43,1,8,0,33
3,40,0,4,7,18
4,94,1,4,3,76
6,59,0,8,5,50
5,98,1,4,6,80
2,53,1,9,7,32
6,79,0,6,9,68
3,64,0,5,1,42
8,99,1,8,8,93
2,64,0,6,9,41
1,42,0,4,2,14
9,44,0,4,0,36
3,77,1,5,1,59
1,93,0,6,7,67
7,65,1,6,9,57
5,79,0,8,5,65
5,77,0,4,0,57
1,77,1,7,8,50
9,43,0,8,6,39
7,46,0,8,9,40
8,69,0,8,2,60
9,69,0,5,6,65
6,95,0,5,5,86
5,58,0,8,2,43
6,78,0,9,7,66
2,74,1,7,0,51
4,79,1,6,4,60
3,72,1,6,7,52
7,72,1,4,2,64
9,53,1,6,9,53
5,77,0,6,5,62
6,49,1,7,9,38
2,96,1,6,1,73
3,67,0,7,8,47
3,53,1,5,1,31
9,75,0,7,4,73
7,77,0,5,2,67
8,55,1,7,9,50
9,99,1,8,8,95
6,60,0,9,8,53
4,67,0,5,6,49
1,72,1,5,9,46
8,45,0,6,4,38
7,80,1,5,8,73
2,54,1,7,6,31
8,83,1,8,1,75
5,42,1,8,9,29
7,82,0,6,0,70
4,86,0,7,9,70
5,74,1,7,9,61
8,53,1,4,3,48
1,41,0,5,9,14
1,68,0,6,7,42
4,43,0,8,5,25
3,65,0,9,1,46
2,90,0,4,4,66
3,51,1,7,8,32
1,41,1,5,5,14
1,56,1,8,5,32
6,74,1,4,6,60
5,49,0,7,4,34
8,87,0,8,2,81
2,61,1,8,2,38
4,80,1,7,4,63
8,82,0,7,3,77
6,60,1,6,4,45
1,54,1,8,8,26
4,74,0,7,4,56
1,87,0,9,3,62
2,60,0,9,3,38
5,60,1,4,0,42
8,60,0,5,9,57
8,99,0,9,3,93
3,83,1,6,3,63
4,71,0,7,8,54
6,94,1,5,3,82
3,44,1,6,6,24
2,78,1,8,0,55
6,48,1,5,6,36
5,92,0,9,1,78
5,57,1,6,7,42
5,60,0,7,0,44
5,47,0,7,9,33
3,83,0,6,2,62
7,91,0,8,7,83
6,73,0,9,9,63
4,49,1,6,7,35
2,90,0,4,4,66
9,80,1,6,4,77
1,96,1,6,7,71
4,63,1,9,9,48
1,79,0,7,4,53
6,63,0,8,8,50
4,95,0,6,0,77
5,71,0,5,4,55
5,95,1,7,2,81
9,72,0,7,2,65
1,77,0,6,1,47
2,83,1,9,2,60
6,96,1,5,6,85
5,95,1,6,7,82
7,90,1,5,7,82
3,98,1,7,7,79
3,88,1,5,0,67
2,73,1,6,6,50
3,50,0,4,1,27
1,70,0,4,9,43
5,57,1,5,3,41
5,62,1,9,4,49
7,99,0,6,0,92
4,61,1,8,3,44
3,82,1,4,3,61
1,57,1,7,8,35
8,79,1,6,8,74
3,86,1,6,9,67
2,80,0,4,0,55
4,86,1,8,7,71
3,78,1,7,3,57
1,59,1,8,3,34
3,52,0,7,4,31
2,84,0,4,1,60
8,40,1,6,0,31
6,91,1,7,4,82
9,43,1,6,6,38
8,63,1,5,9,58
3,75,0,5,8,54
5,75,0,4,1,61
7,84,1,4,7,73
5,41,1,9,6,25
8,67,0,4,1,59
5,65,0,5,4,49
1,62,1,7,6,40
5,54,1,8,2,40
4,75,1,4,1,59
6,66,0,8,5,56
3,45,0,8,9,26
5,74,0,5,5,59
2,78,0,9,3,56
6,77,1,7,0,65
6,74,0,5,4,64
5,75,0,4,0,56
6,49,0,5,7,37
7,69,1,5,1,57
5,92,0,5,8,77
1,80,0,4,8,56
8,77,0,4,2,69
4,68,1,5,5,53
9,91,0,5,8,90
6,98,1,8,6,88
1,82,1,7,3,59
3,78,0,8,2,55
3,89,1,9,1,69
4,43,0,7,9,24
6,44,1,9,9,34
7,43,1,7,0,30
4,75,0,5,9,58
6,98,0,8,0,88
1,84,1,7,3,59
8,55,1,9,3,49
7,64,1,7,8,56
9,53,1,4,9,50
3,50,0,7,0,26
2,68,1,5,3,47
1,73,1,6,2,47
3,61,0,4,8,40
5,53,1,6,4,38
2,95,0,5,8,72
3,63,0,6,9,43
4,98,0,7,5,81
7,78,1,6,8,73
3,65,0,8,0,45
9,82,0,5,3,78
8,75,0,8,3,71
4,78,1,6,9,63
1,55,1,8,9,31
1,97,1,4,5,71
1,77,1,6,9,52
1,98,0,9,0,70
8,71,0,8,9,66
3,45,0,7,4,24
6,73,1,6,2,61
3,95,0,9,0,76
5,47,1,4,5,33
7,69,1,7,2,60
2,66,1,6,3,40
6,46,0,7,8,31
6,66,0,6,1,51
3,64,1,6,0,43
6,95,0,5,9,86
5,85,1,8,5,73
2,80,0,6,0,58
9,54,1,4,0,49
8,64,1,9,6,60
3,61,1,8,1,41
8,57,0,5,3,50
9,51,0,8,3,49
3,62,0,8,1,41
3,90,0,6,5,67
2,84,0,4,9,61
8,78,1,6,1,72
1,64,0,4,7,38
8,49,1,4,3,41
7,69,0,7,0,59
7,49,0,6,6,40
3,73,0,5,5,55
1,85,1,9,5,64
4,52,0,8,2,34
9,93,1,7,9,92
5,68,0,5,6,56
1,77,1,9,5,54
5,80,1,9,9,67
8,84,1,6,9,82
8,48,1,4,8,41
5,52,0,6,2,38
9,76,0,9,2,75
1,53,1,6,3,26
4,76,0,7,2,56
3,48,1,5,3,27
2,47,0,9,5,24
8,78,0,7,0,71
7,79,0,5,1,72
9,93,1,7,9,92
2,42,0,8,5,16
4,94,1,4,5,74
6,95,0,4,0,80
3,86,1,4,5,64
8,79,0,8,8,72
3,72,1,9,7,54
2,71,1,9,9,50
3,46,1,8,4,26
6,58,0,4,3,44
2,73,1,4,5,46
8,53,0,5,4,43
1,89,1,5,5,63
7,86,1,6,9,81
2,85,1,7,2,63
6,95,0,5,6,86
2,96,0,5,7,73
2,58,0,5,4,34
8,90,0,5,4,80
2,93,0,8,3,68
7,98,0,6,9,92
3,65,0,5,4,44
8,56,1,9,9,50
7,93,1,7,7,84
8,67,0,5,4,62
7,58,0,8,8,53
6,66,0,9,0,51
7,87,0,4,6,77
5,91,0,4,4,77
7,96,1,6,3,85
1,58,0,4,2,30
1,72,0,5,9,49
9,90,0,8,6,88
5,46,1,6,1,30
5,68,1,9,4,55
3,94,1,5,1,73
5,82,1,4,6,67
3,44,0,7,5,25
9,69,1,5,9,64
9,88,1,7,6,86
6,82,1,9,8,76
1,95,1,7,1,71
7,97,1,9,8,90
7,47,0,6,6,37
4,81,1,8,1,66
8,51,1,4,9,48
6,81,1,4,1,68
4,52,0,5,3,33
4,65,0,4,1,48
2,57,0,6,0,32
2,81,0,4,5,57
4,90,0,5,9,73
5,91,0,4,4,75
8,88,0,8,2,83
6,59,0,9,0,50
4,55,1,7,8,39
7,76,1,7,7,65
8,42,0,9,5,35
2,66,1,7,5,43
7,54,0,8,3,48
2,97,1,6,1,74
2,73,1,5,3,49
8,84,0,8,1,79
2,61,1,5,6,38
9,79,0,6,8,74
1,62,0,8,1,36
9,98,1,4,8,95
1,88,0,6,8,59
2,43,1,7,7,18
6,90,1,8,0,81
6,93,0,6,4,81
1,96,0,6,9,73
7,80,0,8,3,71
8,62,0,7,6,58
2,86,0,9,7,64
8,99,1,7,9,95
9,48,0,6,7,44
6,63,1,5,1,50
5,60,0,9,2,48
9,80,1,9,9,81
9,85,1,6,9,80
1,94,1,8,6,70
3,92,1,8,3,73
9,55,1,8,5,53
2,95,0,7,7,73
4,94,1,4,7,80
4,64,0,8,6,47
2,65,1,8,1,42
3,88,0,9,1,68
3,84,1,5,2,65
1,48,1,5,3,21
6,54,0,6,0,41
8,78,0,6,4,71
3,72,1,6,6,55
5,40,1,8,9,29
1,44,0,5,4,17
7,95,1,6,6,87
1,48,1,5,4,22
9,83,0,8,9,84
8,45,1,9,7,44
7,67,1,8,6,62
7,84,0,6,0,74
5,65,1,8,0,49
5,67,0,8,4,53
5,79,0,5,1,66
1,54,1,4,8,30
8,45,1,7,1,41
1,66,0,6,8,40
4,77,0,4,9,58
9,43,1,9,1,40
9,50,0,6,3,46
5,60,1,4,2,44
4,69,0,8,5,52
3,57,0,6,3,39
3,74,0,4,8,53
5,42,1,7,8,28
1,51,0,8,9,26
5,66,0,6,8,51
6,92,0,9,2,79
7,69,0,9,2,61
9,60,1,6,3,56
3,77,0,4,8,56
2,60,1,6,5,40
3,99,0,8,8,80
9,77,0,5,7,74
7,79,1,9,6,72
9,54,1,4,4,50
2,57,0,7,8,33
5,91,0,6,3,77
4,68,0,8,3,54
2,87,1,6,7,65
9,77,0,7,3,74
9,99,1,8,6,95
6,60,0,7,3,50
6,56,1,8,0,44
8,80,1,5,9,73
6,90,1,9,8,84
1,57,0,8,3,34
4,96,0,7,2,77
7,94,1,4,2,84
2,76,1,9,8,53
9,99,1,5,7,96
8,77,0,6,9,72
8,51,0,5,6,46
7,50,0,5,6,40
4,87,1,6,3,73
2,91,0,8,2,68
3,88,0,5,3,64
6,59,0,9,5,48
5,48,1,5,3,32
8,40,0,4,3,33
6,97,0,9,1,83
6,42,0,4,6,29
1,60,0,9,5,37
4,62,0,7,1,45
5,48,1,6,4,30
3,93,1,9,5,73
9,58,1,9,4,56
1,84,1,8,3,56
6,94,0,8,8,84
6,85,0,7,2,73
5,91,1,8,1,76
5,58,1,8,8,45
5,62,1,4,7,50
6,66,0,8,8,55
8,66,0,8,9,63
2,78,0,7,2,54
6,75,1,7,0,63
1,51,1,5,0,23
4,94,1,8,2,78
3,66,0,8,3,46
9,85,0,9,1,81
3,73,1,8,7,56
6,72,1,4,2,62
1,67,0,9,3,45
6,70,0,8,5,60
4,71,1,4,9,52
8,89,1,5,5,84
9,59,0,9,1,56
4,79,1,6,5,59
6,74,1,8,3,62
1,70,0,9,4,45
4,97,1,7,6,81
7,70,0,9,6,62
1,77,1,7,5,52
8,61,0,8,9,58
6,84,1,4,5,71
5,80,1,7,5,66
9,48,1,9,3,46
2,91,0,9,2,69
5,48,1,7,0,36
6,54,1,5,2,41
7,52,0,5,2,43
5,61,1,5,8,49
9,55,0,7,2,54
1,71,0,7,7,46
7,41,0,9,7,31
7,65,1,8,2,57
4,53,0,8,9,37
9,98,1,4,9,95
5,77,0,7,5,63
4,73,1,8,7,55
7,47,0,8,7,40
4,75,0,5,9,56
3,60,1,5,9,42
9,95,0,5,8,94
8,85,1,6,8,80
1,82,0,8,7,60
7,95,1,5,6,83
9,67,0,5,9,63
8,85,0,7,2,79
8,83,1,9,6,76
6,87,0,5,3,72
4,45,1,7,1,25
8,59,1,4,7,51
3,70,0,5,1,50
9,72,0,9,0,69
2,83,0,7,4,57
2,46,1,9,9,25
7,47,1,5,8,36
4,48,0,4,4,29
8,41,1,5,1,31
9,56,0,7,9,52
7,91,0,4,3,81
5,84,0,4,7,69
8,76,1,4,6,69
4,81,1,6,4,65
2,83,0,7,3,60
6,56,1,6,4,46
9,92,0,9,6,91
1,77,0,4,4,50
7,74,1,6,7,64
9,99,0,5,6,94
9,86,0,6,6,83
3,78,0,8,8,59
5,69,0,9,7,56
8,45,0,4,7,38
8,43,1,4,5,36
4,90,1,9,6,75
1,76,0,9,7,52
1,74,1,7,4,51
4,97,0,5,9,81
6,96,0,9,1,86
8,48,0,9,6,43
6,45,0,7,9,32
9,52,1,9,2,47
9,98,1,6,9,94
2,61,0,8,7,39
1,67,1,8,5,39
2,69,0,8,3,46
5,91,1,9,1,80
4,75,0,8,6,58
4,41,0,5,0,21
9,97,0,6,6,92
8,75,1,8,9,72
6,47,1,4,9,32
1,84,0,9,6,59
2,81,1,6,9,59
6,89,1,5,2,74
2,48,1,8,3,24
5,40,1,5,3,24
5,52,1,9,3,38
6,89,1,8,8,81
6,54,1,4,5,41
6,71,1,6,9,60
2,73,1,4,8,50
3,82,1,8,3,63
6,70,1,7,6,59
8,53,1,6,9,48
1,93,1,5,8,71
1,86,0,8,9,62
2,53,0,4,2,28
6,87,1,9,2,78
9,94,1,7,5,93
4,68,1,9,7,53
3,86,0,8,0,67
8,58,0,5,3,48
9,66,1,4,7,62
5,48,1,6,5,31
9,76,1,7,1,73
2,76,1,8,7,54
3,82,1,8,0,62
7,67,0,8,0,58
7,91,1,8,6,85
6,96,0,4,9,84
6,63,1,6,2,51
2,67,1,5,7,47
6,75,0,7,8,66
4,91,0,8,7,75
3,57,1,9,0,37
2,64,0,8,0,37
1,74,1,6,5,46
5,43,0,6,0,27
2,53,0,4,7,29
2,78,1,4,5,52
7,65,1,9,4,57
8,47,0,9,5,42
8,63,1,4,3,56
4,55,0,7,0,36
1,59,0,9,6,34
7,54,1,4,9,47
1,46,0,8,8,21
4,97,1,4,3,77
8,56,1,7,3,51
2,61,0,4,8,40
6,61,1,4,3,51
6,93,0,8,9,81
9,51,0,9,3,46
5,57,1,8,7,44
4,95,1,8,3,79
5,85,0,4,8,69
5,86,1,8,7,71
8,54,0,6,4,46
8,76,0,5,8,70
2,55,0,5,7,31
7,44,0,8,9,36
8,41,0,9,3,35
6,91,1,7,3,80
5,67,0,8,0,52
9,96,0,9,3,94
3,80,0,8,7,63
4,93,0,4,4,74
9,66,0,9,5,66
6,70,0,7,3,55
8,80,1,8,4,75
7,75,1,6,9,67
2,86,0,9,7,65
3,82,0,5,8,61
1,40,0,9,2,14
9,89,1,6,9,87
7,68,0,6,3,61
1,40,0,6,0,13
3,47,0,7,4,28
4,96,0,7,3,79
4,55,0,9,5,39
5,97,0,7,5,83
3,67,1,5,9,49
3,61,0,4,5,39
1,57,0,9,2,31
7,61,0,8,6,50
1,80,0,8,2,54
2,51,0,9,5,29
4,58,0,4,9,40
4,64,0,8,0,46
5,89,0,9,7,79
2,98,0,9,6,74
4,44,1,6,8,24
1,98,1,5,2,72
2,73,1,8,7,48
1,78,0,5,1,50
4,98,1,9,8,83
4,49,1,4,0,31
7,86,1,9,9,80
9,96,1,8,6,96
9,46,0,5,9,44
5,99,1,6,0,83
1,76,1,6,5,50
1,86,0,9,0,60
6,91,1,4,3,79
2,99,0,7,6,80
8,91,1,8,1,85
9,54,1,9,2,52
4,81,1,6,3,67
5,63,0,6,5,48
8,65,1,4,8,56
3,65,1,6,3,43
5,85,0,8,5,71
3,65,1,4,6,44
3,97,1,5,3,74
3,49,1,4,5,28
7,56,1,8,2,47
7,92,1,8,4,82
7,53,0,5,9,44
8,41,0,9,3,35
5,87,0,4,6,72
5,52,1,8,5,38
4,66,1,8,6,50
7,48,1,5,5,38
4,46,1,7,1,28
2,87,1,4,6,64
4,49,0,8,7,35
8,95,0,6,6,86
9,93,0,5,3,90
3,48,1,7,3,25
7,61,0,7,4,54
9,62,0,5,8,58
4,46,0,7,4,28
3,87,0,8,1,67
5,48,1,7,4,34
1,66,1,4,2,36
3,63,0,6,9,40
8,68,0,8,7,64
8,56,0,5,9,51
4,59,0,6,9,42
2,46,0,9,1,23
8,82,0,8,3,75
8,79,0,6,4,73
4,46,0,7,3,28
3,67,0,9,4,49
2,58,1,5,9,32
9,59,0,5,3,55
1,83,1,4,2,56
7,78,1,7,0,71
5,79,0,4,3,63
8,46,0,4,8,39
4,45,1,7,0,25
7,64,1,8,6,54
5,80,0,9,2,66
5,98,1,4,7,81
9,52,0,6,5,48
9,78,0,9,0,75
9,79,1,8,9,78
6,61,0,7,4,50
6,88,1,5,7,77
5,56,0,8,2,41
9,87,0,4,3,79
8,61,1,6,6,56
7,73,1,9,5,66
7,47,0,7,6,38
6,88,0,5,8,76
5,84,1,9,8,72
4,57,0,6,1,39
3,63,1,5,2,45
3,99,1,7,3,77
6,93,1,9,5,83
4,99,0,8,4,83
6,81,1,4,5,68
3,41,0,7,7,18
4,41,1,6,1,22
9,66,0,8,5,63
5,53,0,9,8,41
7,87,1,5,4,78
2,78,1,8,0,58
5,92,1,8,7,79
9,92,0,6,3,88
3,95,0,4,7,74
9,51,0,8,3,49
6,71,1,8,7,61
4,67,1,4,8,49
7,94,1,4,4,87
8,67,1,5,4,60
6,85,1,9,1,72
5,64,0,5,8,49
6,43,1,4,3,30
5,65,0,7,2,53
8,75,1,4,1,66
1,89,1,5,2,63
7,42,1,6,3,33
2,40,1,6,8,17
9,56,1,9,5,54
1,46,0,8,9,21
6,87,1,6,4,76
9,44,0,5,8,40
1,58,0,6,7,32
4,78,0,7,5,58
4,85,0,4,2,66
9,73,1,4,6,71
5,74,1,5,9,60
5,88,1,8,5,73
6,55,1,4,7,43
1,79,1,6,5,53
1,89,0,7,9,63
9,86,1,8,3,84
3,78,1,8,9,60
4,66,0,8,6,49
1,80,1,4,6,54
9,77,1,9,7,73
8,89,0,8,1,83
2,89,1,5,5,66
8,64,0,6,2,58
7,65,0,9,7,57
6,95,1,7,3,84
1,53,0,6,3,26
7,53,1,5,1,40
7,53,1,5,5,43
9,64,1,9,5,62
1,75,0,6,0,47
2,43,0,4,7,18
9,86,0,5,2,85
9,54,0,8,0,50
6,71,0,7,9,60
6,57,0,7,0,44
4,53,0,5,0,33
4,97,0,8,4,83
5,40,0,6,4,26
3,81,0,7,0,63
1,59,0,8,4,32
1,49,1,8,6,23
7,49,0,4,4,38
1,98,1,5,8,75
1,63,1,8,3,40
3,73,1,6,8,54
4,67,1,7,7,49
4,66,0,4,0,46
2,79,1,6,3,56
1,40,1,7,6,14
3,72,1,5,0,49
4,43,0,6,7,27
3,46,1,7,1,25
8,48,1,4,7,41
1,55,0,7,3,26
2,44,0,8,7,24
7,73,0,4,0,64
4,99,0,6,4,84
8,62,0,9,8,57
3,82,0,5,6,60
6,89,0,4,2,76
9,64,0,4,3,59
1,96,0,4,9,67
1,90,1,7,6,65
8,52,0,8,5,48
3,63,1,9,3,44
5,50,1,5,2,34
1,91,0,5,1,67
5,90,0,8,9,77
6,56,0,7,8,45
8,76,0,7,2,70
3,52,1,8,6,32
3,66,1,8,0,46
9,59,0,6,7,57
4,72,1,7,0,55
4,81,0,4,1,62
7,71,1,5,0,60
2,47,1,7,3,27
8,95,0,8,1,89
6,68,0,4,0,53
3,79,1,6,0,61
9,58,0,9,1,55
5,45,1,6,5,30
8,83,0,4,1,72
7,99,0,4,1,91
8,78,0,8,7,73
7,87,0,9,4,82
3,80,0,8,7,60
2,60,0,5,7,36
7,96,0,9,1,88
3,61,1,9,6,41
3,81,0,5,8,58
2,49,1,6,7,25
4,49,0,4,8,30
8,91,1,6,7,86
1,68,0,8,3,40
1,55,0,7,9,33
5,40,1,8,6,23
5,56,0,7,8,42
1,69,0,4,8,42
6,65,0,4,3,51
1,92,0,9,6,68
5,85,0,4,5,69
9,58,1,5,2,54
5,92,0,5,9,76
6,60,1,7,5,49
8,56,1,6,7,50
1,85,1,9,1,60
2,79,1,6,2,56
9,60,1,7,7,56
3,92,1,5,3,70
6,80,1,8,3,70
5,79,1,9,1,65
2,84,0,7,9,65
7,88,1,6,0,79
4,58,0,7,6,44
1,99,1,7,3,71
4,46,1,4,5,27
6,56,0,5,7,40
7,40,1,9,6,32
7,76,0,4,6,65
7,96,1,5,5,85
3,45,0,7,3,24
6,65,0,5,3,52
8,41,1,6,8,35
4,98,1,9,4,81
8,71,1,4,8,65
2,96,1,9,8,78
9,87,0,7,3,83
9,93,0,6,1,91
8,44,0,5,1,37
1,76,0,5,8,47
2,70,0,6,8,48
6,51,0,5,2,36
5,74,0,4,4,57
9,69,1,8,4,69
5,87,1,5,1,74
2,45,1,7,1,21
4,54,1,5,9,37
9,54,1,9,0,51
1,55,1,7,1,26
1,59,1,5,6,34
7,52,1,5,0,44
3,83,0,7,0,62
2,81,1,4,8,58
9,85,1,8,1,82
3,70,1,8,3,51
2,73,0,4,2,51
8,68,1,5,3,58
6,42,0,8,6,29
6,48,0,4,9,33
7,50,1,4,1,36
7,50,0,8,1,41
6,64,1,7,8,51
4,61,1,6,5,43
9,81,1,7,6,81
6,97,0,5,4,84
4,85,1,7,4,68
3,48,1,9,3,28
4,59,1,6,7,40
3,98,0,6,6,78
2,60,0,4,9,35
5,49,0,9,1,34
2,61,0,5,1,36
6,68,1,4,5,55
3,48,1,7,0,26
6,44,0,7,6,34
9,79,1,8,7,78
1,50,0,4,9,20
6,40,1,9,7,31
9,92,1,4,2,89
4,81,0,4,6,63
2,40,0,4,0,13
4,97,1,6,2,81
1,93,0,8,5,70
3,78,1,5,8,58
9,99,1,5,4,96
5,85,1,5,4,70
6,44,1,6,8,33
3,88,0,8,8,72
5,61,1,9,5,45
8,65,1,8,4,61
6,92,1,6,9,85
4,45,0,9,1,29
2,71,1,4,7,48
9,87,0,7,7,83
1,50,0,4,6,24
1,49,0,5,7,22
4,86,0,4,2,67
7,78,0,6,2,68
1,94,0,5,1,69
9,73,0,7,0,69
4,70,1,9,2,54
3,51,1,9,2,28
1,90,0,5,6,66
4,83,0,4,9,65
9,55,0,8,8,50
6,77,1,8,0,67
6,42,0,9,7,31
1,41,1,8,0,17
2,91,1,5,2,64
6,44,0,8,3,32
2,50,1,6,7,27
3,97,0,9,0,76
4,64,0,7,1,46
5,74,0,8,4,62
9,74,1,6,5,71
4,61,0,6,4,40
9,76,1,5,2,72
3,61,0,9,9,42
8,94,0,5,6,90
1,50,0,7,0,23
9,71,0,7,1,67
9,74,0,4,8,68
2,70,1,7,3,49
4,84,0,9,7,67
8,92,0,9,8,88
7,47,0,5,6,37
1,59,1,6,0,32
5,81,0,4,4,63
7,73,0,7,5,62
4,43,0,6,7,23
1,57,0,5,9,31
9,90,1,8,7,89
5,43,0,4,8,26
2,59,1,9,8,40
8,97,1,6,3,94
2,48,1,5,5,25
3,55,1,5,2,34
1,65,0,4,0,39
2,77,0,4,5,53
7,64,1,7,0,57
2,43,1,7,8,18
6,80,1,9,5,73
3,98,0,9,0,76
4,84,1,4,2,65
8,80,1,4,0,74
3,77,1,6,1,56
6,92,1,7,5,81
1,58,1,5,6,32
7,53,0,7,0,43
8,60,1,7,9,58
8,54,0,4,4,44
3,42,0,4,5,20
1,76,0,7,3,50
9,92,0,8,5,90
6,89,0,8,4,78
9,85,1,9,6,83
7,55,0,7,3,46
1,53,0,8,0,25
1,48,1,9,1,21
6,86,0,9,5,76
5,46,1,7,9,29
9,53,1,9,1,50
2,45,1,4,4,20
8,60,1,4,3,54
5,54,1,4,6,40
2,91,0,5,3,67
6,47,1,4,6,34
8,73,1,4,7,67
4,79,0,7,6,62
2,40,0,8,1,16
5,71,0,8,0,56
2,97,0,4,4,73
2,88,1,4,6,65
6,90,0,4,0,79
9,44,1,9,7,39
4,69,0,7,2,51
6,61,0,7,6,51
7,59,0,7,2,49
6,55,0,8,3,42
8,46,0,5,7,42
4,46,1,8,1,31
1,89,1,7,5,66
7,89,1,6,9,83
3,41,0,5,8,19
6,86,1,4,9,75
2,53,0,9,8,34
9,70,0,8,4,67
1,89,1,9,2,64
6,80,1,5,5,68
6,53,0,6,8,38
5,44,0,5,5,28
5,50,1,8,3,36
1,79,0,7,4,54
5,44,1,4,6,27
2,68,1,7,9,44
7,50,0,7,2,40
3,44,0,8,8,24
4,88,0,7,0,70
3,93,0,7,7,74
3,71,1,8,4,55
4,75,0,8,9,59
5,54,1,6,8,40
1,58,1,7,1,32
4,61,0,5,0,44
8,73,1,4,9,67
7,95,0,9,6,88
9,56,0,4,9,50
5,51,1,8,8,41
4,64,1,9,4,48
8,95,1,8,3,87
9,56,0,6,3,52
7,49,0,7,7,40
7,67,1,8,0,58
5,96,0,8,0,81
4,57,0,4,7,38
1,90,1,7,1,63
7,57,0,6,9,48
1,84,1,8,5,59
1,71,1,8,1,44
5,53,1,8,4,41
9,95,0,4,2,90
6,55,1,8,6,46
3,89,1,8,8,69
3,97,1,4,1,73
7,57,1,8,6,52
6,55,0,7,7,43
9,56,1,7,9,52
6,46,0,4,7,34
5,51,1,7,6,37
7,73,0,9,3,65
1,49,0,9,3,25
7,44,0,9,9,37
3,60,0,6,8,40
9,42,1,8,9,40
6,58,1,6,8,47
9,84,0,7,4,79
5,83,0,4,6,64
7,74,0,9,6,66
4,45,1,4,8,27
7,53,0,6,6,44
1,43,0,7,7,19
7,84,1,8,6,77
8,90,1,7,3,85
5,57,1,9,1,42
2,68,1,7,2,45
5,74,1,4,6,61
6,91,1,5,8,80
2,77,0,9,1,53
6,55,0,8,6,45
6,59,1,9,3,48
1,63,0,9,6,38
1,74,1,8,4,49
3,83,0,9,6,64
3,90,1,4,5,71
4,58,1,7,1,40
2,95,0,4,6,73
9,43,0,7,4,37
7,72,1,5,8,63
7,41,1,9,0,30
6,52,1,5,0,37
3,97,1,6,1,77
6,84,1,7,7,74
8,69,1,4,8,63
8,73,0,4,6,66
9,69,0,9,0,65
1,90,0,4,6,63
1,93,0,6,7,67
3,63,0,8,6,41
3,87,1,4,4,63
8,83,1,9,6,80
1,72,0,5,9,49
2,80,1,4,1,55
2,88,0,4,8,64
3,49,0,4,1,23
6,57,1,9,1,45
1,58,1,8,4,33
2,46,0,4,7,22
1,96,0,8,5,68
5,58,0,8,8,44
7,63,0,6,5,57
8,54,1,5,4,47
1,80,0,4,0,52
7,81,1,4,7,72
5,62,0,4,2,45
1,91,0,8,1,65
3,91,1,7,6,72
7,43,1,5,1,33
1,77,1,9,0,49
7,43,1,4,1,31
5,44,1,7,5,28
1,80,0,7,1,53
1,83,0,7,0,54
1,62,0,5,0,32
9,79,1,7,3,74
3,92,1,9,7,71
5,76,1,4,5,58
9,50,0,9,3,50
6,94,1,4,5,84
9,50,0,6,5,46
8,52,0,8,8,50
8,53,0,7,3,48
1,99,1,9,5,75
9,47,0,8,9,45
6,64,0,8,0,49
9,57,0,8,6,54
3,90,1,8,6,71
3,83,0,8,0,63
6,83,1,4,7,69
9,57,1,5,4,53
7,49,0,7,8,41
3,46,0,7,7,26
3,99,1,4,2,78
2,89,0,9,0,64
9,83,1,4,2,76
3,53,1,8,1,33
5,54,1,5,1,38
9,55,0,7,3,48
8,41,1,9,1,33
2,69,1,6,7,46
3,69,0,4,4,47
2,57,0,6,0,30
8,70,1,7,5,66
6,83,1,4,6,73
6,87,1,7,0,75
9,52,0,4,2,47
8,59,1,9,8,55
4,88,1,7,6,74
4,89,0,6,3,73
9,74,0,5,5,70
1,62,1,9,5,37
2,81,0,9,2,61
2,72,1,4,1,47
6,77,1,6,4,65
4,74,0,7,7,60
3,90,1,6,2,69
3,75,1,9,4,59
3,59,0,4,2,37
6,94,1,6,6,83
8,42,0,7,5,33
7,47,1,8,5,40
4,79,0,9,0,62
4,98,0,5,1,79
2,71,0,5,5,47
1,68,0,9,7,43
9,46,0,8,4,45
2,41,0,4,1,15
8,60,1,6,4,52
9,45,1,6,8,39
4,67,0,8,5,48
8,87,1,8,4,81
9,81,0,7,9,81
5,75,0,7,5,64
7,71,1,5,8,64
4,84,0,4,6,64
1,81,1,4,9,55
3,92,0,8,2,69
5,85,0,5,9,73
3,48,1,5,9,28
7,50,0,7,4,41
9,62,0,6,3,58
6,89,0,4,4,76
1,50,1,5,7,24
7,88,1,7,5,80
3,41,1,7,3,20
5,42,1,7,4,27
4,50,1,6,6,36
5,89,0,5,7,75
5,98,1,8,4,86
6,74,1,8,1,65
6,97,0,7,5,86
8,54,0,7,8,48
8,82,1,6,2,74
9,50,0,7,6,47
8,70,0,9,7,68
2,67,0,5,5,40
1,67,1,7,2,40
2,71,0,7,0,48
2,64,0,5,2,38
3,59,1,4,5,38
7,67,0,9,3,57
2,64,0,9,0,40
1,50,1,8,5,25
6,58,1,7,0,45
9,67,1,5,7,64
3,40,0,8,2,21
6,98,1,6,2,83
3,44,1,4,0,22
1,49,0,7,2,25
5,81,0,4,6,62
4,85,0,7,9,69
7,73,0,7,7,62
6,75,0,7,7,62
7,41,1,4,2,30
5,57,1,9,4,45
4,52,1,6,0,30
7,90,0,9,8,86
7,44,1,5,7,37
6,59,0,5,9,47
8,41,0,9,1,35
4,50,1,6,9,30
5,69,1,6,0,54
4,71,0,7,3,53
1,71,0,7,8,46
8,97,1,5,7,92
1,89,1,7,2,63
5,77,0,7,9,63
6,94,0,6,5,82
6,67,0,4,8,56
5,49,0,9,9,35
3,61,1,8,7,42
5,94,1,8,9,82
8,56,0,7,4,49
2,61,0,7,8,37
6,82,1,9,8,73
9,58,0,8,2,55
8,56,0,6,7,50
8,63,0,8,3,55
8,75,0,8,9,70
7,71,0,8,6,65
8,97,0,7,9,92
6,95,1,7,7,85
2,97,0,9,6,78
2,85,1,8,4,63
8,98,1,7,0,92
1,91,1,9,7,67
6,75,0,8,4,65
6,67,0,6,2,57
4,53,0,7,1,35
3,97,1,4,2,75
3,75,1,9,8,55
1,45,0,7,1,19
3,48,0,6,9,28
4,60,1,6,0,40
5,51,1,7,1,38
3,97,1,5,1,76
6,69,0,9,4,58
5,70,1,8,0,56
3,79,1,8,9,64
6,95,1,6,7,84
6,43,0,7,1,27
8,70,0,5,5,63
2,66,0,9,4,45
1,97,1,4,1,70
4,96,1,8,9,81
7,64,1,9,0,56
3,44,1,9,5,22
3,45,0,5,5,23
5,44,1,9,2,29
5,90,1,8,7,78
3,66,0,7,8,46
9,47,1,8,2,42
4,48,1,4,8,33
3,54,1,7,7,32
2,75,0,6,4,53
9,96,1,5,5,91
4,80,0,8,0,62
3,46,1,7,4,24
7,71,0,9,9,64
8,47,0,7,9,38
2,86,0,8,6,66
7,90,1,6,0,81
5,54,1,8,9,41
5,76,0,6,8,60
3,58,0,9,6,40
5,78,1,8,3,66
2,45,0,7,3,18
4,98,1,4,9,81
6,58,1,4,6,47
1,96,0,9,5,71
4,67,0,7,2,49
6,56,1,4,8,44
9,81,1,9,5,78
2,58,1,6,1,34
7,70,0,7,9,62
6,50,1,6,1,37
2,54,0,7,0,32
8,49,0,6,4,42
7,82,1,6,9,74
5,62,0,4,5,46
5,42,0,7,2,26
7,42,0,8,3,33
9,57,0,4,4,53
9,64,1,6,3,58
9,82,1,6,8,79
6,59,0,8,2,47
6,97,0,8,4,84
3,68,0,6,6,49
1,61,0,8,6,39
7,89,0,5,5,80
4,96,1,4,8,77
1,54,1,7,6,30
8,78,1,8,3,74
6,49,1,8,9,40
6,60,0,5,8,45
2,94,0,7,5,74
1,91,1,5,0,64
2,68,1,7,8,44
4,71,1,4,6,53
2,49,0,8,5,26
1,52,0,4,5,26
7,86,0,7,3,76
8,62,1,8,3,54
6,89,1,5,2,77
4,62,0,6,7,44
6,70,0,5,7,59
3,43,0,6,1,22
8,91,1,5,4,82
2,88,0,7,8,66
5,99,0,4,8,81
1,42,1,6,6,16
6,60,0,7,3,48
2,92,0,4,3,67
4,41,0,4,9,22
6,43,0,8,6,31
8,40,1,8,2,36
8,54,0,8,2,48
6,96,1,6,4,83
4,72,0,6,5,54
8,45,1,4,7,38
8,46,0,6,0,40
1,58,0,4,6,31
4,83,1,7,7,67
4,40,0,5,4,21
7,78,0,4,9,68
7,58,1,4,1,47
8,84,0,7,3,78
5,65,0,8,5,51
7,83,0,9,8,75
8,51,0,8,1,44
9,61,0,8,3,55
3,52,1,4,9,33
3,67,1,4,4,43
4,53,0,6,7,35
5,61,0,6,7,46
1,69,1,5,1,42
7,83,1,5,5,75
9,59,1,9,5,57
8,83,1,6,4,74
5,66,1,4,7,49
4,77,1,7,9,62
7,98,0,6,1,88
5,81,0,4,1,61
7,91,0,6,6,81
1,95,0,8,8,70
1,80,0,6,2,53
3,73,1,9,6,52
2,78,1,8,2,56
2,80,1,4,5,57
7,96,1,8,2,88
2,83,1,6,0,58
4,76,1,8,5,60
2,40,0,9,2,17
6,93,0,7,0,81
8,54,1,8,4,49
4,71,0,9,7,52
5,47,1,8,7,34
4,72,0,5,7,54
3,57,1,7,2,37
5,84,1,4,7,69
9,68,0,9,3,64
8,71,1,8,7,67
8,72,0,7,2,65
8,44,0,4,2,36
8,57,1,7,0,49
7,87,1,9,7,80
8,97,1,5,7,91
8,49,0,9,8,47
8,75,0,9,5,73
7,72,1,4,1,62
1,62,1,4,0,34
4,79,1,8,7,60
4,44,1,6,9,27
5,73,1,9,3,60
6,63,1,4,6,51
4,56,1,9,9,42
2,70,0,9,3,50
6,46,0,4,0,28
8,56,1,5,7,50
8,67,1,5,9,61
7,77,0,9,8,70
6,61,1,5,9,50
2,54,0,9,8,29
7,76,0,8,8,68
5,54,1,4,3,38
6,89,0,9,8,82
8,89,0,5,3,84
8,64,1,5,1,55
3,92,1,7,9,77
7,60,0,7,2,53
1,94,1,5,1,67
1,77,0,8,0,48
7,41,0,6,5,31
9,66,0,9,3,62
7,88,0,7,6,80
5,71,0,9,6,58
8,60,0,7,9,55
2,43,1,4,0,18
9,83,1,4,8,80
6,58,1,5,7,48
9,41,1,4,9,34
2,65,0,4,0,40
3,73,0,6,7,56
8,53,0,8,4,44
1,54,0,5,0,26
7,59,0,6,3,49
7,73,1,5,6,64
1,75,1,8,4,48
9,58,1,5,2,54
8,48,0,9,3,42
4,46,0,9,1,29
5,69,1,9,7,56
2,52,0,4,1,28
9,66,0,8,5,63
6,83,1,6,6,72
3,74,0,6,6,54
7,52,1,7,0,42
9,54,1,6,7,51
3,85,1,9,8,67
2,95,1,9,6,77
7,48,0,7,7,39
7,84,0,4,3,74
4,62,0,6,7,44
9,93,1,8,2,91
8,75,0,7,0,68
1,92,1,6,7,64
1,79,0,4,5,52
5,42,0,8,8,30
6,73,1,8,2,62
3,58,0,4,7,36
9,67,1,6,8,65
6,62,1,5,8,51
4,79,0,6,6,61
7,88,0,7,9,82
8,84,0,7,2,78
9,46,0,6,2,41
6,80,1,9,1,68
6,51,1,7,0,39
8,53,0,5,1,45
5,85,0,9,4,71
3,54,0,5,0,29
3,42,1,8,9,23
6,54,0,7,3,42
2,90,1,9,9,68
6,63,0,6,9,49
6,91,0,9,0,82
8,85,1,8,9,81
7,47,1,5,7,38
8,44,0,8,4,38
9,90,1,4,9,84
6,43,1,7,3,31
3,53,0,6,2,31
3,55,1,5,8,38
1,59,1,8,5,34
5,63,0,6,0,49
4,45,0,7,7,27
9,94,1,6,9,92
9,96,0,7,1,90
5,70,1,7,8,59
4,45,1,7,6,29
7,74,1,8,2,68
6,54,0,7,3,42
4,68,1,6,2,50
2,42,1,4,5,18
1,50,1,6,8,27
4,42,0,8,9,27
4,67,0,7,8,51
1,49,0,4,0,20
6,89,1,8,9,80
4,72,1,5,5,53
1,87,0,5,0,59
1,55,1,5,3,26
1,98,1,4,6,69
8,49,1,6,3,44
8,72,1,4,8,68
2,75,0,4,9,51
7,42,0,4,4,31
8,44,0,5,8,35
8,51,1,9,0,45
7,96,1,6,3,88
5,83,0,9,6,69
1,52,0,9,1,23
9,63,0,4,8,59
7,83,1,6,2,75
2,96,0,9,3,74
6,71,1,7,3,57
2,55,0,4,7,31
1,71,1,4,1,43
7,84,1,4,4,71
2,76,0,7,1,49
2,95,1,7,5,75
5,75,1,5,8,63
5,60,0,8,8,46
7,86,0,6,0,76
1,51,0,8,3,22
8,90,1,4,3,83
3,60,1,9,0,40
4,99,0,4,9,81
9,90,0,9,1,87
4,60,1,5,5,42
5,82,0,8,9,69
7,92,0,4,2,82
4,45,1,8,8,28
1,48,1,5,2,18
9,40,0,8,2,35
4,51,1,9,8,35
9,97,1,6,2,91
6,53,0,5,5,38
1,45,0,8,5,16
3,40,0,4,0,17
2,61,1,7,6,41
9,73,0,7,8,71
1,95,1,5,8,72
9,50,0,7,8,45
9,42,1,6,1,41
8,81,1,5,0,71
8,45,0,4,5,37
1,45,1,4,5,18
8,59,0,5,3,54
3,60,0,7,7,43
7,41,1,7,4,32
1,65,1,4,6,39
1,70,1,6,8,45
5,65,0,9,0,48
5,95,0,7,8,81
8,71,0,6,3,64
7,49,0,7,6,43
8,62,0,9,3,56
6,97,0,5,3,84
6,45,1,8,3,32
2,62,0,4,5,36
6,67,0,5,4,57
5,88,0,7,1,73
3,69,0,9,8,51
6,53,1,4,5,43
8,76,1,8,9,74
9,94,1,8,5,92
1,71,0,9,8,47
3,88,0,9,0,67
3,73,0,7,6,51
8,80,1,4,2,74
1,83,0,7,3,57
5,90,0,8,0,75
3,61,1,5,2,40
2,70,1,5,6,47
8,46,0,6,5,39
3,80,1,8,0,58
7,60,0,8,8,52
1,55,0,7,3,28
6,59,1,6,6,47
3,82,0,9,3,66
8,83,1,6,6,75
6,86,1,4,4,77
2,89,0,7,0,65
6,58,1,9,3,47
7,87,0,9,2,78
5,71,0,5,5,56
3,54,1,4,5,34
4,44,1,6,0,25
4,50,1,5,1,28
6,54,0,8,1,41
1,68,0,7,9,43
4,89,0,6,3,72
4,84,0,8,8,71
1,43,0,9,1,19
9,88,0,6,7,85
4,75,0,5,0,54
7,87,1,4,7,76
3,62,0,5,2,40
3,54,0,7,4,36
8,85,1,7,0,76
8,83,0,6,0,76
1,42,0,5,5,15
2,71,1,4,2,44
8,49,0,9,7,44
1,79,1,7,3,53
8,77,0,4,5,72
8,61,0,8,9,56
2,53,1,6,8,30
4,56,1,4,7,36
6,60,0,6,3,49
9,90,0,8,9,88
8,87,1,4,7,81
8,54,0,4,6,49
7,97,1,9,4,88
9,54,1,8,6,52
2,40,1,5,6,19
3,63,0,4,9,45
8,94,0,9,1,92
6,94,0,4,6,82
9,51,1,9,2,51
4,49,0,7,7,31
8,85,1,5,7,79
3,81,1,4,8,61
3,81,0,8,3,60
8,91,0,6,9,86
5,70,1,8,2,56
3,50,0,5,8,28
1,93,1,7,8,69
3,55,0,7,1,34
9,48,1,7,5,46
5,86,0,9,2,72
2,53,1,8,4,31
7,58,0,6,1,48
2,70,1,6,3,47
4,48,1,9,2,33
7,75,1,4,1,66
4,92,1,9,5,77
7,78,1,6,2,72
7,93,1,6,3,87
1,65,0,4,5,41
6,47,1,8,4,36
9,63,1,8,3,61
2,47,0,5,3,22
3,58,0,8,1,36
5,86,1,7,9,75
9,87,0,7,3,84
4,69,0,5,7,52
1,97,1,6,4,74
4,61,1,5,9,44
6,94,0,4,9,82
5,48,0,5,7,30
1,97,0,5,5,71
4,97,0,9,9,81
6,83,0,7,4,73
4,87,0,4,3,68
9,43,1,9,9,40
5,76,0,4,8,61
8,47,1,5,9,41
9,40,1,9,4,35
5,67,0,9,9,56
6,45,1,4,5,31
1,86,0,4,6,59
7,75,1,8,0,68
4,92,0,4,8,71
2,50,1,9,7,27
5,44,0,6,4,28
3,89,1,4,2,70
6,63,0,7,4,51
8,86,1,8,4,81
7,57,1,7,8,48
3,59,1,7,6,37
8,67,0,6,1,58
2,52,0,8,4,32
9,44,0,5,8,38
4,69,0,9,1,55
1,40,0,9,7,15
8,61,1,4,2,53
7,57,0,9,3,49
5,85,0,6,1,69
5,44,1,9,8,31
7,70,0,6,5,58
5,45,0,5,8,32
8,66,0,6,7,58
6,95,0,5,8,83
5,64,0,5,4,50
9,68,0,5,5,65
2,67,1,6,6,44
1,55,0,5,4,28
8,93,0,6,0,86
3,92,0,8,8,72
7,51,1,5,1,40
8,59,1,6,6,53
6,57,1,6,7,46
9,73,1,6,7,70
7,94,0,4,0,83
5,92,1,4,9,78
8,62,0,5,6,55
2,84,0,9,8,63
7,66,0,8,2,57
4,88,1,9,7,73
9,56,0,5,7,51
1,87,1,7,8,61
7,60,0,7,7,49
6,89,1,8,4,81
8,79,1,8,4,74
5,70,0,8,2,55
1,42,0,4,5,14
1,56,0,4,9,26
9,89,1,7,2,86
6,97,1,8,1,87
5,65,1,6,6,51
1,62,0,9,9,38
6,45,1,7,2,34
6,67,0,8,3,52
3,47,1,6,9,28
8,94,1,8,7,93
1,97,1,5,0,73
1,84,0,6,8,58
6,47,0,9,5,36
1,58,0,5,1,30
6,77,1,4,2,64
1,68,1,7,4,45
6,62,1,8,5,50
3,86,1,7,8,68
8,71,0,9,1,63
6,49,1,8,4,41
1,66,1,5,6,37
5,88,0,6,6,73
8,40,0,6,3,33
3,78,0,8,2,57
6,68,1,5,7,56
5,98,0,8,1,85
6,84,1,8,4,73
1,42,0,8,9,17
7,90,1,6,4,81
9,86,1,9,0,84
2,76,1,8,6,57
5,70,1,6,3,53
4,50,1,4,9,35
6,61,1,5,1,48
6,57,0,4,7,41
2,74,1,8,3,50
2,45,1,6,0,21
4,42,1,5,7,24
1,44,1,7,6,18
9,48,0,5,2,43
7,67,1,5,2,57
7,58,1,8,6,50
3,67,0,4,1,45
3,66,1,4,4,46
1,52,0,7,6,26
3,77,1,8,5,60
3,82,1,5,9,61
4,92,0,9,6,77
4,60,0,4,1,43
3,66,0,4,6,42
8,85,1,6,1,78
8,45,0,5,6,38
1,77,0,8,7,54
7,88,1,4,9,79
2,50,1,8,7,28
1,86,1,5,4,60
3,80,0,5,6,57
4,92,1,4,7,72
6,56,0,7,3,44
5,95,0,8,1,81
4,78,0,8,6,61
8,46,0,6,0,38
4,69,1,5,1,50
2,60,1,5,9,37
3,40,0,4,6,18
6,64,0,4,9,49
8,71,1,4,0,66
8,98,1,6,6,93
9,96,0,7,4,95
7,47,0,4,2,35
2,44,0,4,1,18
8,69,0,9,6,64
7,90,0,4,8,81
8,47,1,6,8,41
3,88,0,8,9,69
7,58,1,7,9,49
9,83,0,8,7,81
3,98,1,9,1,79
6,94,0,5,0,81
2,69,1,5,7,46
2,54,1,4,1,30
5,75,0,9,3,61
5,94,0,8,3,80
7,83,1,6,1,72
2,66,1,7,3,42
7,52,1,8,6,45
5,53,0,9,5,39
6,76,1,9,9,65
8,93,0,8,5,87
4,87,0,7,3,70
7,69,0,8,1,60
6,78,0,8,4,67
2,86,0,7,2,63
8,52,0,6,2,42
9,97,1,9,3,96
5,55,1,7,4,41
4,83,0,4,1,64
6,46,1,4,5,33
8,87,1,4,5,80
3,94,0,4,7,74
1,94,1,5,1,67
4,66,0,6,7,50
4,84,0,5,7,64
1,94,0,8,3,69
9,74,0,8,6,72
3,54,1,7,6,32
5,67,1,4,0,54
6,74,0,7,0,61
8,46,1,8,7,44
6,89,0,4,0,73
3,85,0,9,2,63
6,89,1,6,5,78
1,90,1,8,7,66
4,85,0,9,4,68
6,59,1,7,4,48
7,71,0,9,3,64
3,77,0,7,3,58
9,79,1,8,6,76
7,71,0,5,5,59
1,65,1,6,7,41
2,97,0,9,5,73
1,78,0,9,9,54
9,59,0,8,6,56
9,57,0,8,9,55
7,89,0,7,9,81
3,54,1,4,4,30
5,91,0,4,5,73
4,61,1,4,0,42
7,90,1,7,2,83
9,61,1,4,7,55
2,92,0,8,2,67
8,60,1,5,0,53
9,41,1,5,2,39
9,79,1,5,3,75
7,92,0,4,7,86
9,82,0,5,8,79
9,57,0,9,3,54
3,62,0,4,6,43
4,52,1,9,0,34
2,80,0,8,8,58
3,48,1,9,3,31
5,88,0,8,8,75
5,46,1,7,2,29
6,80,0,7,4,71
7,93,0,9,0,85
7,40,0,6,2,30
1,41,0,8,4,15
2,43,1,4,5,21
9,53,0,6,7,49
2,71,0,8,0,48
6,75,0,4,2,59
1,41,1,8,0,15
3,79,0,8,4,62
2,89,0,4,7,65
3,90,1,8,3,73
5,53,1,8,8,40
6,59,1,8,5,48
9,64,0,7,5,59
4,81,1,5,4,65
7,88,0,8,9,82
6,47,1,4,4,34
2,67,0,9,6,42
8,85,1,8,7,83
7,60,1,7,6,52
7,62,1,7,0,56
8,71,0,9,0,67
1,47,1,8,9,25
1,70,0,6,5,44
8,76,1,9,2,71
4,55,1,5,8,38
5,79,1,4,6,61
8,81,0,4,1,73
5,66,0,4,2,49
4,79,0,4,7,61
6,80,1,7,0,69
5,57,0,5,4,40
7,74,0,8,9,65
7,88,1,8,0,80
4,91,1,6,8,73
5,54,0,8,6,40
3,92,0,5,4,69
4,66,1,8,5,49
4,56,0,7,2,37
3,79,1,9,2,61
5,41,1,8,6,30
5,88,0,4,6,73
7,89,0,4,6,77
4,70,1,9,1,52
4,76,0,4,1,55
9,80,1,4,4,76
6,80,0,7,3,68
4,73,1,7,6,58
2,73,0,7,2,52
6,90,0,8,4,82
2,94,1,9,1,70
5,98,0,4,0,80
6,42,1,6,8,31
4,56,0,9,3,39
3,53,0,6,7,32
7,53,0,4,6,40
2,85,0,5,0,57
6,77,1,9,9,68
4,74,1,8,6,57
6,40,0,6,1,26
4,87,1,9,2,71
4,68,1,9,0,51
4,43,0,7,6,26
9,72,1,5,2,68
7,56,1,7,5,45
3,67,0,5,6,46
3,89,0,5,2,70
6,65,0,8,1,52
6,47,0,9,8,36
4,73,1,7,8,57
9,98,0,7,6,97
4,57,1,6,4,39
9,70,1,9,3,69
4,98,0,4,3,76
2,66,1,4,0,41
2,55,1,6,3,31
5,97,1,5,6,83
4,49,0,6,4,31
7,79,1,6,8,74
5,51,0,7,3,38
6,61,0,6,2,50
4,55,1,5,5,37
2,51,1,4,3,25
9,50,0,8,1,46
7,59,0,9,4,52
4,90,0,6,3,72
3,40,0,9,4,17
3,66,0,6,8,46
9,42,1,9,3,40
5,51,0,7,5,36
3,69,1,7,3,49
5,48,0,9,0,35
2,92,1,6,1,70
4,93,0,6,5,77
2,76,1,5,7,53
2,40,1,4,8,16
8,81,0,4,3,71
1,88,1,8,5,63
7,43,0,4,2,32
5,54,0,8,8,43
8,90,1,7,7,85
1,66,1,8,0,43
7,47,0,8,1,37
5,99,0,4,9,84
4,99,0,6,8,81
7,62,1,7,9,54
2,54,1,5,2,30
1,66,0,8,2,40
1,70,1,8,9,46
1,78,1,9,8,57
5,86,1,8,2,71
7,47,0,6,9,40
2,69,0,5,4,45
8,97,1,9,5,92
4,94,1,4,2,76
3,81,0,7,9,63
8,57,1,6,7,52
2,43,0,5,1,18
3,86,0,7,5,66
3,82,0,4,1,60
1,61,0,7,8,35
6,42,0,9,5,30
2,54,0,8,8,32
1,74,0,8,3,50
2,86,1,6,2,63
6,77,0,7,1,65
4,72,1,8,7,54
6,53,1,6,3,38
9,87,1,6,1,84
8,40,0,9,8,33
1,92,1,6,7,67
8,88,0,4,4,80
9,65,0,8,7,63
6,47,1,8,4,38
5,89,1,5,6,75
6,55,1,4,4,42
6,77,1,8,4,68
9,49,0,9,3,46
4,81,1,8,4,62
2,76,1,5,6,53
9,65,1,7,2,62
2,67,1,7,3,46
9,51,1,4,7,44
2,59,0,6,5,35
8,88,0,5,7,82
9,53,0,5,1,45
9,85,1,8,8,84
9,74,1,9,6,73
2,68,0,8,4,45
4,51,0,9,6,32
7,91,0,5,1,80
2,57,0,6,3,33
1,83,1,7,6,58
3,41,1,4,1,19
4,41,1,9,7,25
8,98,0,7,9,95
6,56,0,4,9,43
2,49,0,6,4,25
9,57,1,5,4,53
2,61,1,6,7,37
5,58,0,9,0,40
4,97,1,5,5,80
7,92,0,8,1,80
8,40,0,4,0,31
5,63,0,8,6,50
5,75,1,5,3,60
2,64,0,4,0,38
8,75,0,4,9,69
2,70,1,8,5,51
6,70,0,4,9,58
8,41,0,5,5,34
6,58,1,9,2,45
4,92,0,9,5,76
4,51,0,5,9,36
6,49,0,8,8,40
4,70,1,6,5,56
8,84,0,5,0,76
9,61,0,9,9,56
1,62,0,5,5,36
4,91,1,4,7,77
4,62,1,4,6,44
2,54,1,5,7,31
6,65,0,8,7,54
3,42,1,6,8,22
7,62,0,4,2,50
5,59,1,9,6,47
4,84,1,4,5,66
5,79,1,9,1,65
8,96,1,6,4,92
3,78,0,4,2,59
7,95,1,8,4,88
6,47,0,9,8,36
1,57,0,4,7,27
7,80,0,4,8,68
7,45,1,5,8,33
1,66,1,8,7,41
9,75,0,8,7,73
6,54,1,5,5,42
2,76,0,9,5,53
5,97,1,7,5,84
4,44,1,6,9,30
7,78,0,8,5,73
8,48,1,7,8,42
1,46,0,9,9,21
5,80,0,6,0,67
3,59,1,8,9,40
1,49,1,4,5,22
3,65,1,8,7,48
6,43,0,6,0,29
7,77,1,7,5,69
8,63,1,4,8,55
4,53,1,6,5,35
3,80,1,9,1,63
5,40,0,6,0,24
9,56,1,8,3,53
6,84,0,9,5,71
9,63,1,5,9,58
6,66,1,5,9,55
2,46,1,4,8,19
5,48,0,6,4,33
9,82,0,7,6,79
8,74,1,4,5,68
7,97,0,9,5,90
1,51,0,4,8,22
4,60,1,8,4,45
7,42,1,9,1,34
7,54,1,7,7,49
6,60,1,6,2,48
8,49,1,9,8,45
6,72,1,6,4,58
3,85,0,6,0,62
4,98,1,4,3,80
3,91,1,8,8,73
1,45,1,4,0,18
5,41,1,5,7,26
1,68,0,5,7,41
1,94,0,6,8,71
2,79,0,8,8,57
4,72,1,9,5,56
6,43,1,6,4,29
8,98,0,9,6,97
3,43,0,6,8,22
1,68,1,4,4,41
3,76,1,6,2,56
3,99,1,6,8,83
5,99,1,8,9,87
4,59,1,8,0,42
4,80,0,9,0,63
9,62,1,8,9,59
7,84,0,6,3,77
4,57,1,8,1,38
3,88,0,8,6,66
6,64,0,7,1,53
3,40,0,7,6,19
6,93,1,5,7,82
9,54,1,4,7,50
6,73,1,4,2,58
4,87,0,8,8,71
5,59,0,5,9,46
6,93,1,5,9,80
3,76,0,9,9,60
8,66,0,7,5,62
4,61,0,5,3,44
8,90,0,6,7,84
3,44,1,9,3,23
7,73,0,8,3,66
9,78,1,6,7,76
4,42,0,4,3,22
8,56,0,7,0,48
3,63,1,6,5,43
7,63,0,8,7,55
3,42,1,6,2,21
7,84,1,6,1,78
6,46,1,5,5,32
2,64,1,7,0,40
3,95,1,4,4,74
6,42,1,8,5,31
4,54,1,9,7,38
6,68,0,9,6,57
1,89,1,8,5,64
1,68,0,4,1,41
3,49,0,8,7,31
8,71,0,5,7,62
8,62,1,9,4,57
4,78,1,9,2,62
6,48,0,6,7,36
8,76,1,5,4,70
7,91,0,9,2,83
7,79,0,5,8,67
4,53,0,5,8,35
9,43,1,4,6,39
6,59,0,9,7,47
3,67,1,7,4,45
5,53,0,4,4,34
5,83,1,4,4,68
5,73,0,5,1,60
8,52,1,7,2,46
9,70,0,4,7,66
9,72,1,7,5,70
6,91,1,9,8,80
6,78,1,5,6,66
9,67,0,4,5,62
4,64,0,7,3,44
6,71,0,8,6,58
4,48,1,4,3,29
1,67,1,4,6,43
7,97,0,4,4,86
6,70,0,7,1,61
9,56,1,6,6,51
7,92,0,9,7,83
7,62,1,4,9,53
2,52,1,8,1,29
9,94,1,8,5,93
9,49,0,5,3,44
6,55,1,6,4,46
3,45,0,6,0,23
1,87,1,7,5,62
4,50,0,5,7,32
3,97,0,7,1,73
1,91,1,5,0,64
3,42,1,9,8,23
4,67,1,6,1,49
8,80,1,9,7,77
9,54,0,7,4,50
3,99,0,5,1,80
6,52,0,6,4,39
5,81,0,6,8,64
6,91,0,4,5,78
4,95,1,7,2,80
6,84,1,4,7,72
7,56,0,6,0,45
9,46,1,7,8,43
7,67,1,7,8,59
6,77,1,9,3,67
1,52,1,8,7,27
2,99,1,5,2,77
1,56,1,8,5,31
9,54,0,8,9,52
9,75,1,6,9,72
7,67,1,9,7,60
2,54,0,5,8,31
6,85,0,8,7,76
4,92,0,8,8,77
1,50,1,7,3,24
1,95,0,6,9,70
5,70,1,8,0,56
2,43,0,5,6,19
4,74,1,4,9,57
1,73,1,4,3,46
4,91,0,6,0,76
6,66,1,4,2,51
4,49,1,7,6,34
1,69,1,7,2,43
7,84,1,5,0,72
2,59,0,9,6,40
9,68,0,6,7,65
3,97,0,6,4,77
8,92,1,4,5,87
8,68,0,8,2,62
3,62,0,8,4,45
4,96,1,9,2,82
2,89,0,8,1,66
4,60,0,9,6,44
9,87,0,5,9,86
2,82,1,6,6,59
3,49,0,4,7,26
4,80,0,5,0,60
5,51,0,7,1,35
1,69,1,7,1,41
7,90,1,7,2,85
7,72,0,9,6,64
9,57,0,9,6,55
4,53,0,6,6,35
6,61,1,7,0,50
2,60,1,9,1,38
4,40,0,9,7,23
2,88,0,8,8,63
5,82,1,9,9,67
7,91,1,7,6,84
1,99,0,5,0,75
7,54,1,7,3,45
6,75,0,8,9,65
6,86,0,7,7,75
8,93,1,4,4,84
8,61,0,8,0,54
6,71,0,6,6,59
3,97,0,7,5,80
5,85,0,9,8,72
2,93,0,5,3,69
5,72,0,7,3,55
9,97,0,5,7,97
1,80,1,4,3,53
5,98,1,6,2,84
6,78,0,9,6,71
7,62,1,8,4,56
9,82,0,8,8,77
6,94,0,6,4,84
5,41,1,4,8,26
7,41,0,4,5,30
1,77,0,7,5,49
5,94,1,4,5,79
2,90,1,7,6,69
4,68,1,5,3,50
7,91,1,6,3,80
5,85,1,5,8,73
6,99,1,5,6,88
2,42,0,5,9,18
3,78,1,5,5,56
7,46,1,8,0,37
2,75,0,4,6,51
6,68,0,6,5,56
5,94,1,6,3,82
1,76,0,9,7,54
4,88,0,5,6,69
2,97,0,6,7,76
4,75,0,7,8,58
1,62,0,6,0,31
2,84,0,5,2,62
8,55,0,6,1,50
6,87,1,4,2,72
2,70,0,5,1,47
6,73,1,8,5,65
9,89,0,4,8,85
7,40,0,6,1,29
9,57,1,8,3,54
5,97,0,9,4,84
7,79,0,4,4,69
7,82,1,9,0,73
3,95,0,7,5,75
7,95,0,4,4,87
1,54,1,8,5,28
9,87,1,9,3,85
6,88,0,7,5,76
5,56,1,9,8,43
7,83,0,6,0,76
5,49,0,5,5,31
5,59,1,9,0,47
7,45,1,6,6,33
7,47,1,5,3,37
3,84,1,5,5,64
3,73,0,8,6,53
3,71,1,7,4,50
6,90,1,7,8,80
6,93,0,4,7,84
3,81,0,6,2,60
3,43,0,8,0,20
8,83,0,9,9,79
8,89,0,6,7,86
7,78,0,9,3,70
4,59,0,9,6,40
4,63,0,9,3,46
3,63,0,4,6,43
5,94,1,4,0,78
3,65,1,8,0,46
8,64,0,4,1,59
7,75,1,8,4,67
3,46,0,4,9,25
9,49,0,7,5,44
5,97,0,8,1,83
9,86,0,7,0,79
7,51,1,7,8,45
7,40,1,8,6,32
6,91,0,6,7,80
2,89,1,5,5,66
9,64,1,4,8,61
6,55,0,9,7,44
8,44,0,4,3,34
1,58,1,9,4,33
5,43,1,6,1,25
1,45,0,5,0,17
8,65,0,6,5,60
8,88,1,5,2,81
1,78,0,8,3,52
9,95,0,8,0,92
2,94,0,9,5,72
9,78,1,7,7,76
1,48,1,7,9,23
9,84,0,9,3,80
4,91,1,8,9,74
9,53,0,9,7,53
7,87,1,7,9,80
6,94,1,9,2,84
5,48,1,8,6,34
9,54,0,6,2,52
2,76,0,4,5,52
2,89,0,8,3,64
9,92,1,9,5,91
3,59,0,8,6,39
8,47,0,8,7,39
9,71,0,7,5,70
8,86,0,9,3,79
4,60,1,7,8,42
1,96,0,9,6,70
4,80,0,7,8,63
9,58,1,7,2,55
2,68,0,6,4,42
3,97,1,8,0,77
8,70,1,6,7,65
6,93,1,7,0,78
8,45,0,6,0,40
7,43,1,8,6,32
5,82,1,8,7,67
9,68,1,7,2,68
4,81,0,8,1,64
6,42,1,6,6,29
2,40,1,5,9,20
2,83,1,8,4,61
2,94,0,6,0,70
7,54,1,6,1,47
2,86,1,6,2,63
2,60,0,8,5,39
9,85,0,5,0,78
7,97,0,7,7,88
3,70,1,7,1,50
3,46,1,8,4,26
7,56,1,8,7,46
5,95,1,4,4,80
6,58,0,9,7,48
8,78,1,5,5,72
9,99,0,6,6,96
1,42,1,9,7,19
3,69,1,6,2,48
7,74,1,9,4,67
6,97,0,7,9,89
7,96,0,9,6,86
8,68,0,8,8,60
6,89,0,5,5,77
3,91,1,7,9,76
2,93,1,9,0,71
7,53,1,5,7,44
1,74,1,8,5,49
3,67,1,6,0,46
4,97,0,4,3,78
1,69,0,5,5,43
5,65,1,6,9,51
3,46,1,5,0,24
2,78,1,5,9,57
3,70,1,5,4,49
8,44,0,8,2,37
6,74,1,7,6,66
7,89,1,5,7,81
6,86,1,8,2,72
6,91,1,4,9,80
3,53,0,7,2,31
8,75,1,8,2,68
7,66,0,4,5,56
7,63,0,7,5,57
6,79,1,8,2,68
5,68,1,4,5,56
8,92,1,8,8,87
5,84,1,4,7,69
9,61,1,5,6,55
9,47,0,5,6,46
1,54,0,7,7,28
6,88,0,4,6,72
7,44,0,5,2,36
3,91,0,7,7,69
7,43,1,6,7,34
7,50,1,5,0,42
2,57,0,5,9,33
7,81,1,9,4,72
1,88,1,8,4,65
5,69,0,6,0,53
9,54,0,4,5,49
7,45,0,7,5,36
7,94,1,6,3,85
2,92,0,4,5,68
8,55,0,5,5,49
3,86,1,9,0,68
8,79,1,7,4,75
3,48,0,7,1,28
7,82,1,6,6,74
2,98,0,8,8,75
4,73,1,4,8,56
6,66,0,9,8,55
9,52,1,9,6,50
5,75,1,6,6,61
9,66,1,8,0,63
5,48,0,8,5,34
8,44,0,8,4,38
1,90,0,7,7,65
7,61,1,4,7,50
4,70,1,4,3,48
5,42,1,6,0,24
6,69,0,5,5,57
5,60,1,6,9,46
1,74,0,4,0,46
9,45,0,7,4,42
2,67,0,6,4,46
9,71,0,5,2,66
2,81,0,9,4,59
9,76,1,6,5,73
6,64,1,8,4,53
9,71,1,5,0,64
6,74,1,8,6,64
6,61,1,7,2,49
2,63,1,4,6,38
8,78,0,6,4,71
3,93,1,6,2,73
7,69,0,8,5,63
5,89,0,8,0,74
3,71,0,4,5,49
1,70,0,6,3,44
8,62,0,4,3,57
3,79,1,8,4,60
2,72,1,9,8,52
1,64,1,8,0,38
4,75,0,5,2,54
8,63,1,8,3,57
3,70,1,8,1,53
1,97,0,9,8,75
4,78,0,4,6,60
9,85,1,5,0,79
1,52,0,5,8,26
2,49,0,6,5,25
9,62,0,9,1,61
2,57,1,7,0,31
3,71,0,6,5,50
7,72,0,6,6,63
3,75,0,6,9,57
9,67,0,5,5,65
6,55,0,4,6,39
3,55,1,8,5,36
9,57,1,5,7,55
1,47,0,8,1,20
3,81,0,8,8,62
1,55,1,7,8,33
2,94,1,6,8,72
8,95,0,7,6,90
7,50,0,6,8,41
2,45,1,5,0,20
2,40,0,8,2,16
9,51,0,7,1,46
6,96,1,9,0,82
5,77,1,5,4,62
6,67,1,5,0,54
9,84,1,9,2,82
7,97,0,6,5,88
9,56,0,8,5,56
4,40,0,6,2,21
2,71,0,6,3,47
8,47,1,5,6,40
4,93,1,6,5,76
9,79,0,4,1,73
4,95,0,9,8,78
8,82,0,9,5,74
9,85,1,8,1,82
9,63,1,9,6,61
4,49,1,6,9,34
1,86,0,6,9,61
3,78,0,7,3,58
9,78,0,8,0,76
4,49,1,8,9,34
5,75,0,9,8,62
7,64,1,6,9,56
5,99,0,4,7,82
4,89,0,7,4,75
2,98,1,4,2,74
2,96,1,6,3,73
4,49,0,8,2,31
9,58,1,8,9,56
8,85,1,4,7,79
3,84,1,5,4,62
9,54,1,6,7,51
5,55,1,8,0,39
3,41,0,9,8,22
5,68,0,5,9,54
4,43,0,8,2,22
8,92,0,9,0,86
5,89,1,8,2,73
8,68,0,5,1,60
9,70,1,4,6,64
4,56,0,6,9,39
7,49,0,5,3,37
2,66,1,5,6,43
6,92,0,8,2,84
8,80,0,9,5,75
7,54,0,5,6,46
7,99,0,6,6,93
8,83,0,4,4,74
7,70,0,9,5,62
5,60,0,4,2,45
7,99,1,4,3,90
3,98,0,6,5,75
5,97,0,8,2,81
7,80,0,9,6,72
9,85,0,9,2,83
2,84,0,6,8,61
4,99,0,9,3,83
7,65,1,5,1,54
1,77,0,7,5,48
2,90,0,7,8,68
9,75,1,7,9,73
7,91,1,4,9,84
7,56,0,9,1,47
6,90,0,6,3,78
3,42,0,9,4,22
3,53,1,6,8,32
2,88,1,9,6,68
6,52,0,4,4,37
4,80,0,5,5,62
5,66,1,7,8,53
3,40,1,7,3,19
6,96,1,9,1,86
3,56,1,4,4,36
8,87,0,7,6,81
9,89,1,9,3,90
4,73,1,8,0,56
9,53,0,9,7,51
7,93,1,6,4,87
3,94,0,7,9,72
7,98,1,7,1,90
1,56,0,8,2,27
3,42,1,5,9,21
6,73,0,9,9,63
4,79,0,5,4,60
7,64,1,9,3,58
3,41,0,8,8,21
1,73,0,5,8,45
9,65,1,4,7,61
6,70,0,8,1,58
8,48,0,9,4,42
3,69,1,6,7,49
8,59,1,6,7,50
2,60,0,6,6,33
4,68,0,9,3,48
3,98,0,7,2,78
1,64,0,8,7,37
7,77,0,8,7,66
2,97,1,5,9,72
4,83,0,8,4,66
9,64,1,8,2,63
6,48,1,5,4,35
8,78,1,8,3,70
2,83,1,8,7,60
7,65,0,4,1,56
6,96,0,9,7,86
9,76,0,5,9,73
7,55,1,4,5,45
1,76,1,7,3,50
8,51,0,5,2,43
3,63,1,9,9,44
2,65,0,8,4,43
3,59,1,8,5,43
6,48,1,4,0,33
3,62,1,4,0,37
5,78,1,7,9,63
6,68,1,7,2,56
8,70,1,9,1,65
7,58,1,8,0,48
8,59,0,6,7,56
3,62,0,7,0,41
4,82,1,8,9,68
6,66,1,7,7,55
7,69,0,5,4,61
9,60,1,4,3,52
1,83,0,8,7,58
8,74,0,7,7,67
8,88,0,4,7,81
6,46,0,6,2,33
4,61,0,7,7,44
3,49,1,8,0,29
3,62,1,5,3,44
6,54,0,4,4,40
8,69,1,4,5,62
7,73,0,5,4,63
1,52,1,8,4,27
6,99,1,9,4,86
7,43,1,6,8,35
7,57,1,9,9,50
9,95,1,5,9,96
5,62,1,6,2,49
1,72,1,8,1,46
2,73,1,7,9,49
4,73,0,7,1,58
5,75,0,9,7,65
9,74,1,8,4,72
1,56,1,6,4,29
3,67,1,9,5,48
5,53,0,5,8,39
3,73,1,9,6,53
4,87,1,8,4,68
3,50,0,8,4,33
4,96,0,7,9,80
1,52,0,5,8,22
8,72,1,7,8,68
4,96,0,6,1,79
7,94,1,6,6,83
2,41,0,4,9,19
2,73,1,8,0,47
6,92,1,5,3,77
2,68,1,5,1,45
6,76,0,7,9,65
2,43,1,9,8,22
4,51,1,9,5,36
7,65,1,7,3,59
8,97,0,9,2,95
3,67,1,5,3,45
9,42,1,7,1,38
2,59,1,9,4,37
8,49,1,4,8,42
8,91,0,8,5,86
4,57,1,4,1,37
1,92,0,9,5,69
1,92,0,6,8,67
2,92,1,5,3,69
9,66,0,4,0,60
2,70,0,4,1,45
2,66,0,7,4,46
6,81,1,7,9,71
7,40,0,7,6,31
7,45,0,9,7,37
9,50,1,6,2,46
6,73,1,4,8,61
8,78,0,8,1,74
6,59,0,7,3,44
2,92,0,6,3,68
1,60,1,9,5,36
5,60,0,6,9,46
9,57,1,7,5,54
8,60,0,5,2,52
4,58,0,4,8,43
5,43,1,7,4,28
5,52,0,8,1,39
6,57,1,4,5,44
3,91,0,6,2,70
5,68,1,8,7,52
2,64,1,4,2,39
1,95,0,8,4,70
1,52,1,6,3,25
7,66,0,7,3,57
2,99,1,8,1,77
4,58,1,7,7,41
5,88,1,6,2,73
7,40,0,6,3,32
2,77,1,8,5,56
6,58,1,8,8,48
1,91,1,6,3,62
7,40,0,8,2,31
9,79,0,8,4,79
5,56,1,8,8,42
5,60,1,9,0,46
4,61,0,8,4,42
3,54,1,4,3,32
9,89,1,6,4,83
5,78,1,6,6,62
8,87,1,5,6,81
9,78,1,7,6,79
5,71,1,5,0,58
9,88,0,8,8,85
2,43,1,8,6,21
9,83,1,4,3,79
4,84,0,4,3,65
6,71,0,4,1,57
6,43,0,4,5,31
6,92,0,4,9,80
2,40,1,4,2,13
7,72,0,4,0,61
6,46,1,4,4,36
1,48,0,9,5,23
2,40,0,4,4,14
7,55,0,6,4,47
1,57,1,4,9,33
1,93,0,7,7,66
1,86,0,4,9,63
8,45,0,9,0,39
4,41,1,8,7,26
4,48,1,9,6,32
2,43,0,9,0,22
1,84,1,8,8,60
9,62,0,4,3,55
7,93,1,4,6,87
4,82,0,8,2,65
6,84,1,7,7,74
2,82,0,5,3,55
7,90,1,6,1,81
2,47,1,8,1,24
8,78,0,4,7,72
8,64,0,6,7,58
1,55,1,4,0,26
8,74,0,5,5,69
2,56,0,5,8,30
6,57,0,8,8,49
1,99,0,6,1,72
5,66,1,9,7,51
7,54,0,6,7,43
1,99,1,9,3,75
2,56,1,5,3,32
7,82,0,4,4,73
6,44,0,9,9,37
3,55,1,9,6,37
2,54,0,8,0,28
4,81,0,7,8,61
3,85,1,5,2,61
7,73,1,9,3,65
8,87,1,5,6,82
2,58,0,8,4,35
7,47,0,4,4,33
8,86,1,6,0,82
6,49,1,5,1,34
6,44,0,8,4,30
1,91,0,8,1,65
4,87,0,8,0,71
1,92,1,6,9,64
4,65,0,5,2,43
2,61,0,9,0,41
5,83,1,8,9,74
9,62,0,6,7,59
3,52,1,4,7,31
8,48,0,7,7,42
3,88,1,5,6,68
6,59,1,6,6,47
4,67,1,7,1,49
8,83,0,7,8,78
6,96,0,6,6,81
8,76,0,9,4,71
1,63,0,9,3,37
6,83,1,6,7,72
1,72,0,6,4,45
1,59,0,8,5,32
8,99,1,4,3,92
7,87,1,9,1,79
3,69,1,8,6,48
6,83,1,7,1,71
9,48,0,7,6,45
7,84,1,7,6,76
3,88,0,6,0,66
6,56,0,5,9,44
4,75,1,8,9,61
3,53,1,5,2,32
9,58,1,4,2,56
2,46,1,4,5,25
1,98,1,8,2,73
2,42,0,7,8,17
7,72,1,9,4,68
1,83,0,4,5,53
6,71,1,5,5,59
7,86,0,5,7,79
9,50,0,9,9,45
8,81,0,6,2,71
6,41,1,7,8,33
3,65,1,6,6,46
8,43,1,8,5,36
7,56,0,4,0,47
3,56,0,9,3,36
9,67,1,9,4,65
2,69,1,9,1,45
3,79,0,6,0,56
2,62,0,6,1,38
1,85,1,8,7,63
4,63,1,5,9,46
5,68,1,5,5,55
6,43,0,8,9,32
5,77,0,9,1,64
1,68,1,5,8,42
3,58,1,8,7,39
1,66,1,5,3,39
5,68,1,8,9,57
5,95,1,5,6,81
6,75,0,9,2,63
8,74,1,6,5,66
1,91,0,6,2,64
4,45,0,9,9,28
1,98,0,5,2,73
9,62,0,9,8,60
7,78,0,8,5,70
7,85,0,6,7,76
5,83,0,4,3,68
7,87,0,5,3,76
2,91,1,4,7,69
4,47,1,4,6,26
7,94,1,7,4,86
3,41,1,4,1,20
2,52,1,4,5,28
2,79,0,9,0,56
1,96,0,7,6,68
5,60,0,7,8,46
6,70,0,7,4,55
6,91,0,8,4,80
9,87,1,7,6,85
4,75,1,9,4,56
1,87,0,8,9,65
6,91,1,5,3,79
5,77,1,8,0,64
6,66,1,5,5,51
3,75,1,7,8,53
2,87,1,7,3,61
6,62,0,5,9,52
1,94,1,6,3,67
7,60,1,9,4,50
7,52,0,8,5,45
7,76,0,9,2,68
1,86,0,9,8,62
4,65,0,4,0,42
7,79,0,7,5,67
9,46,0,8,5,41
5,85,0,9,7,72
2,78,0,8,4,55
7,61,1,9,8,54
1,78,0,7,8,54
7,62,0,9,1,53
6,97,1,5,4,85
7,69,0,7,6,60
3,57,0,8,1,38
3,81,0,6,6,61
7,57,0,9,8,52
2,85,1,5,7,62
1,49,1,7,9,22
9,78,0,4,8,72
9,69,1,7,3,66
7,65,1,8,7,58
7,46,1,8,8,39
3,46,1,4,9,25
2,44,1,5,1,18
7,40,1,8,9,35
9,85,0,5,2,82
1,57,0,5,0,29
4,52,1,7,0,34
6,64,1,5,9,53
7,79,1,9,5,74
7,47,0,8,0,37
2,49,0,8,4,25
4,71,0,6,5,54
5,56,0,5,8,39
1,77,0,6,5,52
1,54,0,7,3,27
3,54,1,6,0,30
3,96,0,5,5,75
8,87,0,8,6,80
9,79,0,7,4,79
1,90,1,5,5,62
2,59,0,7,9,37
2,54,1,4,7,30
4,74,1,5,0,52
2,45,0,4,7,20
7,69,0,6,1,60
9,96,0,5,1,90
7,47,1,4,7,37
6,70,0,9,1,58
1,87,1,8,7,63
9,86,1,6,4,83
5,71,0,5,8,56
5,84,0,5,8,66
6,97,0,8,7,87
9,91,1,8,8,88
8,54,0,4,6,44
8,57,1,4,7,52
8,52,0,4,5,43
1,63,1,7,8,38
1,79,0,6,1,52
8,53,0,5,2,45
5,67,1,6,1,50
9,50,1,8,5,48
2,45,0,9,2,20
9,95,1,6,0,88
8,64,1,6,3,58
9,40,1,4,4,33
4,64,1,8,3,48
1,41,0,6,5,15
1,71,1,5,2,44
5,52,0,4,9,36
2,72,0,6,5,48
8,71,0,8,9,66
5,95,1,9,0,84
5,63,0,5,5,47
2,66,0,9,7,45
7,43,0,8,9,35
8,63,0,8,7,58
1,62,0,8,0,35
2,68,1,9,6,44
4,73,0,7,9,59
5,60,1,5,9,46
2,69,0,8,3,46
1,65,0,7,5,39
9,59,1,4,5,53
1,55,1,7,4,29
4,42,0,4,9,23
2,88,0,9,8,69
4,76,0,7,9,61
8,97,0,9,7,90
8,79,0,8,5,75
9,83,1,7,3,82
5,64,0,7,3,50
7,62,0,8,8,51
3,83,1,4,3,63
4,98,1,8,6,82
9,40,0,5,5,32
1,72,1,7,1,46
2,54,1,5,4,30
5,56,1,8,2,42
3,73,0,9,8,53
2,56,0,8,9,37
1,91,0,6,0,64
3,97,1,5,9,81
1,80,0,6,3,53
1,83,0,5,3,53
1,43,1,9,8,22
8,52,0,6,0,42
3,43,1,6,1,22
1,46,1,5,0,18
7,85,1,8,0,76
3,98,1,4,0,77
8,48,0,8,2,42
4,62,0,4,3,43
4,72,0,5,9,57
5,72,1,7,1,57
6,59,0,8,0,45
7,43,0,6,4,30
4,40,1,8,5,21
8,93,1,5,1,86
6,81,0,7,2,71
1,73,1,7,9,49
1,66,0,8,2,40
9,60,1,8,1,56
6,63,1,9,3,54
8,54,0,8,4,46
7,74,1,5,7,65
6,64,1,4,5,54
4,94,1,9,8,78
7,48,0,4,2,36
9,56,0,6,9,53
7,60,0,5,8,51
1,99,1,9,3,75
9,52,1,7,7,47
4,42,1,9,9,26
3,43,1,6,6,23
4,43,0,7,6,24
4,82,0,9,8,63
2,67,1,7,9,45
1,46,0,8,1,22
1,65,0,7,4,37
8,50,0,9,2,43
2,63,1,7,6,42
5,82,0,5,2,67
4,49,0,8,4,32
8,76,0,8,4,70
2,52,0,6,1,28
9,83,0,8,0,80
7,81,1,4,5,72
7,78,0,5,0,67
1,58,0,6,8,32
2,90,1,4,9,67
4,58,0,7,4,37
4,51,1,4,0,31
3,91,1,6,7,70
7,61,1,8,0,52
8,86,1,5,3,80
2,76,0,6,6,50
4,95,0,4,3,78
3,69,1,4,4,51
2,85,0,6,6,62
6,51,1,9,3,40
4,68,0,9,4,48
6,60,0,6,6,48
2,50,1,9,0,27
4,99,0,6,2,78
6,76,1,8,0,65
5,87,0,6,2,74
3,97,0,7,1,78
8,57,0,5,4,50
7,83,1,5,9,75
3,98,1,7,4,82
6,66,1,4,9,56
4,76,0,4,8,57
5,87,1,4,7,75
5,51,1,4,2,35
7,62,1,8,0,53
5,73,0,7,4,60
3,77,0,5,2,55
5,62,0,7,4,47
7,92,0,5,8,85
5,64,1,4,0,45
5,43,0,8,0,25
9,69,1,6,8,67
3,69,0,6,2,48
6,52,1,9,9,39
1,81,1,4,4,54
5,88,0,4,8,73
8,53,1,7,4,47
5,95,1,8,2,81
9,86,1,8,8,84
6,47,1,7,6,34
8,94,0,8,6,86
8,63,0,8,7,60
3,57,1,6,4,37
7,74,0,8,1,65
7,64,1,4,8,55
6,56,1,6,2,46
7,71,0,4,1,60
2,95,1,4,9,71
9,63,0,7,9,62
1,46,1,9,4,23
1,52,0,8,7,27
3,66,0,8,2,48
3,87,1,8,5,71
1,44,0,8,8,19
7,75,1,6,1,64
4,65,0,5,7,49
2,81,1,4,9,58
5,84,0,9,6,68
6,70,0,9,2,59
9,49,0,5,0,46
4,85,1,5,5,67
2,65,0,5,1,38
5,61,1,6,2,46
3,51,0,5,4,29
2,71,0,6,7,51
1,66,1,7,1,40
2,72,0,7,5,49
6,92,1,9,0,82
8,91,1,7,6,89
3,59,1,6,3,41
9,78,1,6,0,75
9,80,1,4,8,78
2,79,0,5,8,53
8,98,1,8,2,91
5,52,0,8,5,39
4,53,1,5,6,37
5,83,1,8,3,69
4,79,0,8,5,62
8,92,0,8,8,87
4,61,1,9,9,46
6,57,1,6,5,45
2,87,0,6,6,65
5,68,0,6,5,53
6,82,1,5,6,70
5,55,1,7,0,38
2,85,1,9,5,67
7,74,0,9,8,68
4,92,1,8,2,79
8,73,0,4,5,64
7,42,0,6,3,32
7,43,1,9,6,35
9,93,1,9,6,92
1,44,0,4,8,17
6,49,1,8,3,38
6,91,1,9,7,84
6,68,0,9,7,58
6,71,1,7,7,62
7,70,0,4,7,62
6,41,0,8,5,29
1,51,1,8,7,28
3,66,0,6,5,45
2,44,0,7,9,20
6,76,1,8,1,65
8,66,0,7,2,62
3,62,1,6,5,42
8,72,0,4,6,68
8,43,0,9,3,37
5,98,0,9,0,82
8,60,0,5,3,52
6,63,0,5,5,50
5,83,0,5,7,71
9,70,0,9,3,67
7,83,1,7,9,77
8,87,0,5,0,80
1,63,1,4,4,37
2,88,0,8,6,65
8,92,0,7,5,87
9,49,1,9,2,46
4,88,1,4,6,70
9,88,1,9,3,88
4,89,0,7,4,72
9,41,1,7,6,38
7,70,0,7,1,57
2,64,0,6,3,40
9,43,1,8,3,40
4,90,0,5,5,69
8,50,1,6,6,44
7,56,1,8,3,51
7,83,1,9,9,76
8,41,1,5,0,33
1,45,0,6,0,17
5,48,0,6,4,29
2,44,1,4,0,21
2,59,1,6,2,35
1,68,0,7,8,46
5,60,0,9,2,44
2,48,1,6,2,22
4,67,0,7,8,50
3,94,0,8,4,77
3,47,0,8,7,29
2,70,0,7,9,49
6,59,1,4,8,44
2,66,0,4,5,43
8,47,1,8,6,42
8,93,1,9,6,90
5,60,1,6,6,46
7,67,0,8,3,58
4,62,0,8,1,44
1,45,1,7,1,20
2,42,0,4,6,15
4,44,1,9,9,25
1,48,1,7,6,22
8,46,0,8,9,44
9,99,0,5,6,99
4,43,0,6,7,25
3,78,1,8,2,60
2,44,1,7,4,21
5,50,0,5,5,36
3,54,1,5,7,37
7,73,1,8,7,67
6,52,1,9,9,42
1,93,0,4,2,63
8,87,0,5,3,80
2,46,0,6,5,22
5,79,1,7,3,65
9,45,0,7,9,43
8,95,1,7,3,93
2,78,1,8,4,56
9,89,1,7,9,90
5,69,0,7,6,55
6,61,1,6,1,49
3,64,0,4,1,41
3,67,1,9,9,49
8,93,0,8,8,88
2,59,0,8,3,35
2,78,0,7,4,55
5,42,0,6,2,26
6,44,0,5,1,29
2,40,0,7,9,17
5,54,0,7,7,40
7,65,0,8,3,53
8,42,1,8,0,36
7,79,1,7,5,71
8,96,1,8,5,94
9,80,1,6,1,76
5,86,1,5,1,71
5,81,0,5,7,66
4,73,0,5,6,57
9,91,0,7,1,84
5,44,0,9,9,28
2,70,0,7,0,46
8,90,1,7,7,85
7,52,1,6,9,43
8,82,0,5,1,73
3,40,1,8,4,19
4,61,1,8,5,43
5,54,0,4,9,37
6,65,0,4,0,51
1,57,1,9,1,33
4,87,1,8,9,72
5,48,0,5,3,31
7,40,1,7,1,31
5,82,0,8,5,68
1,48,1,9,3,23
7,62,1,9,2,57
8,82,0,8,5,79
7,84,1,4,8,72
4,97,0,5,7,77
8,41,1,8,1,35
5,53,1,7,2,39
9,77,0,7,1,73
5,79,1,6,9,65
1,57,0,7,6,31
9,55,0,8,8,53
5,92,1,8,0,80
6,68,0,7,2,56
4,83,0,4,5,64
6,50,0,5,3,39
8,45,1,9,9,38
3,42,0,8,9,21
5,53,0,7,0,37
2,99,1,9,8,78
2,41,0,7,6,17
7,71,0,8,6,63
6,70,0,6,0,55
4,50,1,5,8,32
5,61,1,8,7,47
1,42,1,9,9,18
7,89,1,7,4,82
8,70,1,6,3,66
9,72,1,8,0,69
8,63,0,5,8,57
5,40,1,6,7,25
3,83,1,9,1,66
9,54,1,7,3,48
6,76,1,4,3,63
5,66,0,5,6,50
3,77,0,6,2,54
6,87,1,8,7,77
3,66,0,8,6,46
6,83,1,6,9,73
4,51,0,8,3,30
2,42,1,6,8,19
8,69,1,5,5,61
4,71,1,8,2,54
9,62,1,5,6,59
7,41,0,7,5,33
2,46,1,7,7,23
4,73,0,7,4,55
5,71,0,7,5,54
3,92,0,8,0,70
9,78,1,6,7,76
5,71,0,8,0,57
2,82,0,9,2,59
3,82,0,8,1,60
9,53,1,5,5,51
7,42,0,6,7,33
2,85,1,4,7,59
9,71,0,4,6,67
4,82,0,6,6,65
9,75,1,4,7,72
2,56,1,6,4,36
4,87,0,5,2,68
5,42,1,5,1,28
2,96,0,8,2,70
1,49,0,4,2,23
7,92,1,6,6,84
1,86,1,5,0,61
8,79,1,8,6,71
3,57,0,4,5,33
6,42,0,4,9,29
7,78,0,4,1,67
1,49,1,5,9,25
6,91,1,5,0,78
7,48,1,4,8,39
6,85,0,5,1,72
4,94,1,4,3,78
1,85,1,7,8,61
9,50,0,5,8,48
4,99,1,6,0,81
7,72,1,5,1,62
7,75,0,4,1,66
2,65,0,6,1,40
1,66,0,8,7,41
8,77,0,6,7,71
8,61,0,6,9,56
7,65,0,5,7,59
8,61,1,9,3,56
3,44,1,6,7,24
2,74,0,6,6,53
7,41,0,4,7,34
8,74,1,5,0,67
1,48,0,4,2,18
9,90,0,5,9,86
4,90,1,8,5,72
4,88,1,9,0,75
3,57,0,6,3,36
6,82,0,5,8,70
1,51,1,6,6,24
6,42,0,6,0,30
2,57,1,7,5,32
9,95,1,4,5,91
2,77,0,9,1,54
7,46,1,5,5,36
1,72,1,8,9,48
7,45,1,9,1,39
5,57,0,7,7,43
8,84,0,4,6,77
4,61,0,8,5,42
7,90,1,8,9,83
6,78,1,6,5,69
5,90,0,4,8,72
4,48,1,7,8,34
7,74,1,5,9,68
5,62,0,5,9,47
5,51,1,7,1,36
1,91,1,6,2,68
2,63,1,6,9,40
5,89,1,8,6,76
3,79,1,4,9,62
2,48,1,8,8,26
4,52,0,5,5,30
4,79,0,7,0,63
4,93,1,4,6,75
4,81,0,7,0,61
3,56,0,4,4,34
7,46,0,9,8,35
9,56,1,5,9,50
5,94,0,5,9,80
4,89,1,9,8,74
2,63,0,4,0,34
2,41,0,6,5,17
5,74,1,4,2,58
7,67,0,5,8,55
9,58,1,7,2,55
7,72,0,8,1,63
5,60,0,7,7,46
6,92,0,5,2,77
3,49,0,7,4,28
5,92,1,6,5,78
8,85,1,6,9,80
1,84,0,4,9,58
1,48,1,7,0,19
7,77,0,7,6,68
5,45,1,5,6,31
5,90,1,4,4,73
1,92,1,4,8,68
9,81,0,7,1,77
1,94,1,8,4,72
5,74,1,7,1,56
9,57,0,7,1,51
4,92,0,7,8,73
8,58,0,6,6,53
6,44,1,9,3,33
3,64,1,4,7,43
4,50,1,9,3,33
2,49,1,6,0,25
1,56,1,8,9,32
8,75,1,5,2,68
1,65,0,8,9,37
1,70,1,4,0,42
4,71,1,5,1,52
6,60,1,9,1,48
9,57,0,8,6,55
1,99,1,4,3,71
7,57,0,8,9,49
5,40,1,5,8,25
8,53,0,5,1,48
7,47,0,8,8,39
4,41,0,6,5,21
4,90,1,8,9,72
6,54,0,9,7,40
6,99,1,8,6,92
9,73,0,8,7,69
5,75,1,6,8,61
8,40,0,7,7,32
5,90,0,5,5,78
2,60,1,9,7,39
6,81,0,4,7,70
9,40,1,5,1,36
3,71,0,5,1,48
1,59,0,7,0,33
1,93,1,5,9,66
3,86,1,5,1,65
5,75,1,6,6,58
3,78,0,6,2,57
9,69,1,6,3,66
8,46,1,6,3,40
3,61,0,6,3,42
9,96,1,9,1,93
6,89,1,4,5,78
7,84,0,7,0,74
4,49,0,8,4,31
4,95,0,9,1,81
2,47,0,6,8,22
5,66,0,7,1,50
8,49,1,8,5,44
7,53,0,5,3,43
7,85,0,9,5,80
6,98,0,5,1,85
3,91,1,7,1,71
5,93,1,4,6,77
1,50,1,4,2,25
7,45,1,7,2,36
9,60,0,4,6,54
1,72,0,4,7,48
2,58,0,5,6,32
3,78,1,4,2,56
3,63,0,4,2,41
8,57,1,7,6,52
7,74,1,4,2,65
6,91,1,9,1,80
4,82,0,6,6,62
9,76,0,6,2,69
1,58,0,7,4,32
2,92,0,6,6,69
4,63,1,5,1,44
3,95,0,9,7,77
1,73,1,9,1,48
5,61,1,7,3,48
7,43,1,4,3,29
2,96,1,6,7,74
5,49,1,5,0,33
6,41,1,7,8,32
7,47,1,7,5,40
1,72,0,4,3,43
7,98,0,8,5,92
4,77,1,6,5,58
8,82,0,5,8,76
4,98,0,7,3,81
6,67,0,6,7,53
9,49,0,5,0,44
5,84,1,9,5,71
4,40,0,9,4,23
8,73,1,5,2,64
9,42,1,9,3,40
4,48,0,7,7,29
3,44,0,6,9,22
8,81,1,5,1,75
5,49,1,7,7,37
2,51,0,6,6,30
9,57,0,6,0,52
3,97,1,7,1,79
2,60,0,6,6,36
1,60,1,8,2,34
8,40,1,5,1,32
3,42,1,5,0,20
7,44,1,6,6,35
1,64,0,7,2,38
1,97,1,4,5,74
9,88,1,9,9,88
8,47,0,6,7,40
3,56,0,4,5,34
6,48,1,6,6,36
3,71,0,4,5,46
4,45,0,6,6,24
1,88,1,7,4,63
5,79,0,9,8,67
1,60,0,4,2,32
1,46,0,8,5,17
7,46,0,7,8,36
6,86,0,9,0,75
2,78,1,6,4,52
2,93,0,4,3,72
7,66,1,9,8,61
1,47,1,5,0,21
2,48,0,7,3,22
8,67,0,4,0,59
6,54,0,7,2,39
2,41,0,4,3,18
7,46,0,5,0,37
4,86,0,8,4,67
2,57,0,5,5,33
6,61,0,6,0,46
9,89,0,7,9,87
9,49,0,8,9,47
8,93,0,7,3,85
3,89,0,9,3,70
3,72,1,4,0,52
2,46,0,6,1,21
5,42,1,6,9,31
4,53,1,7,4,39
7,83,0,6,1,73
4,85,1,7,2,67
9,75,0,4,8,71
2,52,0,4,4,30
6,55,1,7,0,46
7,55,0,5,4,45
4,93,1,5,2,73
6,44,1,4,0,28
7,91,0,8,2,79
4,64,1,5,5,48
8,77,1,7,9,71
9,77,0,4,4,72
1,89,1,6,0,62
7,77,0,6,1,68
9,78,0,5,4,74
5,95,0,8,8,82
2,95,0,9,4,73
6,87,1,5,4,77
7,80,0,8,0,71
2,65,1,5,4,39
2,98,1,6,7,76
1,52,0,8,8,28
4,83,0,6,9,69
7,90,0,7,2,79
9,65,1,7,3,64
3,94,0,4,6,71
7,94,1,6,6,86
7,40,0,6,0,29
7,47,0,4,5,39
2,43,1,7,8,21
6,60,1,7,4,49
2,61,0,8,7,39
6,90,0,8,9,77
3,92,0,9,8,75
2,97,1,7,9,79
6,76,0,9,9,67
2,88,0,5,2,64
5,42,1,6,0,26
2,58,0,8,1,31
3,40,1,5,4,19
3,68,1,8,9,52
6,62,0,4,6,48
6,72,0,6,5,60
3,94,1,9,3,78
3,91,1,9,8,73
1,80,0,8,3,54
7,62,1,7,2,52
8,44,1,9,4,41
2,46,0,4,3,23
4,96,1,4,1,77
7,97,1,7,2,89
8,45,1,4,6,41
1,88,1,6,1,62
4,61,1,8,0,47
6,88,1,4,1,78
3,52,0,6,7,32
5,51,0,7,7,38
9,43,0,8,9,41
3,47,0,7,1,26
5,76,1,8,5,64
8,70,0,4,6,61
6,76,1,4,0,63
4,84,0,8,6,68
8,65,1,6,7,59
3,82,0,6,8,62
3,47,1,6,7,27
4,79,0,5,2,58
9,72,0,9,7,73
5,84,0,9,2,70
8,68,0,9,5,61
6,44,0,6,3,28
3,67,1,4,6,44
8,92,0,5,7,87
9,79,1,6,9,76
8,56,0,4,5,48
4,94,0,5,9,77
6,62,0,4,3,48
1,84,1,8,7,61
4,48,0,4,6,29
8,41,0,5,9,31
1,71,1,6,7,46
3,90,1,9,9,72
1,91,1,5,6,62
9,88,1,6,2,85
2,70,0,6,2,49
9,46,1,7,8,44
4,69,1,8,6,50
2,97,0,7,0,73
4,42,1,9,2,25
6,90,1,5,0,77
7,90,1,7,5,80
3,95,0,9,1,73
3,48,1,6,6,28
8,49,1,5,7,43
5,85,1,7,5,72
4,89,0,4,4,70
7,97,0,9,9,90
7,86,1,9,3,80
9,65,0,8,8,63
9,40,1,4,7,35
5,69,0,5,4,53
8,96,0,7,0,93
1,77,1,6,7,50
9,54,1,7,7,52
8,64,1,5,6,59
6,45,0,5,6,32
3,57,1,5,7,37
3,40,0,5,0,17
8,95,0,9,2,90
5,42,1,7,3,24
7,56,0,4,5,42
5,87,0,6,9,73
8,47,1,6,9,45
4,99,0,8,8,83
2,88,0,9,3,63
3,79,1,5,5,56
8,56,1,5,8,50
7,64,1,5,8,55
2,80,0,9,5,60
6,51,0,4,4,40
9,68,0,5,2,63
4,64,1,8,4,47
9,90,0,8,2,87
2,75,0,4,4,50
2,92,0,9,9,73
9,93,1,5,9,90
7,64,1,7,0,55
7,68,1,7,5,60
1,50,0,6,6,22
6,99,0,4,1,86
7,43,1,7,2,34
6,53,1,6,9,44
6,85,0,8,8,75
2,77,1,6,7,55
6,56,0,5,3,45
4,41,1,5,7,25
9,47,1,8,7,48
1,75,1,4,5,46
8,49,0,9,0,43
5,46,1,5,1,29
1,75,0,5,3,48
4,55,1,6,3,37
1,53,1,6,1,25
6,55,0,6,8,43
2,64,0,7,1,40
5,80,1,8,5,67
7,43,0,4,4,32
2,68,1,6,3,44
6,95,0,4,5,85
6,45,0,6,3,32
5,40,1,5,8,26
5,78,1,4,9,64
3,40,0,7,6,19
2,90,0,6,2,68
7,79,1,9,9,73
1,96,0,8,3,71
6,42,0,5,0,26
6,40,0,6,5,24
3,40,0,4,1,16
2,78,1,6,3,55
2,60,1,5,4,34
9,84,0,8,7,83
5,69,0,8,2,51
7,71,1,8,5,63
5,72,0,9,0,57
7,87,0,5,8,81
4,61,0,9,0,41
8,69,0,9,1,63
7,93,0,6,0,86
5,85,1,5,7,71
6,43,0,5,3,29
5,62,0,6,1,46
7,94,0,7,6,86
2,83,1,9,7,61
5,64,0,8,8,49
3,51,0,4,4,29
9,56,1,9,2,54
6,92,1,4,0,80
3,54,1,6,7,34
7,49,1,4,5,39
4,74,0,7,4,59
3,94,0,5,6,71
8,91,0,8,4,87
4,91,1,4,3,71
1,68,0,4,4,40
6,51,1,6,6,42
1,40,1,6,5,14
5,40,0,5,9,23
7,49,1,8,9,45
6,57,1,4,8,46
2,86,0,5,9,61
4,41,0,8,1,20
2,88,1,5,6,65
1,47,0,4,0,17
3,61,0,6,7,41
3,61,1,6,3,37
7,65,1,6,7,57
1,65,0,7,7,39
9,48,0,5,3,46
6,60,1,4,3,50
4,70,0,5,4,51
3,91,1,6,6,71
3,82,1,9,5,67
2,45,0,9,0,20
2,95,0,5,5,74
5,53,0,8,2,38
9,72,0,9,8,70
2,46,0,9,2,23
2,63,1,5,8,37
6,48,0,7,4,36
2,50,1,7,9,27
4,95,0,6,7,79
6,62,1,4,8,53
5,87,0,8,8,75
1,90,0,4,6,63
6,41,1,4,9,29
1,54,0,8,0,24
3,74,0,7,7,54
5,75,1,9,6,62
5,91,1,6,3,77
6,93,1,5,5,78
8,67,0,7,9,62
5,78,1,6,1,66
1,83,1,9,3,58
5,43,0,7,7,27
3,49,0,8,3,25
4,45,0,4,9,26
8,96,0,8,3,92
7,69,0,9,3,59
5,93,0,5,9,76
2,85,1,8,8,64
6,74,1,9,1,63
6,88,0,4,6,75
6,82,1,7,2,68
9,49,1,6,3,42
8,97,1,9,0,94
8,92,1,9,2,87
1,71,0,5,1,43
5,81,0,7,9,66
7,81,1,9,6,71
6,42,0,9,5,34
5,95,1,6,0,77
8,65,1,4,7,59
3,54,0,8,8,35
6,56,1,7,0,44
5,66,0,6,4,51
8,57,0,6,6,53
4,90,0,8,1,72
8,58,0,7,5,52
2,51,0,7,7,26
9,63,0,4,7,57
9,44,0,7,9,43
6,63,0,9,9,50
4,66,0,8,7,52
4,87,1,7,5,68
6,69,0,4,5,58
5,54,1,6,2,39
6,86,0,9,1,75
7,98,1,7,4,90
7,77,0,8,8,71
9,83,0,7,3,80
8,73,0,5,4,66
6,66,1,4,5,55
6,59,1,6,5,46
5,80,0,5,3,67
1,71,1,8,3,47
9,43,0,7,7,39
9,44,1,4,4,39
9,92,1,9,4,92
8,97,1,7,8,93
3,47,0,7,3,26
1,61,1,7,6,35
8,81,1,9,4,79
7,46,0,7,8,35
5,61,0,4,7,46
7,85,1,9,7,78
4,69,1,9,9,54
9,76,0,5,9,73
2,55,0,8,2,30
9,54,0,9,8,49
9,44,0,5,7,40
5,42,0,4,2,25
1,62,1,8,9,41
7,49,0,9,0,40
4,44,0,6,4,25
9,62,1,5,3,59
6,54,0,4,7,41
3,57,0,4,5,32
6,64,0,4,9,55
6,47,1,8,4,34
5,70,0,7,8,56
2,60,0,6,5,33
2,41,0,8,2,17
7,61,0,8,5,50
2,47,1,9,3,27
6,62,1,5,4,50
5,71,0,6,5,56
4,47,0,4,8,28
7,43,0,8,2,35
8,69,0,6,0,62
4,58,0,5,1,39
1,62,0,7,7,36
1,57,0,6,3,30
1,92,1,4,6,66
1,68,0,8,1,42
5,62,1,7,9,51
4,72,1,5,7,57
9,91,0,4,9,85
3,86,1,7,8,67
7,57,1,9,6,49
8,93,1,9,9,87
6,83,0,5,0,70
1,72,1,4,1,46
8,46,1,8,8,40
3,90,0,5,9,70
8,67,0,7,6,58
4,40,1,4,2,21
8,95,0,9,4,90
1,78,0,9,0,52
3,73,1,6,9,51
6,78,1,4,2,65
9,58,1,7,3,58
2,70,0,7,3,47
1,52,1,6,6,27
3,96,1,7,4,77
4,63,0,4,8,45
5,44,0,9,6,33
3,62,0,5,1,40
2,58,0,9,7,36
2,40,1,9,1,17
7,72,1,4,6,63
9,98,1,7,4,98
2,89,0,6,9,70
7,95,1,6,5,84
7,72,0,8,3,63
7,71,0,6,4,63
3,98,0,6,4,76
7,67,1,7,6,62
1,76,0,5,3,49
1,80,1,5,4,52
5,51,1,7,3,35
2,48,1,6,3,24
9,89,0,4,7,85
7,94,1,9,4,88
4,50,1,9,8,34
4,72,0,5,4,52
2,58,1,7,7,33
5,93,0,4,2,76
4,96,1,6,6,79
1,81,0,7,0,52
8,73,0,5,4,66
3,46,0,4,1,24
6,70,0,4,7,54
4,91,0,5,5,73
9,41,1,4,4,38
7,58,1,9,2,50
9,77,1,5,0,73
3,71,1,9,9,53
1,49,0,7,9,22
5,80,0,8,9,67
3,47,1,6,9,27
6,65,0,7,7,54
8,69,1,9,4,64
4,50,0,6,8,32
5,80,0,6,6,65
5,59,1,9,0,45
4,99,1,9,0,85
4,59,0,5,6,38
4,48,1,8,6,31
4,47,1,9,8,29
4,99,1,6,1,80
5,54,1,6,6,38
2,73,0,7,1,48
2,63,0,8,9,38
9,72,0,8,9,70
2,80,0,6,1,55
6,80,1,8,4,67
2,84,1,7,8,61
5,79,1,5,8,68
4,66,0,6,9,50
7,60,0,4,0,49
7,44,0,6,6,36
6,74,0,6,9,63
5,60,1,5,9,46
1,43,1,9,2,19
3,88,1,9,9,72
9,87,0,4,9,81
1,55,0,4,0,28
5,96,0,4,1,80
2,70,0,9,5,47
4,65,0,5,9,47
1,91,0,8,1,65
3,74,1,4,1,55
7,45,0,8,3,39
3,72,0,7,2,51
4,60,0,5,7,45
2,55,1,8,7,33
3,86,1,9,5,71
9,78,0,9,3,76
3,73,1,4,6,50
5,81,1,4,8,69
2,96,1,8,1,74
4,99,0,9,5,83
7,54,1,8,6,43
7,45,1,7,0,34
3,41,1,5,5,20
5,63,0,9,7,53
1,95,1,6,6,70
1,88,0,9,1,63
5,67,1,7,1,53
9,40,0,9,3,37
1,40,0,7,4,13
1,67,0,9,4,40
4,75,0,7,1,59
4,59,0,4,6,42
2,87,1,8,7,69
9,47,1,9,1,46
9,40,1,5,3,36
2,65,0,4,2,40
9,90,0,7,3,89
6,82,0,5,4,71
8,88,1,4,5,81
4,64,0,6,1,42
2,49,0,9,9,27
2,51,0,9,5,29
9,80,0,7,8,75
1,46,1,4,7,19
7,51,0,4,0,39
3,86,0,7,8,64
3,79,0,6,9,59
2,56,0,9,1,33
6,44,1,8,0,29
2,53,0,6,5,29
4,73,1,7,0,55
9,87,1,8,5,85
9,56,0,4,1,50
6,74,0,6,6,62
4,94,1,6,6,77
7,40,0,9,3,32
1,98,0,9,1,76
4,89,1,8,6,76
5,89,1,4,0,76
8,75,1,6,1,68
2,54,1,8,1,31
5,99,1,6,0,82
6,58,1,9,8,48
5,90,0,4,5,74
9,81,0,4,2,76
1,44,0,5,5,15
3,58,0,8,6,39
2,82,0,9,2,63
3,78,0,9,3,59
9,44,0,9,9,42
9,91,0,7,0,88
2,51,0,6,5,29
3,58,1,4,5,37
4,86,1,6,8,69
9,51,0,6,1,48
3,75,0,7,4,56
7,51,1,4,4,40
3,57,1,5,6,39
7,88,1,9,4,83
7,90,0,8,9,83
9,87,1,6,3,87
2,82,1,7,9,60
6,73,1,7,1,61
9,87,0,8,7,85
2,72,1,8,4,48
2,88,0,4,3,63
5,57,1,6,8,42
8,96,1,6,1,90
9,68,0,8,2,65
2,84,1,9,7,65
5,44,1,5,3,30
7,64,1,6,8,56
6,63,0,7,9,52
6,68,0,9,9,59
7,98,0,8,9,91
3,77,1,6,9,57
3,72,0,4,8,51
9,49,1,8,9,46
8,76,1,7,8,71
5,99,1,4,0,83
6,72,1,8,5,61
1,62,1,8,9,38
1,97,1,6,5,72
4,50,1,4,7,34
2,63,1,8,6,41
7,63,0,9,6,55
2,46,0,7,1,19
2,89,1,4,3,68
5,60,0,9,0,45
4,59,0,6,6,44
8,92,0,5,3,85
4,49,1,8,8,35
6,64,0,5,5,51
5,86,1,8,5,73
2,75,0,9,8,54
8,87,0,6,7,84
2,86,0,6,5,63
9,54,1,6,5,51
9,83,1,6,5,80
3,79,1,4,3,58
4,79,1,4,4,61
8,89,1,8,2,87
9,45,1,4,8,40
3,76,1,8,1,56
5,41,1,4,6,25
8,51,1,4,0,40
3,97,0,4,9,77
7,43,0,7,6,34
8,62,1,6,1,55
3,52,0,7,4,31
2,56,0,4,0,29
7,70,1,4,4,60
9,55,1,7,3,54
1,80,0,9,0,53
3,65,1,8,0,45
5,67,0,6,6,52
3,40,1,8,2,20
1,86,0,9,9,62
7,51,1,6,8,43
7,76,0,5,8,64
8,94,0,6,9,90
5,95,0,8,8,82
5,89,0,6,0,71
5,59,1,5,3,46
1,41,0,5,0,13
5,75,1,4,0,59
6,54,0,5,8,42
1,77,1,7,4,52
7,61,0,8,0,52
1,83,1,7,2,57
2,89,0,9,6,70
2,71,0,7,1,47
5,98,1,8,3,85
7,59,0,9,1,49
1,75,0,7,8,50
1,72,0,7,8,45
1,54,0,9,6,28
6,89,1,7,6,78
2,85,0,5,1,60
1,42,1,8,9,17
6,68,1,8,7,59
2,86,1,8,0,63
6,66,1,7,7,56
8,44,0,5,4,39
2,98,0,8,3,76
9,95,1,6,9,93
8,70,0,8,1,62
1,61,0,4,2,33
7,74,1,6,9,69
6,93,1,8,1,83
6,46,1,7,3,33
6,45,0,8,2,34
6,65,1,5,4,51
7,93,1,5,6,84
3,40,0,8,8,17
6,58,0,7,4,48
3,46,0,7,7,26
7,75,0,7,1,65
7,51,0,8,5,40
8,59,0,8,7,57
2,62,0,4,8,38
9,64,0,5,3,58
5,69,1,6,3,51
9,98,0,6,6,95
5,68,1,5,3,56
7,70,0,9,4,62
9,57,0,4,1,48
4,80,1,5,1,62
2,58,0,4,9,32
9,93,1,9,4,92
2,43,0,4,9,19
3,40,1,7,9,18
2,80,1,5,1,56
3,98,0,6,5,78
6,54,1,8,5,43
3,93,1,9,7,76
8,47,0,9,0,44
6,54,0,8,6,44
7,54,1,5,6,45
1,89,0,8,8,62
3,78,1,4,3,60
3,61,1,8,6,42
2,57,1,4,5,30
7,55,0,4,3,44
9,41,0,6,9,38
4,75,1,8,7,61
5,59,1,6,2,43
3,55,1,8,7,36
9,42,0,4,4,37
4,95,1,8,3,77
5,69,0,9,2,58
1,94,1,9,9,70
2,41,1,6,6,18
9,74,1,7,6,72
2,65,1,9,5,43
5,96,0,6,2,81
8,44,0,7,8,38
3,41,0,5,1,20
6,90,0,6,2,76
4,95,0,9,0,76
7,59,1,9,6,50
3,73,0,8,1,51
6,73,0,7,9,62
9,93,0,9,7,92
1,95,0,8,8,69
3,94,1,7,1,74
2,59,1,6,5,39
8,89,1,6,0,81
7,64,0,8,7,56
2,59,1,6,4,37
6,64,1,8,8,51
3,92,0,4,2,70
8,53,0,7,1,46
3,99,0,8,6,80
9,86,1,7,6,87
1,83,0,4,9,60
5,82,1,7,4,65
3,82,1,8,6,63
6,78,1,6,5,66
2,51,1,7,8,30
9,87,1,7,2,82
6,44,0,9,3,33
7,41,1,9,8,34
5,93,1,4,9,79
9,55,1,5,7,52
1,94,1,6,9,69
5,69,1,8,5,56
6,86,0,4,2,73
7,82,1,8,8,75
4,77,1,8,8,61
1,84,1,7,5,56
8,90,1,4,1,83
4,81,0,4,6,63
3,63,1,9,8,45
7,90,1,6,8,82
2,69,1,5,2,42
8,76,1,8,1,70
6,96,0,6,4,82
7,98,0,9,9,88
5,92,0,6,6,78
9,78,1,8,2,78
5,50,0,7,3,35
5,53,0,7,9,37
3,62,0,8,1,41
1,92,0,9,9,69
2,55,0,9,1,33
8,89,1,4,6,83
1,60,0,5,1,34
7,94,0,7,0,83
5,94,0,5,3,81
3,43,1,6,5,22
7,72,1,6,9,64
9,93,0,8,9,89
2,86,1,8,3,65
8,53,1,8,0,47
9,58,0,9,0,54
3,98,1,7,8,79
2,44,0,5,0,18
7,75,0,6,6,66
5,70,0,5,6,55
5,84,1,7,0,67
5,57,0,5,0,40
4,83,0,5,5,66
5,70,1,9,7,54
4,94,0,8,6,78
6,69,1,9,5,62
4,60,1,9,9,43
2,86,0,5,2,62
9,69,1,5,6,66
2,94,0,9,5,72
9,80,1,5,7,77
6,43,1,9,3,31
9,44,1,4,8,40
9,80,1,9,0,79
3,84,0,6,6,61
1,49,0,6,8,25
1,66,1,5,9,40
3,55,0,9,0,34
5,69,0,9,9,54
3,52,0,8,2,29
9,75,0,8,6,73
9,60,0,8,8,58
3,84,0,9,0,64
3,92,0,9,5,73
5,79,1,6,1,64
2,84,0,7,4,61
6,54,1,5,6,42
7,59,1,6,6,50
9,59,1,8,9,56
6,84,0,6,6,72
3,94,0,6,3,74
5,98,1,6,5,85
4,44,1,8,9,28
5,93,0,7,5,79
8,93,0,4,6,83
8,99,0,5,8,90
6,71,1,5,5,56
1,45,1,6,9,20
8,69,0,7,0,59
8,65,0,8,7,60
2,76,1,4,1,51
4,52,0,4,2,32
2,68,0,6,4,43
4,44,1,6,5,24
7,64,1,8,6,56
9,52,1,8,3,49
8,63,1,9,2,57
9,70,0,8,8,69
8,59,1,6,3,52
2,94,0,7,8,73
7,47,0,6,8,38
2,99,0,6,2,78
2,48,1,4,2,23
4,60,1,8,7,46
1,90,0,5,0,64
5,59,0,8,5,45
6,54,1,9,5,45
9,65,0,7,8,62
8,93,0,7,1,87
2,81,0,8,7,62
1,50,0,8,6,25
2,76,0,6,1,52
7,80,0,5,0,69
4,50,0,6,3,31
5,66,0,4,1,49
7,69,1,4,2,56
3,58,1,7,1,37
2,73,0,7,8,53
7,77,0,5,3,67
5,62,1,7,0,49
1,92,1,9,7,66
1,40,1,4,3,12
9,42,0,5,9,35
5,42,1,4,7,28
1,67,1,8,7,42
7,53,0,8,8,45
9,91,1,5,9,89
1,69,0,6,6,43
4,97,1,9,3,81
3,93,1,9,1,75
5,44,1,7,5,30
7,88,1,5,3,77
8,54,1,9,5,46
2,77,0,7,7,54
7,53,0,4,2,41
1,53,1,6,0,23
7,96,0,7,4,87
8,98,1,8,2,96
2,88,1,8,5,66
9,47,1,4,2,45
1,47,1,5,0,19
6,58,1,7,8,47
1,71,0,4,4,41
3,70,0,8,1,49
6,68,0,8,1,56
3,80,0,8,8,61
8,50,1,6,0,40
5,84,0,6,9,70
2,52,1,8,2,29
4,66,1,9,9,50
9,95,0,5,6,94
4,58,0,6,0,37
8,65,1,7,1,61
5,92,1,6,5,78
1,90,1,7,8,66
7,76,0,6,8,67
3,87,1,8,7,70
8,48,1,7,2,43
3,67,1,5,1,43
1,71,1,6,0,44
5,91,0,6,8,76
2,93,0,8,4,71
4,42,1,7,2,27
1,90,0,9,9,66
9,71,1,8,9,72
6,44,0,7,4,33
8,47,0,6,2,37
4,53,0,6,8,35
9,95,0,6,0,91
2,42,1,6,0,18
9,63,1,4,2,58
5,52,1,6,5,38
6,82,0,6,1,68
3,68,0,9,0,51
4,47,1,9,7,31
6,90,0,7,9,79
7,81,0,6,8,72
1,70,1,6,9,45
7,65,0,7,0,58
1,57,1,6,2,30
5,97,0,6,4,81
6,57,1,8,6,44
2,96,0,4,9,71
9,46,0,7,3,40
6,87,0,8,5,78
7,77,0,9,0,68
8,87,0,5,3,82
1,55,1,5,7,29
8,94,0,9,4,88
4,95,1,4,7,78
8,99,1,5,0,92
6,72,1,4,9,60
9,95,0,5,8,92
4,90,1,5,3,73
2,42,0,8,8,16
2,77,0,5,7,53
5,43,0,9,7,29
9,75,1,4,1,72
3,43,0,6,2,21
8,81,0,6,9,73
4,48,0,6,8,31
6,79,1,4,2,64
6,90,1,4,7,80
3,56,1,6,4,32
5,56,1,9,6,43
3,72,0,5,3,50
1,59,1,6,7,30
7,53,0,7,3,43
4,61,1,4,4,40
7,91,0,7,0,84
3,66,1,7,9,47
5,82,1,4,7,67
5,42,1,6,6,27
2,63,0,9,4,38
2,69,0,8,5,46
4,47,1,7,0,29
4,61,1,6,7,47
4,64,1,8,8,48
6,99,1,7,4,88
2,49,1,6,9,26
6,88,1,7,6,75
7,68,0,6,9,59
3,79,0,9,3,59
8,93,0,5,5,87
2,40,0,5,1,15
8,91,0,4,3,87
5,60,0,8,4,46
2,78,1,7,8,53
7,63,1,7,8,55
2,48,1,6,7,27
6,99,1,8,3,87
3,83,1,7,5,64
9,93,0,8,6,91
3,65,0,8,0,45
3,48,0,5,0,25
5,59,0,7,3,44
7,95,0,7,2,86
8,74,1,4,9,71
7,75,0,8,3,66
9,81,0,6,8,79
5,75,0,5,1,58
3,93,1,4,3,74
6,48,1,5,6,36
5,61,1,6,1,46
4,40,1,4,7,24
2,44,1,5,9,18
7,48,1,6,3,42
5,76,0,9,8,64
4,77,0,4,0,54
8,58,0,6,6,52
9,47,1,4,0,45
9,81,1,7,9,79
3,82,1,7,8,63
3,71,1,5,9,48
5,52,0,8,9,38
5,59,1,9,0,45
2,75,1,8,2,53
1,82,1,6,6,57
8,83,1,4,0,75
3,76,1,7,4,54
1,69,0,8,5,47
1,49,1,7,2,23
2,70,1,9,5,48
6,64,0,6,3,51
6,68,1,9,5,58
3,63,1,9,5,44
4,78,0,6,3,60
2,60,0,4,0,33
2,80,0,9,2,58
7,48,0,8,9,43
1,81,0,6,6,52
7,81,0,6,1,72
1,41,0,7,3,15
6,43,0,5,5,30
3,47,0,9,4,27
8,71,0,8,5,67
6,53,1,4,4,40
2,88,0,9,8,65
8,52,0,4,1,44
5,60,0,7,3,45
8,63,0,9,0,58
8,89,0,4,6,82
6,57,1,9,0,48
2,84,1,6,5,61
8,79,1,9,9,76
6,65,0,8,9,54
6,71,0,9,8,61
8,83,1,4,1,76
1,96,0,8,0,70
2,94,0,4,9,71
9,95,1,5,2,91
8,92,0,5,5,85
7,72,0,8,6,66
7,91,0,5,7,82
5,70,0,5,3,54
2,57,0,6,7,37
6,74,0,4,6,61
3,51,0,5,7,30
4,90,1,8,4,76
2,64,1,6,9,43
2,84,0,5,6,60
8,70,0,9,3,64
8,49,1,8,0,43
6,86,1,4,2,72
5,91,1,9,9,77
8,73,1,5,8,64
4,90,1,8,3,74
4,42,1,9,4,25
5,85,1,8,2,72
1,78,0,7,5,50
1,47,1,9,3,19
2,71,1,8,4,51
8,82,1,9,6,76
7,68,0,7,6,59
9,61,0,4,8,57
5,59,0,4,1,42
2,45,1,6,3,18
7,82,1,9,7,75
8,88,1,7,3,83
7,68,0,8,2,57
7,81,0,6,9,73
5,95,0,9,5,82
2,56,0,6,2,32
6,70,0,9,1,61
4,92,0,4,8,76
2,73,1,8,2,53
9,77,0,7,0,74
7,96,0,4,8,87
6,76,0,6,4,64
5,43,0,5,6,27
3,41,1,6,1,20
4,51,1,5,0,32
3,74,0,9,5,55
8,45,1,4,4,40
3,95,1,9,9,80
7,85,1,7,5,77
7,47,1,8,1,40
7,60,1,5,6,48
7,92,1,8,0,81
2,97,1,9,7,78
3,85,0,4,6,66
9,74,1,4,6,71
3,87,0,9,5,69
2,54,1,9,9,32
9,46,1,4,4,41
9,54,1,7,8,50
4,84,0,5,2,65
9,45,1,8,8,43
3,86,0,6,4,63
7,56,1,9,7,49
7,43,1,9,2,37
8,61,0,4,6,57
4,71,1,8,9,57
3,98,1,8,3,80
3,61,1,7,4,42
5,66,0,5,3,49
1,85,1,7,8,58
3,54,1,7,6,32
6,99,1,8,5,87
3,83,0,5,5,62
5,90,1,5,9,76
9,61,0,5,6,56
2,67,1,4,4,43
2,81,1,5,9,58
6,77,0,8,2,65
6,99,0,4,2,86
8,96,0,6,6,87
2,48,0,9,9,26
9,73,0,7,0,68
2,75,1,5,3,51
1,48,1,6,9,24
2,54,0,5,7,30
7,84,1,7,3,78
8,59,1,8,0,50
5,47,0,8,4,31
6,97,0,7,0,87
1,67,0,6,8,40
6,90,1,4,7,80
8,58,0,9,6,53
3,96,1,9,4,76
1,55,0,9,3,29
4,50,0,4,6,34
1,81,0,5,2,57
8,47,0,7,7,41
5,72,1,7,4,58
1,49,1,4,4,22
8,57,1,6,0,50
9,74,0,9,9,73
2,82,1,7,7,60
9,89,1,8,6,90
8,42,1,8,0,34
7,79,0,7,3,70
3,66,1,9,3,46
2,98,0,9,8,77
7,67,0,9,9,60
5,85,1,6,1,68
6,45,1,8,3,34
4,86,0,6,9,69
2,53,0,4,2,28
9,46,0,5,9,42
3,49,1,9,4,30
7,54,0,4,6,44
8,70,0,5,4,60
2,68,0,8,4,47
6,81,1,5,3,69
8,93,0,5,8,87
7,56,0,7,5,50
3,98,0,5,9,78
1,90,0,7,5,64
6,68,0,5,5,55
8,88,1,7,5,83
6,83,1,8,0,72
5,54,0,8,5,37
8,65,0,5,3,55
2,51,0,6,1,29
1,64,0,8,5,41
1,80,0,4,0,55
4,44,0,4,0,24
6,43,1,7,4,31
9,83,0,6,5,83
1,87,0,9,1,62
1,80,1,7,9,54
5,96,1,5,7,82
5,70,1,8,3,55
5,42,1,6,3,30
6,92,0,7,9,81
8,42,1,7,4,38
3,65,1,4,9,45
9,89,1,5,3,86
1,56,0,7,4,28
4,99,0,4,9,81
9,49,0,6,2,44
8,41,1,7,7,35
9,63,0,9,5,61
1,50,1,9,7,26
9,63,1,4,4,62
3,74,1,9,6,56
9,62,1,5,9,57
1,71,0,8,6,46
1,62,0,9,5,39
9,73,0,6,9,69
6,80,0,7,3,68
4,58,1,4,5,40
7,41,1,7,8,31
5,99,1,8,3,86
7,90,1,7,5,83
8,41,1,7,5,33
8,54,0,4,2,48
1,95,0,8,3,73
8,60,1,6,2,53
6,74,1,4,2,61
4,44,0,8,9,27
8,82,0,8,3,75
3,66,1,7,3,46
4,63,0,5,5,47
6,46,0,5,3,33
7,45,1,6,5,34
4,85,1,7,1,71
4,72,0,5,3,51
7,97,0,4,1,83
6,88,1,6,7,74
8,56,0,7,8,50
1,85,0,9,6,59
7,81,0,4,5,71
7,69,1,5,7,60
7,47,0,5,3,36
7,79,0,5,9,70
8,85,1,5,1,77
9,46,1,8,3,43
9,45,0,9,4,42
2,43,1,6,8,20
7,40,1,6,4,32
7,54,0,5,8,44
4,70,1,6,8,50
9,64,0,9,7,64
8,86,0,4,4,82
1,72,1,4,1,44
2,91,0,6,4,67
2,74,0,5,0,52
8,94,0,7,7,91
1,44,0,9,1,18
4,44,0,5,6,25
5,75,1,8,1,61
9,56,1,7,4,53
7,92,0,9,9,85
8,91,0,8,6,86
9,53,1,6,5,50
7,97,0,8,4,87
5,68,0,6,5,53
5,47,0,8,1,32
6,73,1,7,9,63
5,79,0,8,0,62
9,40,1,5,0,38
3,68,0,6,7,46
3,75,0,4,2,53
7,90,1,8,2,85
7,76,1,6,8,68
6,68,0,4,5,52
3,44,0,6,3,22
7,92,0,6,3,83
5,71,1,4,6,56
7,99,0,4,5,89
2,91,1,7,1,68
6,63,0,9,8,53
8,58,0,8,1,53
1,51,0,8,7,25
4,91,0,6,3,71
1,40,0,5,9,11
1,46,0,5,0,18
8,56,0,9,0,47
7,73,1,6,8,65
1,82,0,7,3,57
2,46,0,4,0,20
4,56,0,6,2,37
1,98,0,8,2,72
3,42,1,5,6,21
8,68,1,5,5,62
8,61,0,5,7,54
8,77,0,7,6,71
6,93,1,8,0,85
6,82,1,7,2,71
5,68,1,4,8,50
9,89,0,6,3,87
4,89,1,6,2,75
7,93,1,5,4,84
1,81,0,5,7,57
9,44,0,4,0,38
7,69,0,7,1,59
9,62,1,9,6,60
7,94,1,9,0,86
2,60,1,9,4,39
6,95,1,8,9,83
4,65,0,4,7,46
3,93,1,6,5,73
2,86,0,6,2,62
6,60,1,7,6,47
8,59,1,4,2,51
6,62,1,8,4,49
9,43,0,4,6,38
5,60,1,4,1,44
2,60,0,7,9,35
8,40,0,8,3,34
9,54,0,9,1,51
4,56,0,6,6,38
6,90,1,5,2,79
8,53,1,9,8,49
9,98,0,8,5,98
5,58,0,6,0,44
6,89,1,9,9,80
4,99,1,7,7,81
5,73,0,8,6,59
7,45,1,8,0,36
9,84,1,6,2,81
6,88,1,6,2,76
6,45,0,4,2,28
8,92,0,4,6,82
4,93,0,8,5,77
3,44,0,5,1,21
7,46,0,7,4,37
5,72,1,6,5,55
2,52,1,4,1,28
2,90,1,7,0,67
6,93,0,9,3,80
8,40,1,9,3,37
1,52,0,8,3,26
6,82,0,6,0,71
2,66,0,9,2,44
2,46,0,6,6,22
7,91,0,4,3,81
1,42,0,9,1,17
6,97,1,5,7,83
7,64,0,9,0,57
8,72,1,6,8,66
7,79,0,5,4,71
6,56,1,7,1,47
9,84,0,9,3,83
3,53,0,6,2,31
6,76,1,9,6,63
4,97,0,9,5,78
2,95,0,6,8,72
1,93,1,5,3,69
1,62,1,4,2,36
3,98,0,9,6,79
4,63,1,8,5,47
2,68,1,7,4,45
1,77,0,6,9,50
4,98,1,9,6,85
7,93,0,4,4,83
6,66,1,6,8,55
6,77,0,9,3,66
9,92,0,7,0,87
2,79,0,8,9,57
4,84,1,6,4,69
5,89,0,9,0,77
1,62,1,5,0,36
8,70,0,4,0,59
8,75,0,8,0,66
6,56,0,6,7,44
5,76,1,9,1,62
8,42,0,8,8,37
3,75,0,5,6,53
3,94,1,6,2,73
2,44,0,8,8,18
5,85,0,6,3,73
3,54,1,6,6,34
3,91,1,8,2,69
6,88,1,6,4,77
8,45,0,5,3,38
2,98,1,8,5,74
4,49,0,9,8,35
7,93,0,8,4,86
1,71,1,5,0,44
1,62,1,5,4,32
7,87,0,5,4,77
7,56,1,9,8,46
1,85,1,9,7,60
1,59,0,6,4,35
4,83,1,6,4,69
5,80,1,7,1,67
5,54,1,6,8,40
4,83,0,5,3,65
8,85,1,7,6,77
7,97,1,5,9,92
9,61,0,4,5,53
7,89,0,9,4,81
1,91,0,8,4,66
7,45,0,4,6,34
1,43,1,9,1,19
7,97,0,9,8,89
8,62,0,5,1,55
9,83,1,6,8,81
3,84,0,8,3,67
4,58,0,6,9,41
4,93,1,6,9,77
9,84,0,8,5,82
7,70,0,8,0,58
3,83,1,4,4,60
5,91,1,5,5,76
7,42,1,6,8,33
8,67,1,5,8,61
1,42,1,5,8,16
2,53,1,7,2,30
7,57,1,4,3,47
2,66,1,6,7,41
7,90,1,9,7,83
9,99,1,8,1,96
2,49,1,8,7,27
7,88,1,5,6,76
4,54,0,4,8,33
2,58,1,4,4,33
7,48,1,6,1,38
5,43,1,6,4,28
1,54,1,5,1,24
5,90,1,5,4,75
3,87,0,5,8,68
7,47,0,7,6,38
6,88,0,4,6,75
8,92,0,5,0,84
5,40,1,4,8,25
2,46,0,9,5,25
9,92,0,8,6,90
8,70,1,8,1,64
6,57,0,4,0,45
7,51,0,9,3,42
9,87,1,8,8,83
7,69,1,8,8,62
3,72,0,8,2,52
6,98,1,6,0,86
7,86,0,9,1,80
2,46,1,6,8,26
3,67,0,4,8,47
4,88,0,4,0,71
6,42,0,7,8,30
1,82,1,6,0,57
9,45,1,4,9,38
5,70,0,6,3,58
7,77,1,7,4,67
9,54,1,4,7,48
9,46,0,4,4,43
1,82,1,4,4,55
1,69,1,4,3,42
3,66,0,5,8,43
6,56,0,9,7,45
2,94,1,9,8,73
1,57,1,6,6,31
1,61,1,6,6,35
5,95,0,6,4,82
4,92,1,7,9,76
1,65,1,5,0,35
4,90,1,6,5,73
3,66,1,6,9,47
2,79,1,4,5,57
9,63,1,4,9,60
1,91,0,4,3,64
7,47,0,6,1,36
4,60,0,4,0,40
5,68,1,6,2,53
5,82,1,7,8,70
1,60,0,7,0,32
6,42,0,8,4,30
9,70,0,5,9,68
2,94,0,4,5,70
7,66,0,9,8,61
6,85,1,4,0,75
5,66,1,5,4,52
4,48,1,5,0,29
4,96,1,8,1,79
6,72,1,5,1,56
4,72,0,6,4,54
5,65,0,4,9,50
6,67,1,5,3,57
5,83,0,6,5,69
7,82,1,5,4,73
9,70,1,9,1,67
7,92,0,6,8,84
7,40,1,7,9,32
4,59,1,6,7,42
1,51,1,8,8,23
8,56,0,6,5,50
4,54,0,5,4,35
1,73,1,7,4,48
5,89,1,7,1,77
8,55,0,6,3,48
4,43,0,5,1,23
8,47,0,7,1,40
8,73,0,9,7,68
3,85,1,6,3,65
9,64,1,6,3,63
3,54,1,6,6,34
1,67,0,7,3,41
2,48,0,4,8,25
6,41,1,5,8,29
2,56,0,8,2,33
6,97,1,8,5,87
1,49,0,5,6,24
1,48,1,4,2,21
5,70,1,5,3,55
9,41,1,6,0,37
8,63,1,9,8,61
3,58,0,5,6,37
3,56,1,5,9,36
1,82,1,9,6,58
3,88,1,7,8,69
1,49,1,8,5,24
8,89,0,8,7,83
1,94,1,6,4,68
5,67,1,9,7,54
9,77,0,6,9,77
7,87,1,7,0,78
4,67,1,6,2,51
9,98,1,9,3,94
9,89,1,9,8,88
2,91,0,4,7,70
6,89,0,7,7,81
4,40,0,9,1,24
8,99,0,9,6,98
7,42,0,7,2,32
7,54,0,5,5,43
9,91,1,5,3,88
5,49,1,4,5,33
6,60,1,9,3,51
1,76,1,7,2,47
6,54,0,7,1,41
2,62,1,5,3,37
6,53,1,8,9,42
9,54,0,8,1,52
8,49,1,9,6,44
9,95,1,5,0,88
8,48,0,9,0,40
3,83,1,6,4,63
8,78,1,7,6,73
6,44,0,9,0,33
6,64,1,4,3,48
6,95,1,8,4,82
3,81,1,9,1,62
1,96,1,6,6,71
4,65,1,7,3,46
6,47,0,6,7,37
2,61,1,9,0,38
7,91,1,7,9,85
7,64,1,7,0,54
4,87,0,5,0,68
4,51,0,5,3,32
1,48,0,4,0,19
2,49,1,4,4,25
9,87,1,6,5,84
8,49,1,5,6,40
8,48,1,7,7,43
9,65,1,5,7,59
7,74,0,7,1,61
9,66,1,5,3,63
2,99,1,7,6,77
6,70,0,6,8,56
3,58,0,5,8,35
6,82,0,8,2,67
3,77,0,8,6,60
8,45,0,7,3,38
4,54,1,6,8,37
6,68,1,7,6,55
9,86,1,6,5,83
2,84,1,4,8,61
2,93,1,5,6,69
7,44,0,6,7,32
2,53,1,7,4,32
2,92,1,4,3,68
4,41,0,7,0,22
9,62,0,8,7,60
8,83,1,8,5,80
2,91,1,5,3,70
8,85,0,9,2,82
4,58,1,5,4,40
2,63,0,4,3,38
7,59,1,8,6,53
6,86,0,6,5,75
5,66,0,8,2,52
1,91,0,9,9,67
2,63,1,5,0,38
8,56,0,7,6,50
1,64,0,4,4,39
3,85,1,9,0,66
2,94,1,8,0,69
5,70,1,6,5,56
4,67,0,9,3,48
7,89,0,6,7,80
5,98,0,6,1,83
8,67,1,4,3,63
4,61,1,6,7,45
6,95,0,6,7,84
4,98,1,8,4,79
2,44,1,4,2,22
1,93,0,7,3,67
1,83,0,7,2,58
8,81,1,6,1,74
4,47,0,9,3,30
5,77,1,5,8,63
8,67,1,4,5,57
7,96,0,5,3,84
8,86,0,4,0,80
8,51,1,4,6,41
6,96,1,8,1,85
2,64,0,6,5,40
6,77,1,8,9,69
1,83,1,9,0,61
1,54,1,5,6,28
3,83,1,5,3,62
3,80,1,7,2,60
5,90,0,9,9,81
1,92,1,9,6,68
6,73,1,8,2,64
7,99,0,8,7,92
3,84,0,9,3,65
4,52,0,8,2,34
3,47,1,7,6,27
1,98,1,8,6,74
8,52,0,8,8,47
2,75,0,9,9,53
1,45,0,9,6,17
8,77,0,8,5,72
7,71,0,8,2,62
7,60,1,9,3,52
4,83,0,5,7,65
9,83,1,6,5,78
6,88,1,5,8,77
2,98,0,8,7,78
1,46,0,4,7,17
1,65,0,4,9,35
9,54,0,7,9,53
4,95,0,5,6,76
5,88,1,9,9,75
3,81,0,7,0,57
4,62,0,7,4,43
8,91,1,4,6,85
4,77,0,5,9,62
9,80,0,6,8,77
9,54,0,9,3,51
6,87,1,5,7,74
2,92,0,7,0,66
7,79,0,8,3,72
9,55,0,7,3,54
6,71,0,5,1,58
3,76,1,4,2,52
7,57,0,5,2,46
5,59,1,6,8,45
1,85,0,9,6,60
3,41,0,9,1,23
5,94,0,8,8,81
7,62,1,8,7,54
3,69,0,7,5,50
6,42,0,5,5,26
5,85,1,9,1,72
1,78,0,4,2,49
6,86,0,6,5,74
8,88,0,7,2,82
1,40,0,5,6,13
2,80,1,4,4,59
4,61,1,5,3,42
2,68,1,4,7,44
9,53,0,5,1,46
8,87,0,5,2,80
8,67,0,9,9,63
4,60,0,7,3,40
5,84,1,5,9,73
4,71,0,5,5,53
9,45,1,7,4,42
2,93,0,7,4,69
8,40,0,8,6,32
2,60,1,8,7,38
1,96,0,9,5,70
3,43,1,7,2,22
9,42,1,6,3,35
3,88,0,9,0,68
9,69,1,4,4,67
7,70,1,7,9,63
1,73,0,8,7,50
5,58,1,5,2,42
9,59,1,7,9,55
3,62,0,7,3,41
9,93,1,8,3,91
5,98,0,8,5,84
9,79,1,6,8,77
6,64,0,9,9,57
9,54,0,8,2,50
7,77,0,8,3,70
7,62,0,8,5,55
8,91,0,9,5,86
7,41,1,5,6,31
9,96,0,7,0,92
9,96,0,7,8,94
6,54,1,8,1,42
7,91,0,9,3,83
2,83,1,6,2,60
9,74,1,8,2,73
1,49,0,9,4,24
1,53,1,9,6,30
3,66,1,6,6,47
6,93,1,9,6,85
5,53,0,7,2,38
2,74,1,6,8,52
9,72,0,6,5,68
4,91,0,4,9,71
4,40,1,6,7,20
5,73,0,6,0,60
8,58,1,5,3,51
4,63,1,7,6,44
5,81,0,8,8,69
4,43,0,4,2,21
6,75,0,6,5,60
3,52,1,5,7,32
8,97,1,5,2,94
6,71,1,9,5,61
5,48,0,8,8,34
2,78,1,8,8,60
7,55,1,7,5,48
2,89,1,9,4,69
1,42,1,6,0,12
7,91,0,5,2,82
5,59,1,4,2,43
1,49,0,7,3,22
4,95,1,6,4,78
4,97,1,9,7,82
7,97,1,8,8,90
9,61,0,9,6,59
2,87,0,6,9,64
1,42,0,9,5,17
2,50,1,8,2,27
7,64,1,6,8,56
6,81,0,4,9,69
4,87,1,7,0,73
1,47,1,9,8,20
1,48,0,8,2,22
5,54,1,4,8,38
1,71,1,5,9,45
7,92,1,4,0,82
1,42,0,4,7,14
1,43,1,4,5,14
2,69,0,8,8,49
3,52,1,5,3,32
1,83,0,7,4,57
9,60,0,4,5,52
8,80,0,8,8,74
5,96,0,8,5,82
2,85,1,7,8,64
5,58,0,6,1,40
6,78,1,5,3,65
1,87,1,5,2,62
4,61,0,9,3,44
9,59,1,4,0,54
2,76,1,6,1,49
5,70,1,5,3,55
1,49,1,9,9,22
4,57,0,4,3,41
4,82,1,6,4,65
6,78,1,8,8,71
9,85,1,4,0,80
3,59,1,6,7,39
9,57,1,7,2,53
6,50,0,5,8,38
7,61,1,4,7,52
2,98,0,9,7,78
6,83,1,8,8,71
6,57,0,9,3,46
2,97,1,4,4,70
2,73,1,5,6,49
2,62,0,5,1,36
1,40,0,6,6,13
5,94,0,9,2,79
8,49,1,9,5,41
2,92,0,8,5,67
5,40,0,6,5,26
8,77,0,8,9,72
5,78,1,4,1,63
2,88,1,4,8,65
3,48,1,9,7,27
6,70,0,6,6,56
5,46,1,7,8,34
4,56,1,5,3,40
4,74,1,6,1,56
5,87,1,6,3,72
2,76,0,4,9,54
9,91,1,5,2,88
2,57,0,6,1,32
2,72,0,4,1,46
9,43,0,4,7,41
3,62,0,9,4,40
7,50,0,9,5,41
4,91,0,6,7,74
6,48,1,6,6,35
4,69,0,4,6,50
7,47,1,9,6,40
1,79,0,6,6,53
3,44,1,5,7,23
3,51,0,4,0,28
1,40,1,4,2,11
6,54,1,6,0,41
9,64,0,6,7,61
8,57,0,6,1,52
7,77,0,5,6,71
8,81,0,4,5,77
6,85,1,7,0,73
9,92,1,5,5,91
3,65,0,5,8,44
9,79,0,9,2,77
4,98,1,4,6,83
7,42,0,7,3,32
9,93,1,4,0,91
2,61,0,5,6,37
2,65,0,6,0,37
9,58,1,4,3,51
3,83,1,4,8,63
9,83,0,6,4,81
5,86,1,7,6,70
6,99,0,7,6,86
2,78,1,4,2,53
8,98,0,6,7,92
9,75,0,9,0,72
2,60,0,4,3,35
6,80,1,6,9,68
6,93,1,5,3,84
8,87,1,9,1,84
5,65,1,6,5,50
9,52,0,4,0,46
1,75,1,8,2,52
9,63,1,7,8,61
7,80,1,4,9,72
4,65,0,6,5,49
3,60,1,9,1,41
6,57,1,9,8,45
1,54,0,6,1,24
3,54,0,7,6,34
2,45,0,4,0,19
9,82,0,9,4,80
3,70,0,9,6,51
2,67,0,8,2,44
4,47,0,5,3,29
2,68,1,8,4,44
1,60,0,5,2,32
6,56,0,9,5,45
8,95,0,5,2,88
2,96,0,4,7,72
9,88,0,9,6,86
3,63,1,9,0,43
8,97,1,5,1,87
8,99,1,6,3,95
3,89,1,5,4,72
3,75,1,5,9,55
6,70,1,7,3,59
1,86,1,7,3,64
4,73,0,4,8,58
1,41,0,4,3,15
3,81,0,6,3,60
9,42,0,7,3,38
5,69,0,8,1,53
5,47,0,4,7,31
4,91,1,4,3,71
3,46,0,7,4,24
5,51,0,7,7,37
4,97,0,6,3,79
8,58,1,7,4,52
4,65,1,5,4,47
8,67,1,9,5,65
6,54,0,8,6,44
5,53,0,9,2,40
4,87,0,5,9,69
4,98,1,5,2,80
4,53,1,9,8,37
9,42,0,5,0,36
4,89,1,4,9,72
9,68,0,9,7,69
6,99,1,5,9,89
7,93,1,4,2,83
3,45,1,7,4,25
8,88,0,8,2,82
3,62,1,8,9,41
1,67,0,5,0,40
5,53,0,8,9,39
2,53,0,4,4,27
6,59,1,7,7,48
9,52,1,5,4,49
1,66,1,6,3,38
4,99,0,9,8,81
1,74,1,8,0,49
1,84,1,8,4,60
8,95,0,5,0,88
2,41,0,9,5,18
1,80,0,9,9,56
8,84,1,8,8,80
4,79,1,8,1,60
3,87,0,6,3,66
4,63,1,9,7,49
5,68,0,4,2,51
1,42,1,5,6,16
1,84,0,5,6,57
3,43,1,6,1,22
6,89,0,6,9,78
1,41,0,4,3,13
2,59,0,7,0,35
7,93,1,5,7,85
1,92,1,9,9,69
7,54,1,8,9,48
4,88,0,4,8,67
6,71,0,5,0,57
8,81,0,9,6,75
9,40,0,4,0,35
6,77,0,7,0,67
9,74,0,9,8,72
4,90,0,5,9,70
6,46,0,8,9,34
8,84,0,9,5,79
9,52,1,5,0,47
3,88,0,4,6,64
2,40,1,7,2,15
6,53,0,9,9,43
4,68,1,4,3,49
1,97,0,4,3,67
8,42,1,6,7,36
9,85,0,4,0,82
9,63,0,9,7,61
2,40,0,7,8,17
9,87,1,8,6,86
7,49,0,6,0,38
5,52,1,4,6,35
7,75,1,9,5,69
9,48,1,5,4,44
8,53,1,6,4,48
6,75,1,7,0,63
4,49,0,5,5,32
1,79,1,7,3,53
6,62,1,5,0,51
3,74,1,8,7,55
6,94,1,7,7,82
6,46,0,5,3,36
4,81,0,7,6,64
2,74,0,6,2,50
9,41,1,7,7,39
2,54,1,9,6,31
3,48,1,7,4,28
1,86,0,5,4,59
7,56,1,7,8,48
1,78,0,8,5,52
9,91,1,4,5,87
1,57,1,6,1,27
5,54,0,9,4,43
7,57,1,5,3,47
3,63,0,7,9,41
9,62,1,7,2,60
8,51,0,7,8,45
3,62,1,6,6,42
5,60,1,9,3,44
7,65,1,4,8,56
4,47,1,8,8,31
5,69,1,9,6,56
3,73,0,8,4,55
9,41,0,9,8,36
9,44,1,5,6,37
7,70,0,4,8,63
2,72,0,4,2,47
7,93,0,6,8,85
7,43,0,9,0,34
5,45,1,7,4,30
9,62,0,4,1,54
3,84,0,9,0,64
4,58,1,7,2,42
1,82,1,6,6,55
6,84,1,9,2,76
4,47,1,9,9,32
1,78,1,5,9,52
2,52,1,9,8,32
3,40,1,5,2,16
9,45,1,7,5,45
8,46,0,7,1,38
7,87,1,4,7,81
4,66,0,6,9,49
1,54,1,5,4,27
8,91,1,4,1,85
4,73,0,8,6,56
3,97,1,4,2,79
9,96,1,7,4,94
4,62,0,8,8,46
4,87,0,4,0,71
9,88,0,9,1,83
2,63,0,6,4,36
5,54,0,5,3,38
4,74,0,9,0,57
9,43,1,8,6,41
5,83,1,6,8,66
9,76,1,4,0,71
9,56,1,9,7,56
2,70,1,7,8,48
9,77,0,7,1,73
3,49,0,6,0,27
4,93,1,7,5,77
1,89,0,5,6,64
1,66,1,6,1,39
1,81,0,6,4,55
9,45,1,7,4,43
8,95,1,6,6,88
5,45,1,4,0,28
5,91,0,8,9,78
9,54,0,9,7,52
3,43,1,8,4,23
3,96,0,9,2,75
7,87,1,7,8,78
9,93,1,5,2,91
6,95,0,5,6,85
2,79,1,7,9,57
1,46,1,7,6,22
2,90,1,6,9,68
1,97,0,5,7,71
9,88,1,8,9,87
8,92,1,7,7,87
7,84,1,8,3,74
3,86,1,9,0,67
8,65,0,8,3,62
2,97,1,5,5,72
2,70,1,9,9,49
3,41,0,8,5,23
7,67,0,6,5,55
1,81,0,6,6,57
8,52,0,5,0,44
7,57,0,6,9,46
4,69,0,7,0,51
5,94,1,9,6,79
1,50,1,5,3,23
4,52,0,9,5,35
1,90,1,8,5,65
1,63,0,7,8,38
1,96,1,5,1,67
7,68,0,8,3,61
7,95,0,8,3,87
4,93,1,8,6,80
2,44,0,8,0,20
3,74,1,8,4,53
8,58,0,5,3,48
8,94,0,6,1,90
6,52,1,8,4,41
9,44,0,7,8,43
9,83,1,5,7,80
4,53,1,4,8,33
1,77,1,6,6,52
1,61,1,7,9,36
5,48,1,8,6,32
2,88,0,5,1,67
6,79,0,5,2,66
7,65,1,8,9,56
1,84,0,7,7,59
6,44,1,5,1,30
8,68,0,9,6,63
5,93,1,6,5,79
7,61,0,7,9,56
6,88,1,8,3,77
4,42,0,7,3,24
7,67,1,9,2,59
9,77,1,7,5,75
7,53,0,4,2,39
5,86,1,8,8,73
7,53,1,6,3,44
3,82,0,8,3,62
2,50,0,4,1,27
5,48,1,8,1,35
4,77,1,8,6,61
5,86,1,6,4,72
8,83,1,4,2,78
4,45,0,8,5,29
9,40,1,9,5,36
7,64,1,8,0,55
7,55,0,5,2,42
8,91,0,8,4,83
6,54,1,6,6,42
8,73,0,5,3,66
3,56,0,9,7,39
1,42,0,9,2,16
6,42,1,9,5,31
1,76,1,4,5,48
9,56,1,9,8,55
2,94,0,7,3,73
2,88,1,6,6,66
7,91,1,4,9,85
2,77,1,5,0,52
8,40,0,7,0,33
6,46,1,4,1,35
7,65,1,6,3,57
7,86,1,5,5,77
6,78,1,6,3,66
9,58,0,6,5,53
9,91,1,5,1,84
7,93,1,9,8,87
9,69,0,8,2,66
3,82,0,6,6,65
3,94,0,9,0,77
1,53,0,5,7,29
5,52,0,6,3,36
4,59,1,8,4,42
2,65,0,5,6,41
9,66,0,4,2,59
3,64,0,4,8,43
8,48,1,9,8,44
6,80,1,4,7,68
5,87,1,7,0,72
1,51,0,6,1,21
4,49,1,6,1,34
3,45,0,5,2,20
1,89,0,7,1,60
5,73,1,6,0,57
6,98,1,5,4,85
2,91,1,8,5,70
3,80,0,6,6,60
6,58,1,9,9,45
4,45,1,6,6,28
9,41,1,8,1,41
5,54,1,8,6,40
4,56,1,6,1,38
2,55,0,8,1,29
6,67,0,5,5,56
2,60,1,6,5,37
7,47,0,6,7,38
3,49,0,4,4,30
9,49,0,9,4,49
5,89,1,6,9,74
8,49,0,4,0,40
6,48,1,8,3,39
8,67,0,9,0,61
3,63,1,9,9,45
3,58,0,8,4,35
5,72,0,5,7,57
3,43,1,4,0,20
8,95,1,6,2,86
8,42,0,4,0,35
2,81,1,8,5,58
4,51,1,8,9,38
1,57,1,5,0,30
4,62,1,9,9,47
4,59,0,9,2,42
9,45,1,8,4,39
3,92,0,4,4,69
2,73,0,9,1,51
9,81,1,6,2,78
9,41,1,6,8,40
1,69,1,4,0,41
6,48,1,5,0,37
8,66,0,6,1,59
3,81,0,4,7,60
9,73,1,4,5,70
2,79,0,8,3,55
6,63,1,9,6,55
1,88,0,8,5,63
7,56,0,9,8,49
3,68,0,5,5,47
7,75,1,5,1,65
4,89,1,5,2,71
9,51,0,4,8,47
5,70,1,4,6,53
3,88,1,8,5,70
8,48,0,6,4,41
6,58,1,9,2,49
2,85,1,9,3,63
3,85,0,5,0,62
8,56,0,9,4,51
7,41,0,7,6,32
6,79,0,5,1,63
1,44,1,9,7,21
9,98,1,8,9,99
3,78,0,9,5,60
5,93,0,4,9,77
7,87,1,8,2,82
7,55,1,8,1,44
3,56,1,8,7,35
4,93,0,7,3,73
7,66,0,7,6,57
8,46,0,9,6,44
2,91,0,5,9,68
9,47,1,9,8,47
7,47,0,9,9,37
8,62,0,9,7,59
6,71,1,4,7,59
6,82,0,8,6,72
9,86,1,6,9,82
4,57,0,5,4,38
5,77,1,5,8,60
9,93,1,8,6,91
1,51,1,5,2,24
4,54,0,8,5,34
7,67,0,5,2,57
9,94,0,9,5,93
6,77,0,4,7,64
8,89,0,5,8,82
9,95,0,5,1,91
4,70,1,6,5,56
1,91,0,4,2,63
8,48,0,9,6,42
2,47,1,4,3,20
1,85,1,4,4,58
7,58,0,5,9,52
9,90,1,7,5,85
9,47,0,5,7,41
3,73,1,8,1,53
6,96,0,6,3,84
7,43,1,4,3,32
9,70,1,8,5,66
2,77,0,9,3,56
8,42,0,8,4,36
7,74,1,7,4,66
4,58,1,4,7,40
2,82,1,5,3,55
8,68,1,4,5,61
5,49,0,6,6,34
6,51,1,4,7,36
7,85,1,8,8,78
1,69,0,8,9,45
8,69,0,5,7,62
4,99,0,5,3,82
9,57,0,5,3,52
1,63,0,9,9,39
2,71,0,6,4,46
6,48,1,9,2,38
1,86,1,9,1,60
4,63,1,9,1,47
8,65,0,4,8,57
5,42,0,7,7,27
9,62,1,4,5,58
6,50,1,5,8,35
1,49,0,6,4,22
6,89,0,9,9,79
6,75,1,4,0,64
6,99,1,8,7,91
8,52,1,9,2,47
6,68,1,4,8,59
5,77,1,8,0,63
2,98,0,4,2,70
4,92,1,4,0,72
5,52,1,9,0,38
4,96,0,4,5,79
2,65,1,5,3,43
7,59,0,8,9,51
2,44,0,6,3,23
1,59,1,7,4,34
5,53,1,9,2,39
1,84,0,8,1,58
1,53,0,5,9,27
1,47,0,8,7,20
6,87,1,6,6,76
9,52,1,9,9,50
1,63,1,8,3,41
5,54,1,5,1,39
9,90,1,9,8,89
9,40,0,5,7,36
1,61,1,9,3,36
8,73,1,7,4,67
1,89,0,6,9,64
8,90,1,7,5,85
1,79,1,4,3,54
5,42,1,5,1,29
8,94,0,7,4,91
6,65,0,5,0,50
9,53,1,9,6,49
1,97,1,5,8,72
9,80,1,4,2,78
1,47,0,5,5,18
3,88,0,9,8,73
1,94,1,9,3,70
3,94,1,7,5,75
2,95,1,6,2,70
2,55,1,8,8,33
9,81,0,7,6,78
8,60,0,4,6,53
1,49,1,8,3,21
4,96,0,5,5,78
1,64,0,7,7,38
1,95,1,8,5,68
4,77,1,7,5,60
2,61,1,5,3,35
3,88,1,9,7,69
9,87,0,7,9,88
2,86,1,4,7,63
4,93,1,8,8,77
1,85,1,8,5,62
2,43,1,8,1,23
5,43,0,7,3,31
1,69,1,5,3,42
7,41,1,7,7,33
4,68,0,7,4,50
6,82,1,9,3,75
8,75,1,8,7,71
6,60,1,5,2,47
2,99,0,6,1,74
1,60,1,5,3,34
8,87,1,7,0,78
8,60,1,4,0,50
9,43,0,5,4,39
6,40,1,8,0,28
1,65,1,4,3,38
9,95,1,6,7,93
3,90,0,6,7,70
6,41,0,4,1,26
9,48,1,6,2,44
3,94,1,4,2,75
5,96,0,7,0,82
5,84,1,4,2,68
7,57,0,7,7,49
4,87,0,8,5,68
4,87,0,8,4,69
7,96,1,6,9,88
9,81,0,9,8,82
4,80,0,9,6,66
4,50,1,4,5,31
6,64,1,7,4,53
6,65,1,8,4,56
7,97,0,8,9,90
1,75,0,8,8,50
3,81,1,6,9,59
9,74,0,8,5,68
6,77,1,9,3,67
6,42,1,5,3,31
5,98,1,6,3,84
3,80,1,4,5,59
5,74,1,5,0,56
1,89,0,6,8,63
3,79,0,6,1,58
4,61,1,7,1,41
5,47,0,5,4,31
9,54,0,5,3,49
4,84,1,9,2,71
3,46,0,5,4,24
1,58,0,8,6,33
6,79,1,9,9,70
7,81,0,8,1,73
8,56,0,9,5,52
1,40,0,4,3,14
4,84,0,9,1,68
5,68,0,4,0,51
2,97,1,9,7,78
1,52,1,4,4,27
8,95,1,8,9,90
6,87,1,9,1,79
5,68,1,7,7,51
9,80,0,9,2,76
2,81,0,4,6,58
8,45,1,6,1,38
9,44,1,8,6,42
1,73,1,7,3,50
7,50,0,6,9,41
8,48,0,6,0,40
3,77,0,8,4,54
4,79,0,9,3,63
3,80,0,5,7,59
7,48,0,7,0,38
9,47,1,9,1,44
3,83,0,8,4,66
6,97,1,5,9,86
8,79,1,8,9,72
6,42,0,8,1,32
2,52,0,6,0,26
7,58,0,9,5,52
2,73,0,8,9,51
2,71,0,9,3,51
2,88,0,5,4,64
1,55,0,6,2,27
1,75,0,5,9,49
7,57,1,5,5,48
5,53,1,6,3,38
3,69,0,9,5,50
1,41,1,5,4,15
6,52,0,4,1,41
1,66,1,9,3,41
9,98,1,8,1,94
2,92,0,6,4,69
1,91,0,6,2,64
7,56,0,9,5,48
6,70,1,4,4,59
6,54,1,4,1,42
5,96,0,4,9,83
4,59,1,4,7,41
4,44,0,7,5,26
3,46,1,6,8,24
8,57,0,5,2,49
7,95,1,6,3,86
9,50,0,6,7,44
1,71,0,6,6,45
7,89,0,4,7,77
4,66,1,4,8,50
7,65,0,7,7,56
1,76,1,9,7,52
5,84,0,6,5,71
3,67,0,8,1,46
5,89,0,9,6,77
4,41,1,7,3,22
2,59,1,4,2,34
4,43,1,6,3,24
3,52,0,4,3,29
1,63,1,9,2,38
8,87,0,5,8,81
5,77,0,4,2,59
4,97,0,4,1,78
5,79,0,7,0,64
4,87,0,5,0,68
3,84,1,9,4,65
5,94,1,8,4,81
4,68,0,8,8,55
1,97,0,8,3,71
3,75,1,6,4,55
8,41,0,8,5,35
7,80,0,6,9,69
2,57,0,9,6,37
1,88,0,9,8,64
3,47,1,4,5,28
5,97,0,8,0,82
1,54,1,7,7,27
3,80,1,9,1,61
3,56,1,5,8,36
5,62,1,5,6,44
3,41,0,9,6,24
9,45,0,4,9,41
1,68,0,5,9,42
4,66,1,5,4,48
4,76,1,4,7,58
1,88,1,4,9,62
2,73,0,4,0,46
1,57,0,7,2,27
6,81,0,4,8,67
3,49,1,4,0,28
7,77,1,4,7,67
5,98,0,9,5,84
9,83,1,8,9,82
7,56,1,9,4,48
4,98,0,8,5,79
5,52,1,7,4,40
5,91,1,7,8,81
5,99,0,5,1,83
9,87,1,9,9,85
3,81,1,8,5,62
6,66,1,7,3,54
8,92,1,7,2,85
9,41,0,9,4,38
7,73,0,5,1,59
3,70,1,4,2,49
1,62,0,6,6,36
4,46,0,5,0,24
6,77,0,6,1,64
3,72,1,5,2,51
1,51,1,5,9,23
6,84,0,4,6,71
1,51,0,7,3,27
9,58,0,8,7,55
1,48,0,5,7,18
6,49,1,4,0,35
1,56,0,6,4,29
7,89,1,9,0,81
3,79,1,9,6,59
6,78,1,7,3,68
7,80,1,9,7,76
1,49,1,5,7,22
1,51,1,6,8,25
5,54,1,5,5,39
6,70,0,9,6,57
9,54,1,8,6,52
1,67,0,9,4,39
4,43,0,8,6,26
8,75,0,9,8,74
9,94,0,7,3,93
3,40,0,6,1,18
2,97,1,8,7,76
4,83,1,4,6,68
2,96,0,7,5,73
1,73,0,5,6,46
3,86,0,9,2,63
7,56,1,6,5,47
1,78,0,6,9,52
2,77,1,9,6,56
1,83,1,4,6,57
8,90,0,8,4,84
5,72,1,9,2,59
8,99,1,6,1,96
3,60,1,4,6,39
7,65,0,4,3,51
8,85,0,5,1,77
6,75,0,4,7,62
7,44,0,7,1,36
2,72,0,6,5,48
8,40,0,7,3,34
5,92,0,4,8,77
7,45,0,4,4,36
1,76,1,7,3,50
5,41,0,5,7,25
1,96,1,4,2,72
8,92,1,7,8,91
4,98,0,7,7,79
4,98,1,6,7,82
2,44,1,5,9,22
5,65,0,8,4,53
1,80,1,7,0,53
9,90,0,6,9,88
5,92,1,8,8,80
6,86,1,6,1,76
2,52,0,6,0,27
1,51,1,9,5,26
4,44,1,5,0,25
7,41,0,4,9,31
6,98,0,5,9,89
1,43,1,8,9,21
1,98,1,9,6,75
8,66,0,5,6,61
4,89,1,4,0,69
5,92,0,5,9,78
7,49,0,5,4,38
8,52,0,5,2,41
7,83,1,7,1,74
2,41,1,7,4,18
4,65,1,5,4,49
1,54,0,4,1,26
9,85,1,4,5,81
3,96,0,4,6,75
3,49,1,4,0,30
9,61,0,9,2,55
3,79,0,9,3,59
8,64,1,6,1,60
2,54,0,5,9,30
3,52,1,5,4,28
2,47,1,6,3,23
1,60,1,4,1,35
2,60,1,8,0,37
8,61,1,8,7,54
9,85,0,6,1,81
2,72,1,8,3,49
7,84,0,7,9,79
5,66,1,5,4,51
3,79,0,8,1,59
9,89,0,9,9,91
6,61,1,9,8,52
1,69,0,7,1,41
5,48,1,5,5,34
7,84,1,7,6,76
4,74,1,5,5,56
8,57,0,5,3,49
5,81,0,8,0,66
9,44,0,9,1,41
9,66,0,6,9,63
9,96,1,8,9,98
1,45,1,4,5,17
2,71,0,7,7,48
3,47,0,4,2,25
4,95,1,5,6,78
9,78,0,8,8,74
6,60,1,4,3,47
1,57,0,4,6,30
9,53,0,9,6,48
6,54,0,4,9,38
4,81,1,9,8,65
4,65,1,9,2,49
3,92,0,5,0,73
7,83,0,9,7,79
3,71,0,5,3,49
2,78,0,9,1,57
8,67,0,9,4,64
4,99,0,5,3,78
8,78,0,4,0,70
1,82,0,7,6,56
5,71,1,8,3,57
9,52,1,8,7,51
1,54,1,5,8,31
4,57,1,4,7,39
6,78,0,7,0,65
8,45,1,6,7,36
3,94,1,5,4,74
5,50,0,6,0,34
7,71,1,8,8,64
1,79,1,8,8,55
7,59,1,7,6,50
8,72,1,7,6,68
8,79,1,6,0,70
9,47,0,8,8,45
6,90,0,7,0,80
6,74,0,7,6,63
2,44,1,8,8,25
3,74,1,8,8,55
4,86,1,4,4,68
4,53,0,9,5,36
8,60,1,7,1,52
1,86,1,6,1,59
4,63,1,5,9,46
4,56,1,5,8,42
1,57,0,8,0,33
3,73,0,9,9,55
5,51,1,6,4,36
6,55,0,4,6,45
9,43,0,7,9,40
9,64,0,4,5,58
9,73,1,6,5,67
1,67,0,4,5,37
9,85,0,8,7,80
8,50,1,5,6,44
2,52,0,8,4,27
1,70,0,7,9,45
1,99,0,8,1,74
6,64,1,6,9,53
9,78,1,6,5,75
7,49,0,7,9,41
5,63,1,7,4,50
2,40,1,5,3,13
1,92,1,4,9,66
2,64,0,5,4,42
1,67,0,8,8,42
3,75,1,4,1,50
6,57,0,7,5,44
8,45,1,6,8,38
3,41,1,8,9,25
9,42,0,5,4,38
5,85,1,9,5,74
7,47,1,9,9,37
8,70,1,7,3,64
3,87,1,4,4,67
2,58,0,9,7,36
2,89,1,4,0,61
5,45,0,6,0,29
1,53,1,7,9,28
2,42,0,7,3,15
9,87,1,8,9,88
7,40,1,8,2,31
6,83,0,4,4,70
9,69,0,9,9,66
7,85,1,9,7,78
5,58,1,5,0,41
9,93,1,4,4,89
6,58,1,9,4,50
6,48,1,8,1,33
4,46,0,8,4,28
1,85,0,8,7,60
5,76,1,4,9,62
9,89,0,7,6,86
8,80,0,5,1,73
8,92,1,5,5,87
5,46,0,8,9,29
9,48,1,6,0,47
3,43,0,4,9,20
3,64,0,9,9,45
1,88,0,9,2,63
9,51,0,7,5,50
6,45,0,8,8,34
2,57,1,6,0,35
8,79,0,8,5,73
9,60,1,6,1,57
9,54,0,5,8,50
2,42,0,6,1,14
2,41,0,5,2,16
7,95,1,5,1,84
4,94,0,4,3,75
1,80,0,6,3,55
8,79,1,7,9,75
2,98,1,7,0,73
3,43,1,6,7,23
5,71,0,4,4,55
3,41,0,7,7,20
7,85,0,8,5,77
7,68,0,7,1,59
2,41,1,4,6,19
7,73,1,5,9,65
6,66,0,5,8,54
9,99,1,5,6,96
9,93,1,4,4,89
2,78,1,5,3,54
7,83,0,5,7,74
5,77,1,4,5,63
6,57,0,8,4,45
1,75,0,7,6,46
7,58,0,4,2,47
6,66,1,4,8,54
4,84,1,6,3,67
1,59,1,5,3,32
9,60,1,9,7,61
4,62,0,8,5,47
2,69,0,9,0,44
8,64,0,6,1,57
2,70,1,8,8,52
5,66,1,5,5,53
6,73,1,9,6,66
8,47,0,5,8,37
1,58,0,5,2,30
1,80,1,7,4,53
4,65,0,8,4,47
5,67,0,8,9,56
9,43,1,6,6,40
7,70,1,4,1,61
7,55,0,5,3,46
8,90,1,5,3,84
5,49,0,9,7,35
5,77,1,6,9,63
1,87,0,8,2,63
9,49,1,7,1,47
6,84,1,8,8,71
9,48,1,7,3,45
3,78,0,7,8,56
5,75,0,8,5,63
2,90,1,9,0,66
5,97,0,5,2,81
8,75,0,7,6,68
2,58,1,9,8,37
8,99,1,6,7,95
4,58,1,6,4,38
1,51,0,7,7,25
5,52,1,5,1,37
1,64,0,7,2,34
7,75,0,6,7,66
8,64,0,6,8,57
3,67,1,8,9,51
3,81,1,5,7,59
7,92,0,8,3,83
4,78,0,9,5,60
3,69,1,9,4,50
8,44,1,9,3,39
3,56,1,4,8,35
7,57,1,9,9,48
2,82,1,7,2,61
1,86,1,8,0,60
6,60,1,9,6,50
8,61,1,5,9,53
1,78,1,9,7,56
9,89,0,7,2,85
3,97,1,7,2,75
3,96,1,7,5,77
4,45,0,7,1,23
1,89,1,7,5,65
9,55,1,5,4,51
3,41,0,4,6,19
4,90,1,6,8,74
1,40,0,4,8,13
4,96,0,6,0,77
1,69,1,8,6,44
5,97,0,7,2,83
5,82,0,8,3,65
7,91,0,8,1,82
8,76,0,6,0,69
4,87,1,5,9,68
7,62,0,7,2,49
4,40,0,9,9,25
3,58,1,8,8,39
6,85,0,4,0,71
4,42,1,7,2,27
3,41,0,5,4,19
9,95,1,7,2,92
5,76,0,9,3,62
7,56,1,9,3,46
6,67,0,8,0,52
5,57,1,4,5,40
7,72,1,8,6,65
6,54,1,5,6,42
2,61,1,6,5,37
3,80,1,9,6,62
2,66,0,4,2,41
3,94,0,9,4,75
1,76,1,5,6,53
8,71,1,5,9,65
6,99,0,9,4,86
2,84,0,8,9,62
8,58,1,9,1,52
6,67,0,8,5,55
7,67,1,9,6,61
1,95,1,8,1,70
7,49,1,6,9,41
3,59,0,7,7,39
8,64,1,7,4,55
6,60,0,8,7,47
4,53,0,8,2,33
8,61,0,6,1,52
9,92,0,7,6,89
2,65,1,6,4,39
6,83,1,5,4,71
5,50,0,9,7,38
5,94,1,7,8,83
3,46,0,8,7,23
8,56,1,4,9,50
8,57,1,5,1,49
5,46,1,9,9,33
8,95,1,4,6,89
8,59,1,6,4,53
3,77,1,9,6,62
2,50,0,6,2,28
9,83,1,6,3,80
2,97,1,8,6,76
9,55,1,6,1,51
4,90,0,4,1,74
2,94,1,5,0,72
1,66,1,8,0,40
4,90,1,5,0,71
9,50,0,6,5,46
9,55,1,7,4,52
4,62,0,9,9,46
9,99,0,8,7,97
6,98,1,6,4,87
1,51,1,8,0,22
6,98,0,7,7,87
9,79,0,4,5,75
2,42,1,4,7,15
6,41,1,9,1,30
2,99,0,4,9,78
4,77,0,7,7,60
8,87,0,5,5,79
7,91,0,7,0,82
9,63,1,7,0,59
7,68,0,6,9,62
1,86,1,4,4,60
2,85,0,8,6,63
6,73,0,9,3,61
7,59,1,5,9,50
3,57,1,8,4,39
9,53,1,6,9,50
7,57,1,6,2,46
6,41,0,5,1,27
6,40,1,8,1,28
1,59,1,5,4,32
5,73,1,5,3,57
3,80,0,4,1,60
7,80,0,8,4,72
3,87,1,4,9,66
5,50,0,4,8,34
7,66,0,9,7,61
3,62,1,4,8,41
2,77,0,7,8,54
6,83,1,6,7,72
8,42,1,6,8,36
4,51,1,7,3,36
9,69,0,5,7,62
8,70,1,8,1,67
7,62,0,8,8,56
7,40,0,8,8,32
3,80,0,4,2,55
6,59,0,8,5,46
5,93,1,8,6,80
1,45,1,8,2,19
3,50,0,6,4,28
1,74,1,7,0,48
4,43,0,9,2,29
3,68,0,5,7,49
4,98,1,7,2,81
9,49,0,8,7,43
3,90,1,5,8,72
6,68,0,5,5,55
6,77,0,7,6,66
7,40,0,7,5,30
9,79,0,7,7,76
7,47,1,9,6,40
1,96,0,7,9,74
8,77,0,9,0,69
5,56,1,4,2,41
9,58,0,6,2,53
5,72,0,9,2,60
5,54,0,6,3,35
2,84,0,8,0,61
3,70,0,4,1,48
9,60,0,5,4,56
7,42,1,7,5,34
1,41,0,8,8,16
3,74,1,5,1,56
2,80,0,6,8,57
1,98,1,5,6,71
9,55,1,7,8,53
8,95,1,7,3,87
5,84,1,9,6,71
2,90,0,9,0,67
1,98,0,6,7,72
7,89,0,7,6,81
2,60,1,4,6,36
1,51,1,8,1,27
2,67,1,6,9,42
7,51,1,6,8,43
7,72,1,5,7,64
6,59,1,6,0,49
5,79,1,8,0,64
3,88,0,4,4,66
3,60,1,5,1,37
9,99,0,8,0,96
4,91,0,9,9,73
9,93,1,6,7,91
4,78,1,7,3,63
2,80,1,9,1,55
4,88,1,7,4,71
6,98,0,8,5,87
6,81,1,4,7,71
5,75,0,7,6,59
1,61,1,8,6,39
3,65,0,5,0,43
5,46,0,6,2,30
6,46,0,4,2,33
1,47,0,4,6,19
9,65,0,5,1,60
3,63,1,4,9,41
3,63,1,8,6,47
2,79,1,4,8,56
8,87,0,4,0,79
3,51,1,4,1,32
6,86,0,8,5,72
2,47,0,9,1,24
7,93,1,6,1,87
4,48,0,7,4,30
9,42,1,9,6,42
9,93,0,4,3,87
7,60,1,5,5,51
8,70,0,5,2,62
3,87,1,8,3,68
5,86,1,6,3,73
2,63,0,4,3,38
7,43,0,8,0,33
8,59,0,7,3,52
9,55,1,6,3,52
7,49,1,6,5,40
8,82,0,8,8,77
9,65,1,9,9,64
6,68,1,5,5,58
2,44,0,9,5,21
2,50,1,6,6,27
4,68,1,5,6,50
9,84,1,6,0,80
7,54,0,6,7,45
2,45,1,6,0,24
8,87,0,7,8,80
7,54,1,5,3,42
9,82,1,7,8,80
8,59,1,5,7,54
3,73,1,7,8,54
1,99,1,7,5,77
2,99,0,7,8,77
2,41,1,8,3,21
4,83,1,7,2,66
6,55,1,9,2,44
4,58,1,9,7,40
9,73,0,6,1,69
4,88,1,4,5,70
6,53,1,7,8,41
6,63,1,4,8,52
1,67,1,4,7,39
8,87,0,6,7,81
3,71,0,4,0,47
6,76,1,4,6,64
3,49,1,9,0,26
2,88,1,4,8,65
5,84,1,5,2,69
1,87,1,7,0,58
9,48,0,7,7,46
7,63,0,4,6,56
3,75,1,6,1,57
4,95,1,5,6,81
6,68,1,6,4,56
3,99,0,6,6,79
7,68,1,4,9,60
6,97,1,8,6,90
9,87,0,4,1,81
5,62,0,9,1,48
4,66,1,8,6,50
3,70,1,5,2,46
1,82,1,8,3,59
3,46,1,4,6,26
3,88,0,4,1,67
7,93,0,6,1,83
7,84,1,4,8,75
1,43,0,9,0,17
3,53,1,4,2,31
8,81,0,7,9,75
9,81,1,7,3,77
7,49,1,6,4,40
7,98,0,8,2,90
8,83,0,8,8,77
6,73,0,7,4,61
3,65,0,9,6,46
1,62,0,5,6,34
7,48,1,9,8,39
1,76,1,7,1,48
1,47,0,9,2,21
9,92,1,5,3,88
7,53,1,8,7,43
4,46,1,7,0,29
6,46,1,4,8,31
1,48,0,5,4,21
7,42,1,5,3,32
6,53,1,5,7,43
4,56,1,8,8,41
7,89,1,9,2,81
3,83,0,6,3,65
1,61,1,4,0,36
4,85,1,7,2,69
3,65,1,9,9,47
1,97,0,5,4,70
2,67,0,8,7,45
5,84,1,5,0,71
8,53,1,9,0,50
1,48,0,7,2,22
4,90,1,4,8,72
4,65,0,5,8,47
5,41,1,8,0,27
7,50,1,8,3,44
8,56,0,6,7,48
6,73,1,8,1,62
1,58,1,6,3,32
7,78,1,4,6,69
3,57,0,7,6,39
6,52,0,6,4,39
8,44,1,5,6,37
7,89,1,9,5,85
6,62,1,5,1,52
9,97,1,7,8,95
9,95,0,8,4,90
1,63,0,9,1,37
1,68,0,5,5,39
1,87,1,9,9,67
8,86,1,6,4,80
7,47,0,7,1,35
3,65,1,5,9,47
2,54,1,8,9,34
4,96,0,9,6,82
3,40,1,8,9,21
7,67,0,9,1,61
8,88,1,5,6,82
6,86,1,7,5,75
3,85,1,4,3,64
6,53,1,5,3,37
2,81,1,8,5,59
7,73,0,4,8,65
7,98,0,7,9,90
4,70,1,8,5,54
8,45,1,7,5,36
4,88,0,9,0,69
7,44,0,5,4,31
4,70,1,7,0,53
5,76,0,8,8,62
7,54,0,5,9,45
3,54,0,8,3,34
5,91,1,8,1,77
3,82,0,4,8,61
5,44,0,6,5,27
3,67,0,7,9,47
7,72,0,7,2,64
1,50,1,4,1,22
9,82,0,9,5,80
9,45,0,7,9,43
5,62,0,4,5,46
9,79,1,7,8,77
6,41,1,7,4,28
5,54,1,8,8,42
3,62,0,4,4,39
8,61,0,9,1,55
4,48,0,7,0,27
3,86,1,9,8,68
6,79,0,6,9,68
8,69,0,4,6,62
9,55,1,4,2,53
6,98,0,4,5,85
5,85,0,8,9,72
2,86,1,4,3,62
2,91,1,8,8,70
9,69,1,6,1,68
2,84,1,5,3,58
2,48,1,8,0,25
3,40,0,7,6,19
3,98,1,4,3,80
4,77,0,5,4,59
7,47,0,8,0,36
9,98,1,9,1,95
2,98,1,9,3,77
4,91,0,7,1,74
9,57,0,5,0,49
2,66,0,6,9,43
1,57,1,8,0,28
8,71,0,9,5,68
9,97,1,9,1,98
7,88,0,8,2,76
8,71,0,9,4,67
4,92,0,6,2,76
4,87,1,9,5,71
2,84,1,8,6,65
8,93,0,4,9,87
2,75,0,9,5,53
9,75,0,8,1,72
4,60,1,4,8,42
1,85,1,9,1,58
4,71,1,9,5,55
3,70,1,8,8,51
6,76,1,7,8,66
7,55,0,7,1,46
8,85,0,5,8,82
2,85,0,7,7,63
6,53,1,6,6,43
6,96,0,5,7,81
5,63,1,7,9,52
7,64,1,4,7,55
3,85,0,8,0,65
4,90,0,7,8,76
9,74,1,4,5,67
4,56,1,5,0,37
3,85,0,8,0,65
2,81,1,7,6,59
5,84,1,5,9,70
4,93,1,7,1,76
8,43,0,5,5,36
7,50,1,7,4,38
6,86,1,4,4,74
2,54,1,6,9,29
3,69,1,4,5,49
9,63,1,8,7,61
9,41,1,7,4,41
5,82,1,6,7,67
3,73,0,6,4,52
2,62,0,8,9,40
8,70,0,8,5,61
6,76,1,6,7,68
7,52,0,8,1,42
1,72,0,8,6,45
1,46,1,7,2,17
2,71,0,4,8,47
3,46,1,9,9,28
1,81,1,5,6,55
5,77,1,6,2,62
3,91,0,5,7,72
1,83,1,6,9,59
8,52,0,6,1,41
6,63,1,4,9,51
9,67,1,6,7,67
3,71,0,6,6,53
9,82,1,4,4,79
9,57,0,8,3,54
1,73,1,9,9,51
3,87,1,5,9,67
6,73,1,6,0,63
8,90,1,4,3,83
4,77,1,6,5,61
5,40,1,4,5,24
9,82,1,5,1,78
6,89,1,7,8,82
7,81,0,8,0,72
7,70,0,7,3,63
4,89,0,4,3,71
4,99,1,6,1,83
4,40,0,8,7,23
5,90,0,5,1,74
5,55,1,9,1,42
8,97,0,8,1,93
9,78,1,6,0,73
2,54,0,7,4,30
7,72,0,4,3,62
1,62,0,7,1,34
1,92,0,8,0,66
4,80,0,9,0,63
7,73,1,6,1,62
2,56,0,4,0,32
2,64,1,6,8,42
1,95,0,6,1,66
2,81,1,9,2,59
7,45,0,8,8,37
9,70,0,7,4,65
6,44,0,6,7,34
2,79,0,6,6,56
9,79,0,6,5,76
7,69,1,4,1,57
1,44,0,6,3,17
9,51,0,6,8,46
2,46,1,8,6,24
4,84,0,6,2,66
9,52,0,9,5,50
4,88,0,9,7,71
3,43,0,6,7,22
1,89,0,9,7,65
7,81,1,8,7,74
6,42,0,4,9,27
4,51,1,9,5,34
6,40,0,9,9,29
6,66,0,7,2,52
4,82,1,8,8,67
6,89,0,9,2,75
8,52,0,4,3,44
3,56,1,7,9,37
4,47,0,6,0,30
1,71,0,8,1,46
4,59,1,9,5,46
9,90,1,6,0,86
8,56,0,8,8,51
4,73,0,7,7,58
7,74,0,9,1,65
3,74,1,4,1,55
9,77,1,8,7,75
4,81,0,4,7,63
2,63,0,6,0,41
5,93,0,6,4,81
2,57,1,7,1,34
6,89,1,7,0,77
1,85,1,5,2,58
6,87,0,5,2,74
4,78,0,7,9,62
3,72,0,9,8,55
2,88,1,6,9,67
7,62,0,4,0,49
9,64,1,7,1,60
3,76,0,9,8,58
6,66,1,4,4,52
9,40,0,5,8,33
2,60,0,4,5,35
7,98,1,7,9,94
5,88,0,6,9,74
5,49,1,7,2,37
7,70,0,8,7,62
9,83,0,9,8,82
4,64,0,9,1,47
9,59,1,9,8,61
9,96,0,8,3,91
4,41,1,8,7,25
3,94,0,6,4,73
2,87,0,9,5,63
9,54,1,7,3,51
2,67,0,8,4,44
6,52,0,7,0,39
5,89,1,5,2,74
5,99,1,9,3,85
4,91,0,8,0,74
6,93,1,8,2,81
5,53,1,6,3,38
4,89,0,7,8,70
9,41,1,6,2,37
6,73,1,6,2,61
3,74,0,7,3,51
6,76,1,5,8,65
1,64,1,7,8,39
5,87,0,5,0,71
6,93,0,6,7,82
8,54,1,5,9,49
9,51,0,9,0,48
3,48,1,5,1,26
2,97,1,5,9,75
4,70,1,8,4,54
8,53,1,8,5,45
8,68,0,6,1,60
3,92,0,7,9,73
4,87,1,5,4,71
3,82,0,9,2,61
2,77,1,8,6,55
4,81,1,7,0,62
6,99,0,9,4,90
5,47,0,5,2,31
3,87,1,7,1,65
2,42,0,9,2,19
9,41,1,4,9,37
1,55,0,9,3,32
9,58,0,9,1,55
1,69,1,5,1,42
7,80,0,7,2,74
6,55,0,5,1,42
7,70,1,5,5,61
3,93,1,4,1,69
3,97,1,9,0,78
1,67,1,7,7,39
4,43,1,6,9,25
2,49,1,8,3,26
8,90,0,5,1,83
3,84,1,5,3,64
7,57,1,5,1,45
7,86,1,5,4,76
9,71,0,8,6,70
6,69,1,6,5,59
1,75,1,4,1,48
8,48,0,6,3,41
1,75,0,8,7,50
3,68,1,7,6,52
5,55,0,4,6,38
8,67,0,4,3,59
9,60,1,7,0,59
7,86,1,9,6,76
9,95,1,5,5,92
3,41,0,8,7,19
5,99,1,7,4,88
8,98,0,6,7,90
1,85,1,6,9,57
8,74,0,9,7,69
7,93,1,7,8,87
1,67,0,8,0,38
6,94,1,9,2,81
1,75,1,9,5,51
2,70,1,9,3,48
5,72,0,4,7,55
2,62,0,4,9,41
1,99,1,5,0,71
6,80,0,8,4,69
8,56,1,6,3,53
8,85,0,6,0,77
8,88,1,5,9,83
6,40,0,6,5,27
3,81,0,9,9,63
1,62,0,5,2,35
2,87,0,5,4,65
5,66,0,7,5,48
5,64,1,4,3,47
1,71,0,8,9,47
1,58,0,8,9,31
9,63,0,4,5,58
2,96,0,9,6,72
7,42,1,8,1,33
4,99,0,6,6,81
7,51,0,6,6,45
8,74,1,8,1,65
5,54,1,7,2,39
1,56,0,8,2,30
4,89,1,5,0,72
3,71,0,9,0,54
5,46,0,5,9,33
6,58,1,4,5,44
2,46,0,9,8,24
7,44,1,9,8,37
3,97,1,6,0,76
1,79,0,9,6,55
3,60,0,7,5,40
9,87,1,8,3,87
6,87,0,5,2,77
6,90,1,6,8,82
4,96,1,6,9,80
8,86,1,7,4,81
5,46,1,7,7,34
7,76,0,7,3,70
9,62,0,7,3,58
5,50,0,5,5,34
5,49,0,7,5,36
4,96,0,6,2,79
6,60,0,6,1,48
2,94,1,9,8,73
3,98,0,8,1,78
1,80,1,6,8,55
2,72,1,6,7,49
2,59,1,5,9,36
8,72,0,9,6,67
8,79,1,6,4,74
2,74,0,4,2,51
6,73,1,6,1,61
5,75,0,8,7,58
3,66,0,8,1,43
5,58,0,9,7,48
5,82,0,9,4,65
5,44,0,7,8,33
3,68,1,5,3,47
3,95,0,8,7,76
4,49,0,4,6,30
7,95,1,4,7,86
2,98,0,7,4,74
4,94,0,5,1,76
4,79,0,5,6,61
1,52,0,9,2,27
8,68,0,6,9,62
1,44,1,4,9,17
8,97,0,4,9,91
7,97,1,4,9,87
9,98,0,4,1,92
8,51,1,8,2,45
5,98,1,5,3,83
8,52,1,6,9,47
3,61,0,8,6,42
7,79,0,5,9,70
4,54,1,7,0,36
5,52,0,4,5,35
9,40,0,6,5,36
7,93,1,5,7,82
4,77,0,7,1,59
6,82,1,4,1,69
7,84,0,7,0,74
9,92,1,7,2,88
4,91,0,8,6,75
3,40,0,7,7,21
8,50,1,8,6,45
1,97,1,9,8,72
9,82,0,8,7,78
1,79,1,7,7,53
2,61,1,5,1,34
8,74,1,7,0,68
9,99,1,7,5,97
7,90,1,5,6,81
3,83,0,4,5,62
7,45,1,6,6,36
6,67,1,9,7,54
2,70,1,4,1,45
3,94,1,7,0,74
5,47,0,4,9,32
4,44,1,6,7,30
2,81,0,4,7,57
4,93,0,6,7,76
8,87,1,4,9,81
5,83,1,8,6,70
5,56,0,7,1,40
3,77,0,6,3,56
8,48,0,9,8,42
6,49,1,7,7,39
2,59,0,8,3,39
2,53,1,4,7,26
9,53,0,7,9,50
7,65,0,4,5,53
9,68,1,4,8,65
6,88,1,7,0,76
5,66,0,6,5,54
1,64,1,6,3,39
6,55,1,7,2,43
6,75,0,6,4,60
3,73,1,5,9,53
3,55,1,4,7,36
3,72,0,7,9,53
3,42,0,9,5,22
7,62,1,8,0,54
2,50,1,7,5,27
2,87,1,7,6,68
3,97,0,4,5,73
7,57,0,8,2,49
3,86,1,4,8,66
7,80,1,9,9,72
9,83,1,6,9,78
4,68,0,7,3,50
7,98,0,4,4,88
9,89,1,9,4,86
8,44,1,9,2,36
8,63,1,5,1,56
9,68,1,7,7,65
5,68,0,9,6,52
5,99,1,6,4,87
3,65,1,4,0,42
5,79,0,4,9,64
8,42,1,5,0,34
5,41,1,6,7,29
4,64,1,9,3,46
8,58,1,5,3,53
7,79,1,9,8,72
6,41,1,9,1,30
5,58,0,7,4,43
5,40,1,8,5,24
2,66,0,9,5,43
4,93,0,4,9,77
8,84,0,9,2,81
8,94,0,5,9,88
1,91,1,9,5,67
2,88,1,4,9,62
5,74,1,4,9,57
9,80,1,5,4,79
7,44,0,4,7,35
5,77,0,6,3,62
1,43,0,6,9,19
6,56,1,8,9,46
8,92,0,6,2,85
7,60,1,5,5,52
2,92,0,9,9,71
5,87,1,6,8,71
4,70,0,8,7,55
9,87,0,7,9,86
1,61,1,7,7,39
6,50,0,5,2,39
3,73,0,8,0,52
9,88,1,6,2,85
5,54,0,8,2,36
6,89,0,4,5,78
9,49,0,8,2,43
9,77,0,6,1,73
8,71,1,5,8,67
9,92,1,4,5,85
4,87,0,8,4,70
6,70,1,7,2,56
5,76,0,6,6,61
5,83,1,5,6,69
4,67,0,9,3,50
2,70,0,6,9,47
6,45,1,8,1,33
9,53,0,5,1,48
1,97,0,7,7,70
7,62,0,4,3,51
6,55,0,8,6,44
3,64,1,5,2,42
1,78,1,4,8,55
4,41,1,5,9,22
9,77,1,9,8,76
2,80,0,8,6,58
3,78,0,5,6,56
2,73,0,7,0,52
2,90,0,5,9,65
8,79,1,8,7,75
3,82,1,5,1,61
7,64,1,4,7,52
8,75,0,4,1,67
3,55,0,9,0,36
2,96,0,6,7,74
8,57,0,9,3,52
3,52,1,6,9,31
7,98,1,7,5,88
1,76,1,4,9,50
6,66,0,6,9,55
9,73,1,5,0,71
3,50,0,7,8,32
7,40,1,8,6,29
6,52,1,6,4,40
8,69,0,9,5,67
3,44,0,6,2,22
3,57,0,9,8,38
4,53,1,9,1,36
3,52,1,4,9,31
9,71,1,7,0,68
4,46,1,9,0,28
6,47,0,4,9,34
8,89,1,4,1,82
8,46,0,9,5,44
5,91,1,7,5,77
5,88,0,5,8,73
6,55,0,6,9,44
7,82,1,4,3,69
7,70,1,6,7,62
4,90,0,7,3,72
6,66,1,5,2,56
7,99,0,8,3,91
5,72,1,5,0,54
5,92,1,7,8,76
2,68,1,5,4,45
7,47,1,8,6,39
6,72,1,4,2,59
1,80,0,5,4,55
4,58,1,9,9,46
3,60,0,9,3,40
3,80,0,7,6,58
7,60,0,5,4,47
4,64,1,8,1,47
8,81,0,7,2,77
9,95,0,5,7,92
3,62,0,7,2,39
5,50,0,9,6,33
4,72,0,8,4,52
6,59,0,4,6,46
4,64,1,8,9,46
8,65,0,4,8,57
3,79,0,6,6,62
5,91,1,9,5,78
1,51,0,9,0,25
6,71,1,9,3,58
5,72,1,8,7,59
8,49,0,4,0,40
9,43,0,6,5,39
8,54,1,6,1,46
8,90,1,6,8,87
3,45,1,7,7,27
4,66,1,8,8,52
4,44,0,8,8,25
5,44,1,9,1,30
9,57,1,8,1,54
9,67,1,8,8,65
1,74,0,7,1,47
8,98,1,8,3,94
1,61,1,4,1,33
2,73,0,6,0,49
7,43,0,7,9,36
8,57,1,7,6,49
1,80,1,9,4,54
3,90,1,8,2,71
7,65,0,6,7,56
9,81,0,4,4,77
8,61,1,6,0,54
8,86,1,5,8,82
9,72,1,6,4,66
3,82,0,4,2,60
8,53,1,4,5,45
1,70,1,4,7,46
8,49,0,7,1,41
7,90,1,7,2,82
8,63,0,5,6,56
1,60,0,6,1,33
6,87,1,8,4,77
7,47,0,9,8,39
5,71,0,5,6,57
5,70,1,8,2,59
7,73,0,8,1,67
3,62,0,5,9,41
6,64,1,6,8,54
7,46,1,9,8,39
1,58,1,8,8,34
2,46,1,7,9,24
4,86,1,7,2,66
8,47,0,5,0,42
6,53,0,9,8,43
1,40,0,9,6,15
5,52,0,8,1,37
7,42,0,5,5,32
6,92,1,9,8,82
9,67,1,9,7,63
8,77,1,7,5,75
4,90,1,5,5,72
5,54,0,8,7,40
7,75,1,8,8,66
8,92,1,7,7,87
5,42,0,4,0,22
9,43,0,4,1,38
4,44,1,9,5,27
4,89,0,6,7,72
8,65,0,7,3,59
1,64,1,6,3,36
8,49,0,9,1,43
5,47,1,7,9,33
1,51,0,8,0,27
4,93,0,7,9,77
2,97,0,5,8,72
4,98,0,6,6,81
8,42,1,7,8,37
5,66,0,6,1,51
1,89,1,9,9,66
7,62,1,7,4,53
1,79,0,4,1,53
9,97,0,6,9,92
3,72,1,8,6,53
3,53,0,8,8,33
6,93,0,7,2,81
6,62,1,8,0,51
6,70,0,8,3,58
1,52,1,6,3,25
5,96,0,7,5,82
6,51,0,6,4,37
8,74,0,7,4,67
1,57,0,8,8,29
5,60,0,7,0,43
3,84,0,9,7,68
2,86,1,7,7,64
8,81,1,5,7,75
7,40,0,7,2,30
7,77,0,5,9,68
5,80,1,6,7,66
9,81,1,5,1,74
5,86,1,6,7,72
2,48,0,7,7,27
3,62,0,6,2,41
4,53,0,8,3,32
5,50,1,9,8,37
3,46,1,7,8,28
7,70,0,5,9,58
5,63,1,9,8,50
5,65,0,4,9,50
6,69,0,9,5,58
7,73,1,7,0,67
8,85,0,9,7,80
9,77,1,9,8,75
4,44,1,8,7,25
5,44,0,6,0,27
5,58,0,9,5,45
8,90,1,5,8,85
9,77,0,5,8,72
7,67,1,8,6,59
5,65,0,9,6,53
3,81,1,9,3,62
1,62,1,8,6,37
9,85,0,7,9,83
5,88,0,4,4,69
9,69,1,4,9,66
4,42,1,6,4,24
5,67,1,5,0,51
4,72,1,7,1,53
2,81,0,5,8,58
1,42,0,7,1,15
8,44,0,8,9,39
4,96,1,6,1,79
5,58,0,8,8,42
6,81,1,5,2,69
8,97,1,6,1,91
8,96,0,9,6,93
7,87,0,7,8,79
4,40,1,7,5,23
6,77,1,6,6,66
4,48,0,8,2,30
7,99,1,6,2,88
1,44,0,8,7,18
5,98,0,6,6,84
4,85,1,8,4,68
7,81,1,4,5,72
9,73,1,6,8,70
5,76,1,8,2,62
4,72,1,9,2,56
9,64,0,5,5,60
5,81,0,5,7,67
9,68,0,6,4,64
8,97,0,6,0,89
4,64,1,7,2,46
7,93,0,8,7,85
5,98,1,6,3,82
4,48,1,5,8,28
5,42,1,5,5,27
5,54,1,5,9,41
9,43,1,8,3,42
9,84,0,4,3,81
6,77,1,6,9,69
4,59,1,4,4,42
2,88,0,8,6,64
3,62,0,9,6,45
2,76,0,6,9,53
5,86,1,7,6,73
6,47,1,6,4,33
5,96,1,6,8,86
2,76,1,6,1,49
5,95,0,6,7,84
9,84,0,9,9,83
4,72,0,6,7,55
2,72,0,8,2,48
3,46,0,6,4,26
3,61,0,9,7,42
9,44,1,8,9,42
4,85,1,6,8,66
1,54,0,6,6,27
1,60,0,8,3,34
7,64,0,6,3,54
7,56,0,9,2,47
2,95,1,5,7,69
9,89,1,6,5,86
9,46,1,7,9,42
5,93,0,8,5,78
3,97,0,9,9,77
3,89,0,6,9,67
3,99,1,6,8,80
6,58,1,8,2,49
4,91,1,4,3,75
8,46,0,9,2,39
5,79,1,9,2,66
1,84,1,5,0,57
9,98,0,5,9,97
1,89,1,6,5,65
6,63,0,8,8,51
1,50,0,7,4,24
3,80,0,6,9,58
5,94,1,5,1,76
7,40,1,6,9,33
8,93,0,8,3,88
9,71,1,9,5,69
6,79,0,9,6,69
9,92,1,9,6,94
8,83,0,9,3,75
9,41,0,7,9,38
4,54,1,4,9,36
9,60,0,7,4,54
7,63,0,6,3,53
5,89,0,5,9,77
5,56,0,8,5,42
1,86,0,6,6,59
2,91,1,4,1,67
3,91,1,8,9,73
8,48,0,8,2,42
6,74,1,8,7,67
5,59,0,6,6,44
1,58,0,4,0,29
9,57,0,6,3,55
3,59,0,8,4,40
3,69,0,8,2,49
2,79,1,5,3,55
4,40,1,7,9,23
2,63,1,6,9,41
9,63,1,4,9,63
7,86,1,8,6,79
8,58,1,6,7,52
3,69,0,7,8,49
6,65,1,6,1,51
6,81,0,7,3,69
1,83,0,6,0,56
6,99,1,5,2,87
3,77,1,6,7,58
3,68,0,9,6,48
3,52,0,5,7,31
8,43,0,7,5,35
5,84,0,8,4,73
4,56,0,8,9,41
9,72,1,6,8,69
9,44,1,4,4,39
1,67,0,6,8,41
2,63,0,5,3,41
8,56,0,5,4,48
5,89,0,7,0,71
7,78,0,6,5,69
1,87,0,7,2,60
5,79,0,4,9,66
3,83,0,8,1,63
2,85,1,8,5,63
2,90,0,6,0,66
9,50,0,7,8,50
4,51,1,7,4,31
4,52,0,4,6,31
7,47,0,7,9,39
2,40,0,9,8,18
3,48,0,9,8,29
3,67,1,5,6,44
6,41,0,9,3,26
3,53,0,9,3,33
5,52,0,5,6,34
4,87,1,9,7,75
3,41,0,9,6,19
8,43,0,5,9,34
3,51,1,6,3,30
6,87,1,5,3,75
7,49,1,5,7,37
7,42,1,9,8,32
2,43,0,8,6,20
3,45,1,9,2,25
4,62,1,6,9,42
7,44,1,5,0,32
2,89,0,4,4,67
3,42,1,5,5,20
7,49,0,6,8,40
7,82,0,7,4,71
3,58,1,9,0,40
1,53,0,8,3,27
3,60,1,8,1,40
5,99,1,9,3,86
7,82,0,9,6,77
4,67,0,6,8,50
1,60,0,5,2,34
6,75,0,4,2,58
2,63,1,5,3,40
3,93,0,5,6,72
4,77,0,4,5,58
6,56,0,8,4,44
6,61,0,5,3,50
7,58,1,7,7,52
5,84,1,7,3,72
7,93,0,6,2,84
2,49,0,6,6,24
1,50,1,4,1,22
8,77,1,4,3,72
1,41,1,6,7,15
2,72,1,9,3,53
6,82,0,5,9,67
1,70,0,9,6,45
3,87,1,8,1,66
7,74,1,7,4,66
8,76,0,4,3,68
4,86,0,6,8,69
3,86,1,7,6,66
1,75,0,9,8,51
9,62,1,4,9,57
6,75,0,4,6,62
6,79,0,5,1,66
9,78,1,4,1,74
1,65,0,8,1,42
6,64,1,4,4,50
5,56,0,8,0,41
6,54,1,9,6,44
8,76,1,5,1,69
5,84,1,8,3,70
2,43,0,9,8,21
2,61,1,7,7,39
5,56,1,4,9,41
3,61,0,6,1,39
3,56,0,6,3,32
8,53,1,8,3,47
7,53,1,5,1,43
1,56,0,8,1,30
5,47,0,9,4,33
9,73,0,9,3,70
4,65,1,8,7,48
1,84,0,8,3,56
8,69,1,7,7,62
5,61,1,9,4,51
2,55,1,7,0,33
1,69,0,8,8,44
3,55,0,5,7,35
9,77,0,4,0,72
1,93,1,9,2,68
4,63,1,6,2,45
8,75,0,7,4,66
8,74,0,9,6,69
8,45,1,4,0,34
8,43,1,7,0,38
4,57,1,9,9,42
8,45,1,7,5,42
9,65,0,7,4,62
7,76,1,8,2,66
2,66,1,8,2,45
9,80,0,7,3,77
8,50,0,7,9,47
5,77,0,6,1,63
3,55,0,4,8,34
7,58,1,4,3,50
2,82,1,5,9,61
3,92,1,5,2,71
9,54,1,5,9,48
4,65,1,8,6,49
4,95,0,8,8,79
3,80,0,6,1,60
5,95,1,8,5,84
3,70,0,5,4,49
9,58,1,9,0,55
3,96,1,7,6,77
2,90,1,5,0,66
5,63,1,6,9,48
6,97,1,7,8,86
1,48,0,8,3,22
6,62,0,7,7,51
3,43,1,9,0,20
4,49,1,6,4,29
6,48,0,8,2,36
8,58,1,4,3,51
9,54,1,5,3,50
6,90,1,9,7,81
7,73,0,9,9,64
5,81,1,5,9,67
9,58,1,6,2,54
4,88,0,6,0,66
6,91,1,9,4,81
5,95,1,5,1,78
1,60,0,7,5,31
5,73,0,4,3,58
5,90,1,4,8,79
9,56,0,6,6,52
1,57,1,6,1,29
5,56,1,7,6,42
7,41,0,6,9,32
6,90,1,4,7,78
6,40,0,5,2,26
7,82,0,9,2,75
6,96,0,4,1,83
5,49,1,7,0,36
5,76,0,5,2,57
9,87,1,5,9,85
8,95,0,9,6,89
4,44,0,4,8,25
4,95,1,5,8,78
5,94,1,5,5,79
3,51,0,6,5,29
8,75,1,5,4,66
7,70,1,7,1,63
5,94,0,5,6,77
3,77,0,6,0,54
5,90,1,8,5,77
3,48,0,8,3,26
5,83,0,7,2,65
1,65,0,9,0,40
6,54,1,9,5,44
4,55,1,7,6,38
4,52,1,5,0,33
8,64,0,5,0,56
2,69,1,8,6,49
4,92,0,8,5,73
2,95,0,4,6,72
1,46,0,8,7,20
3,96,0,8,7,79
8,94,1,7,8,89
6,91,0,4,8,78
7,43,0,9,6,33
2,82,1,4,8,61
6,79,0,5,5,65
8,77,1,5,8,74
8,96,1,4,1,89
4,69,1,4,1,48
6,49,0,5,5,34
5,69,1,7,2,53
9,78,0,7,1,72
8,46,1,7,7,39
2,75,1,7,6,50
7,74,1,5,7,62
7,63,1,6,5,54
1,78,0,8,8,56
1,75,0,8,8,50
4,84,1,8,1,67
5,59,1,8,9,46
4,88,1,5,4,70
7,71,0,6,8,62
3,98,1,5,2,75
7,78,1,6,4,66
8,88,0,5,7,83
6,65,1,4,1,52
6,65,1,6,5,53
8,75,1,8,3,70
8,82,1,6,5,76
7,74,0,9,2,68
6,82,0,7,5,68
6,74,0,6,6,62
6,51,1,9,9,41
8,72,1,7,2,68
1,75,0,9,4,47
5,53,1,7,7,39
3,72,1,4,1,49
8,85,0,6,6,78
6,84,0,9,0,74
2,84,1,4,6,61
7,63,0,8,0,54
7,54,1,6,3,47
5,70,0,5,3,54
8,56,0,5,4,50
5,51,1,5,1,35
1,61,1,9,5,34
9,62,0,9,5,60
4,65,1,7,7,49
2,53,1,5,9,30
4,51,1,8,0,31
9,89,0,9,3,84
2,43,1,6,1,19
4,98,1,9,7,85
2,85,0,6,3,63
5,90,0,9,7,77
3,52,0,7,1,31
2,96,0,7,3,73
9,94,1,7,8,92
5,57,1,8,4,43
5,82,0,9,5,71
1,67,0,6,9,41
6,77,1,9,8,70
7,80,1,4,8,71
1,83,0,7,6,57
9,58,1,5,1,54
8,85,1,4,6,76
8,86,0,4,8,76
7,82,0,7,1,71
5,77,0,5,6,65
3,85,0,7,6,68
9,42,1,7,2,35
7,58,0,5,5,48
8,59,1,4,7,52
6,64,1,4,9,55
5,50,1,9,7,37
8,95,0,5,2,88
3,56,1,4,5,34
7,99,0,8,1,90
2,98,0,7,1,77
3,88,0,8,7,66
2,94,1,8,9,73
5,74,0,9,4,60
7,53,0,9,4,46
1,98,1,9,3,75
9,78,0,8,9,76
1,96,1,6,3,67
1,58,1,6,7,32
8,42,0,8,2,37
6,73,0,7,2,63
6,97,0,8,7,88
9,88,0,8,2,83
4,80,1,9,1,62
8,61,0,9,4,56
4,77,0,9,2,59
2,95,1,6,5,72
8,66,0,8,6,59
7,60,0,7,2,50
4,80,0,7,8,63
9,70,0,9,9,69
9,66,0,9,0,63
8,76,1,8,6,74
1,41,0,7,3,14
7,93,1,8,6,89
5,86,1,6,8,75
7,48,1,8,8,37
9,58,1,9,0,52
2,81,0,4,9,57
4,75,0,6,3,58
4,49,1,7,6,33
2,98,0,7,9,76
3,79,0,9,5,60
8,93,1,9,8,92
9,84,0,6,6,82
6,78,1,9,2,67
2,46,1,4,6,23
2,43,0,6,9,22
7,54,0,9,4,47
8,51,0,5,1,43
8,87,1,4,9,81
6,45,1,6,2,35
8,99,0,5,5,90
1,48,1,8,5,25
9,74,0,4,6,70
1,47,0,8,5,21
3,46,0,5,8,22
9,43,0,7,4,39
5,97,1,7,4,82
9,52,0,9,7,50
9,58,1,7,7,53
6,46,1,8,0,34
1,49,1,4,2,21
7,64,1,8,5,58
6,83,1,8,5,76
9,97,1,7,0,94
7,74,0,8,1,65
